scenario,policy,run,total_cost,stockouts,service_level,collapse_events,avg_backorders,avg_inventory,time_to_first_collapse
baseline,no_intervention,0,7111985866.1342325,16382.0,0.421970186651549,16338.0,28837.405750405065,34.3309928778853,1.0
baseline,no_intervention,1,7114549130.426006,16388.0,0.42446553911190826,16347.0,28834.36126624904,33.679085094427926,1.0
baseline,no_intervention,2,7106134337.518752,16386.0,0.42281706572800193,16358.0,28793.673014963468,33.23055196818224,1.0
baseline,no_intervention,3,7076444517.20012,16389.0,0.42535848360362993,16355.0,28685.911024273795,34.134156959007335,1.0
baseline,no_intervention,4,7072478097.445819,16379.0,0.4258116444535864,16341.0,28591.532254681773,33.53065492862616,1.0
baseline,no_intervention,5,7160232209.632785,16383.0,0.4217691914533128,16352.0,28899.6782863843,34.033396812634315,1.0
baseline,no_intervention,6,7083763511.387155,16385.0,0.4250929934422127,16347.0,28676.336477876437,32.30554866705123,1.0
baseline,no_intervention,7,7083334684.920212,16384.0,0.4249684555391184,16349.0,28681.06666125285,32.909643885911166,2.0
baseline,no_intervention,8,7104375222.483192,16385.0,0.42310302703335406,16353.0,28729.123635942386,33.04365144045633,1.0
baseline,no_intervention,9,7134598232.217587,16381.0,0.42203658698287244,16348.0,28861.800234577688,33.13428213885426,2.0
baseline,no_intervention,10,7078912113.906656,16393.0,0.42462593952618477,16349.0,28638.92562007764,33.222782980185265,1.0
baseline,no_intervention,11,7108183254.927284,16385.0,0.42338052116778113,16343.0,28788.78923864338,33.30035455596163,1.0
baseline,no_intervention,12,7108683781.5117655,16385.0,0.4225229421357502,16350.0,28791.200922119533,33.77591485902777,1.0
baseline,no_intervention,13,7142407137.729548,16385.0,0.42339723551311764,16348.0,28818.450519828733,33.9511141672784,1.0
baseline,no_intervention,14,7097084318.153824,16386.0,0.423710861694938,16340.0,28706.148807750622,33.589345945500234,1.0
baseline,no_intervention,15,7114080949.526822,16385.0,0.42375962354926905,16346.0,28779.632663334207,32.444533919247384,1.0
baseline,no_intervention,16,7088929301.951563,16387.0,0.42515037811924217,16348.0,28674.320215784526,32.8559490825131,1.0
baseline,no_intervention,17,7091598008.277078,16382.0,0.4253333328079307,16357.0,28670.460421256535,33.05523326212717,1.0
baseline,no_intervention,18,7120011828.27348,16381.0,0.42181297811793644,16352.0,28831.245291321688,32.32231841633669,1.0
baseline,no_intervention,19,7055190727.378294,16388.0,0.4238848264519713,16361.0,28593.276567387056,33.94136400896025,1.0
baseline,no_intervention,20,7110578162.343782,16386.0,0.423519857422227,16353.0,28735.311212917855,34.44593065844018,1.0
baseline,no_intervention,21,7098649675.365419,16387.0,0.42464414301628534,16356.0,28732.08060736613,33.269612164462814,1.0
baseline,no_intervention,22,7087951912.392555,16381.0,0.42312862353707725,16352.0,28738.576364523386,33.59545617382435,1.0
baseline,no_intervention,23,7089554308.226244,16392.0,0.42318817135036774,16361.0,28724.866243379423,33.68135023490411,1.0
baseline,no_intervention,24,7116517766.941314,16390.0,0.4219447329291524,16354.0,28794.330007073742,33.69406791313281,1.0
baseline,no_intervention,25,7098520574.321589,16382.0,0.4244058837377377,16341.0,28707.379964005915,33.18949858855542,1.0
baseline,no_intervention,26,7055380340.3222275,16385.0,0.426106607752013,16339.0,28596.468872587306,32.43551973900045,1.0
baseline,no_intervention,27,7128839933.931992,16383.0,0.4225903781866314,16347.0,28866.20337026509,33.722492349292935,1.0
baseline,no_intervention,28,7127355849.592872,16387.0,0.4231455072730734,16352.0,28815.626446830098,33.486320276306266,1.0
baseline,no_intervention,29,7103153105.417493,16383.0,0.42357166192553136,16353.0,28727.222486682258,33.322673885365,1.0
baseline,no_intervention,30,7082905060.241118,16388.0,0.4243329358500178,16351.0,28695.80238973163,33.65322255299673,1.0
baseline,no_intervention,31,7105653898.620056,16384.0,0.42345377907093357,16349.0,28783.868602126473,32.66271760501574,1.0
baseline,no_intervention,32,7062800632.26992,16384.0,0.42520713071774274,16348.0,28580.4649712228,33.34862639117802,1.0
baseline,no_intervention,33,7107066212.491603,16384.0,0.42448696458468255,16353.0,28686.906869215454,33.69139483339587,1.0
baseline,no_intervention,34,7105104242.569698,16383.0,0.4254759461967681,16350.0,28757.099100334504,33.79596231902647,1.0
baseline,no_intervention,35,7127251195.996106,16386.0,0.42271103213825006,16354.0,28815.486227660505,33.98731368215882,1.0
baseline,no_intervention,36,7088569556.278957,16391.0,0.4241939910480307,16353.0,28682.024784592606,32.55629709177951,1.0
baseline,no_intervention,37,7085446777.795658,16387.0,0.42447045267668226,16349.0,28638.76280597362,34.34392742664497,1.0
baseline,no_intervention,38,7143382739.286881,16383.0,0.4225316908172136,16351.0,28866.98207361203,33.197620073405645,1.0
baseline,no_intervention,39,7081824737.521766,16388.0,0.425901870479333,16353.0,28640.449314983147,32.662849447058164,1.0
baseline,no_intervention,40,7080142023.402663,16386.0,0.4255570021016992,16346.0,28642.13168550331,33.03714202675868,1.0
baseline,no_intervention,41,7093659707.235838,16386.0,0.4248848249082563,16360.0,28728.093299261072,33.16884111834679,1.0
baseline,no_intervention,42,7113192443.000124,16388.0,0.4236283512246183,16347.0,28725.609762589887,33.53820642802408,1.0
baseline,no_intervention,43,7119594927.566799,16385.0,0.42252207907982725,16353.0,28832.66672860788,33.007220240028936,1.0
baseline,no_intervention,44,7060233143.591135,16384.0,0.4259194957902364,16348.0,28618.626054947334,34.23962653223561,1.0
baseline,no_intervention,45,7089960994.427162,16384.0,0.42387925382406894,16347.0,28745.20315636834,33.07775056409074,1.0
baseline,no_intervention,46,7079910436.482144,16385.0,0.42496204129059517,16356.0,28721.28201060493,33.86516335821436,1.0
baseline,no_intervention,47,7067648615.910236,16384.0,0.4253549770811707,16356.0,28568.96289544079,34.698535221622166,1.0
baseline,no_intervention,48,7110214188.716404,16387.0,0.42269428089679967,16363.0,28822.61058052577,33.694282140610945,1.0
baseline,no_intervention,49,7096051020.881091,16385.0,0.4252180513445122,16349.0,28667.538448525225,33.9534873380397,1.0
baseline,no_intervention,50,7107492609.515252,16382.0,0.4248350977557377,16353.0,28662.5344702535,33.4648130397636,1.0
baseline,no_intervention,51,7093611031.649733,16387.0,0.4239662334750488,16357.0,28683.604791923502,32.659440209168274,1.0
baseline,no_intervention,52,7073235366.893645,16389.0,0.4246285404223425,16339.0,28643.593629826464,33.41879610296412,1.0
baseline,no_intervention,53,7113081790.45797,16384.0,0.4239452422599978,16345.0,28787.089834409715,33.03101844688879,1.0
baseline,no_intervention,54,7085092967.134342,16384.0,0.42470072554921084,16343.0,28633.9086862502,32.882465565719485,1.0
baseline,no_intervention,55,7101065929.68214,16387.0,0.4230957742230379,16344.0,28707.172395311198,33.560589626727776,1.0
baseline,no_intervention,56,7105304698.393895,16385.0,0.42343867662175105,16346.0,28706.720210919182,33.292265480087885,1.0
baseline,no_intervention,57,7062660675.856444,16384.0,0.4252132914019348,16332.0,28622.215720465385,33.32272678226465,1.0
baseline,no_intervention,58,7103148317.916646,16383.0,0.4238334242452593,16339.0,28712.102487938693,33.783323738929944,1.0
baseline,no_intervention,59,7091830022.77717,16386.0,0.4255203120768362,16347.0,28700.11772928501,32.9202690148243,1.0
baseline,no_intervention,60,7097990167.623338,16395.0,0.4244538176701348,16343.0,28725.92532181175,33.672582353854715,1.0
baseline,no_intervention,61,7117327334.439579,16384.0,0.42352969118647305,16356.0,28782.940555833884,33.24061620960536,1.0
baseline,no_intervention,62,7113986544.623064,16388.0,0.4254897698598493,16350.0,28783.449993645754,33.61015256203972,1.0
baseline,no_intervention,63,7092345151.704418,16385.0,0.42515517573163353,16361.0,28661.532311464613,33.26370985583123,1.0
baseline,no_intervention,64,7155883441.03859,16385.0,0.42185632311840876,16348.0,28961.39306186359,33.206943682098256,2.0
baseline,no_intervention,65,7091396260.09795,16388.0,0.4246292954758721,16348.0,28676.217711939076,33.159677094577006,1.0
baseline,no_intervention,66,7140804095.397961,16381.0,0.4205540944340593,16348.0,28935.388101638462,33.45036182738505,1.0
baseline,no_intervention,67,7088398514.184067,16382.0,0.424327756953912,16354.0,28722.002690335983,34.092238632678715,1.0
baseline,no_intervention,68,7064760757.119649,16379.0,0.4268935842109284,16348.0,28555.73603298373,33.45850391369107,1.0
baseline,no_intervention,69,7067908246.839102,16385.0,0.42515248634168246,16336.0,28596.676637402037,32.15497419811073,1.0
baseline,no_intervention,70,7087713634.597327,16384.0,0.4248339886019241,16346.0,28689.720410858325,33.0103574682729,1.0
baseline,no_intervention,71,7099108022.908422,16387.0,0.42398619092444395,16355.0,28748.41506257357,33.103442061176864,1.0
baseline,no_intervention,72,7091076360.796709,16377.0,0.4257056155412762,16334.0,28678.947175159592,32.987763323707206,1.0
baseline,no_intervention,73,7108968082.361075,16382.0,0.42422427268176605,16353.0,28762.395591390385,33.58714561784762,1.0
baseline,no_intervention,74,7105437732.714844,16383.0,0.42121624087494064,16344.0,28774.623443810946,34.288326112843045,1.0
baseline,no_intervention,75,7083214214.079263,16382.0,0.4231532954126076,16350.0,28671.514315794404,33.01981298170819,1.0
baseline,no_intervention,76,7093180386.68955,16389.0,0.4241649883669828,16339.0,28659.220966300978,34.21943173014348,1.0
baseline,no_intervention,77,7133610319.172389,16376.0,0.4221294855266251,16340.0,28893.765259021464,33.13235276479779,2.0
baseline,no_intervention,78,7085473186.572911,16387.0,0.42634695157509533,16344.0,28678.994777731616,32.822188589902225,1.0
baseline,no_intervention,79,7129939281.329341,16386.0,0.4204980171011714,16353.0,28843.427352299448,33.58858007175291,1.0
baseline,no_intervention,80,7073591256.710046,16387.0,0.42335142287409616,16349.0,28676.5645288082,32.35136349233932,1.0
baseline,no_intervention,81,7106367517.51789,16386.0,0.42394415308007755,16352.0,28784.206664489244,33.91865670312659,1.0
baseline,no_intervention,82,7111565081.899587,16382.0,0.42384057296750305,16337.0,28781.190952633773,33.05692695659878,1.0
baseline,no_intervention,83,7133534392.252892,16387.0,0.4229914039756626,16353.0,28834.148999742472,32.86695606176568,1.0
baseline,no_intervention,84,7048556754.138932,16387.0,0.4253585375999551,16356.0,28535.200412799066,33.65503934456181,1.0
baseline,no_intervention,85,7139740010.530924,16388.0,0.4207752337639762,16360.0,28936.22154526651,34.34962881608283,1.0
baseline,no_intervention,86,7149081280.124308,16387.0,0.42278937478925593,16359.0,28901.337623643212,31.81817337247195,1.0
baseline,no_intervention,87,7098985932.797998,16387.0,0.42445436479740595,16345.0,28668.55113053864,33.142595829345034,1.0
baseline,no_intervention,88,7125762299.500291,16383.0,0.4233979082876779,16341.0,28862.02400109153,33.73060530274031,1.0
baseline,no_intervention,89,7080274220.307511,16384.0,0.42456786801752233,16334.0,28691.258297417487,32.746092998509376,1.0
baseline,no_intervention,90,7107439066.331432,16389.0,0.42316019484634065,16350.0,28738.00402439385,34.35010961109101,1.0
baseline,no_intervention,91,7105739967.807723,16390.0,0.4228077101303761,16355.0,28820.708855552984,33.98963445123955,1.0
baseline,no_intervention,92,7111321332.121441,16384.0,0.4245013278456364,16335.0,28811.9130551363,34.536180279022396,1.0
baseline,no_intervention,93,7129019221.777371,16381.0,0.4223971899404214,16348.0,28805.39425831615,33.92957373687721,1.0
baseline,no_intervention,94,7107555642.529,16375.0,0.4251025981191793,16325.0,28675.129178877844,33.584298599274604,1.0
baseline,no_intervention,95,7052515443.608078,16382.0,0.4268400086039808,16345.0,28575.76197097601,31.81426741828998,2.0
baseline,no_intervention,96,7068548993.564869,16382.0,0.4253643192845311,16350.0,28616.76149648272,33.18075622047834,1.0
baseline,no_intervention,97,7065235863.019986,16387.0,0.425486999860828,16352.0,28574.051607069327,33.17602072983311,1.0
baseline,no_intervention,98,7086158636.513327,16389.0,0.42474857077305195,16358.0,28723.108769136743,32.752741821276985,1.0
baseline,no_intervention,99,7094364750.874096,16392.0,0.4250745835153134,16357.0,28683.41276421578,34.32764378478016,1.0
baseline,no_intervention,100,7136160200.533823,16388.0,0.4223647724905518,16349.0,28830.95748692274,33.14186060580877,1.0
baseline,no_intervention,101,7071581866.00342,16387.0,0.4257870457161163,16354.0,28602.199093712723,34.18602000367061,1.0
baseline,no_intervention,102,7078775814.07398,16387.0,0.4253711298219866,16354.0,28581.483440336135,33.1671507697999,1.0
baseline,no_intervention,103,7073673439.824578,16391.0,0.4235982506284626,16353.0,28617.21778220862,33.680483226268436,1.0
baseline,no_intervention,104,7128501487.113305,16389.0,0.4214422403914507,16350.0,28944.777777341747,34.30225219994629,1.0
baseline,no_intervention,105,7099341133.940249,16385.0,0.4231070520191764,16355.0,28780.031578953185,34.42896840742607,1.0
baseline,no_intervention,106,7100688811.620603,16388.0,0.4237699112422659,16350.0,28753.20456260595,33.72031473215815,1.0
baseline,no_intervention,107,7094302848.918893,16392.0,0.4238406343669397,16358.0,28753.42604207199,32.45818673658848,1.0
baseline,no_intervention,108,7115731843.445879,16386.0,0.42251286511673763,16355.0,28837.220436562126,34.310773491915505,1.0
baseline,no_intervention,109,7070746676.852982,16387.0,0.4249661963897443,16358.0,28639.01607749172,33.1039767170082,1.0
baseline,no_intervention,110,7104617788.619248,16382.0,0.42332248276286394,16354.0,28770.55430890409,33.10449268482458,1.0
baseline,no_intervention,111,7119726341.791825,16391.0,0.4226160338857066,16348.0,28800.346989531663,33.739592302700295,1.0
baseline,no_intervention,112,7067650457.851137,16385.0,0.4250072407002979,16347.0,28590.786912395957,33.048604258626696,1.0
baseline,no_intervention,113,7092155776.461136,16384.0,0.42475784355683893,16354.0,28652.81921477884,32.77469069913944,1.0
baseline,no_intervention,114,7088924943.400334,16379.0,0.42502651419702864,16332.0,28658.674275817528,34.00674850794917,1.0
baseline,no_intervention,115,7124823808.958452,16387.0,0.4219486667560882,16356.0,28843.173245644342,33.93529323510796,1.0
baseline,no_intervention,116,7076110961.7954035,16386.0,0.424352490261311,16346.0,28672.040886833456,32.99815132908584,1.0
baseline,no_intervention,117,7118984427.636131,16382.0,0.42300863317021375,16347.0,28835.557612676286,33.099473597587014,1.0
baseline,no_intervention,118,7092444385.348204,16385.0,0.4246499435528492,16347.0,28630.33835013615,33.11388606093681,1.0
baseline,no_intervention,119,7111240338.101427,16384.0,0.42332518446305967,16338.0,28817.174004521155,33.37224804560438,1.0
baseline,no_intervention,120,7088518666.696367,16384.0,0.425117773590431,16349.0,28698.582829912066,33.224391709666776,2.0
baseline,no_intervention,121,7083781094.998149,16385.0,0.4246749721151105,16354.0,28690.253370293067,33.54330146238357,1.0
baseline,no_intervention,122,7072087846.853963,16385.0,0.42556648863655633,16331.0,28642.801794163486,33.23524092684143,1.0
baseline,no_intervention,123,7126270600.868467,16385.0,0.4228177814485303,16353.0,28873.218782756707,33.80863001883555,1.0
baseline,no_intervention,124,7107926106.452119,16385.0,0.4242271210491964,16354.0,28756.674188028228,34.39558591224038,1.0
baseline,no_intervention,125,7086697933.647019,16389.0,0.4235140053435319,16347.0,28722.263491393864,33.33119323492856,1.0
baseline,no_intervention,126,7083473097.676378,16383.0,0.42418588249721256,16346.0,28693.292561530325,33.16971646505611,1.0
baseline,no_intervention,127,7075272162.311743,16393.0,0.4253475532474014,16355.0,28658.30652410909,32.699266819060185,1.0
baseline,no_intervention,128,7091084952.826397,16391.0,0.4248371245683475,16353.0,28679.35757544126,32.951028144843065,1.0
baseline,no_intervention,129,7111529894.73075,16387.0,0.4213483635514199,16352.0,28819.03688167454,34.12735248088098,1.0
baseline,no_intervention,130,7053415555.624282,16385.0,0.42543058342474743,16349.0,28559.83788956007,32.846052159719626,1.0
baseline,no_intervention,131,7072439220.961731,16388.0,0.42683221998110765,16347.0,28651.62259695021,33.8460049902301,1.0
baseline,no_intervention,132,7142659214.407143,16387.0,0.4221884198969868,16361.0,28877.038682379643,33.025534500876454,1.0
baseline,no_intervention,133,7111548427.875332,16383.0,0.4238550724249928,16354.0,28763.246115338687,32.68209502389268,1.0
baseline,no_intervention,134,7053601510.012505,16382.0,0.42734429034030075,16346.0,28508.48275771832,32.699636023310674,1.0
baseline,no_intervention,135,7137464546.672828,16384.0,0.420931417759827,16351.0,28879.876395052273,33.513331680786514,1.0
baseline,no_intervention,136,7136845136.970914,16390.0,0.42440156862599,16353.0,28818.747103333742,34.269443816004596,1.0
baseline,no_intervention,137,7130276193.160323,16387.0,0.42174234415393375,16359.0,28830.895820981317,33.98463973020472,1.0
baseline,no_intervention,138,7080900297.964459,16390.0,0.4231702344697364,16353.0,28718.845460905424,35.068144719841236,1.0
baseline,no_intervention,139,7095517288.558075,16386.0,0.4236313597055485,16349.0,28788.587826605333,33.799873935409586,1.0
baseline,no_intervention,140,7141284942.7894745,16390.0,0.422620028424933,16356.0,28842.694119958094,31.958012810667235,1.0
baseline,no_intervention,141,7145775972.723339,16384.0,0.4207345792186954,16354.0,28889.5334572652,32.317825339488486,1.0
baseline,no_intervention,142,7132259580.273979,16389.0,0.4221912274428258,16350.0,28840.29283175119,32.23162063575556,1.0
baseline,no_intervention,143,7106155879.4768715,16386.0,0.42462614416956346,16352.0,28716.23442728639,33.58957056034099,1.0
baseline,no_intervention,144,7103594638.941886,16386.0,0.42544917488825246,16353.0,28749.62537127167,32.48329707381058,1.0
baseline,no_intervention,145,7099734486.727775,16388.0,0.4239114252228989,16354.0,28704.10974950219,33.6557437931256,1.0
baseline,no_intervention,146,7109448291.042695,16380.0,0.42190163311201834,16345.0,28807.87037547781,33.569487259765836,1.0
baseline,no_intervention,147,7095934511.611509,16387.0,0.4247716579248619,16354.0,28685.205488083295,33.290857493031304,1.0
baseline,no_intervention,148,7089724052.410392,16386.0,0.42595623357272727,16356.0,28660.251229597427,33.35223719417619,1.0
baseline,no_intervention,149,7101303438.770378,16392.0,0.4241255919582355,16358.0,28757.04067921826,32.54661718795571,1.0
baseline,no_intervention,150,7151702747.094314,16388.0,0.42265122531980487,16354.0,28928.746017296704,33.25028325112429,1.0
baseline,no_intervention,151,7071413373.238782,16390.0,0.4248381569928504,16348.0,28699.569460393654,32.785300919968634,1.0
baseline,no_intervention,152,7109176842.726375,16387.0,0.4239649059239262,16350.0,28722.222325503335,33.14910897061852,1.0
baseline,no_intervention,153,7111526396.016661,16391.0,0.4236373893670178,16334.0,28810.685969422313,33.158878483211375,1.0
baseline,no_intervention,154,7098328721.440533,16384.0,0.42430989665025093,16356.0,28769.53562142564,33.49626677025833,1.0
baseline,no_intervention,155,7134731374.556353,16383.0,0.4215380901658067,16350.0,28897.84745426421,34.27116434187306,1.0
baseline,no_intervention,156,7061968037.444571,16383.0,0.42654612300169986,16335.0,28549.635271202253,33.74674671476135,1.0
baseline,no_intervention,157,7084675253.5205965,16387.0,0.42486752696014385,16342.0,28716.39552154244,32.95035400358707,1.0
baseline,no_intervention,158,7095739481.111668,16388.0,0.42492323999904186,16350.0,28663.071257183296,33.4306723923675,1.0
baseline,no_intervention,159,7098067531.148349,16385.0,0.42411826089812243,16354.0,28729.83766700593,33.39180564992557,1.0
baseline,no_intervention,160,7102469066.407864,16387.0,0.42296849193499236,16351.0,28729.20836092115,33.46309619287663,1.0
baseline,no_intervention,161,7128284470.480385,16385.0,0.4219309669149666,16360.0,28883.579426390334,33.63000722944301,1.0
baseline,no_intervention,162,7107353581.13147,16385.0,0.42239178350736795,16348.0,28786.190131520474,33.280580901170694,1.0
baseline,no_intervention,163,7103934422.156982,16385.0,0.4253323421460666,16352.0,28719.33920007819,32.57373167492667,1.0
baseline,no_intervention,164,7103885896.3808775,16384.0,0.42322177449743636,16352.0,28732.94503078525,33.11997857289664,1.0
baseline,no_intervention,165,7070779351.248495,16388.0,0.4255084487819716,16345.0,28585.79473912749,32.98319939263995,1.0
baseline,no_intervention,166,7114733143.448808,16386.0,0.4241883125248737,16349.0,28788.70568876489,33.79850589022195,1.0
baseline,no_intervention,167,7096390360.037027,16382.0,0.42319550817745094,16349.0,28785.064560420196,32.52994008235064,1.0
baseline,no_intervention,168,7135414213.917368,16386.0,0.42099509040680133,16356.0,28870.09890490536,34.044922776382094,1.0
baseline,no_intervention,169,7108792070.9319315,16385.0,0.4224048210789198,16352.0,28801.431111634873,33.71160785863444,1.0
baseline,no_intervention,170,7105961658.951773,16385.0,0.42392347932752383,16354.0,28794.980488886413,33.78314813964445,1.0
baseline,no_intervention,171,7121474776.3038225,16382.0,0.42255839536552586,16349.0,28819.95819986464,33.715148897454085,2.0
baseline,no_intervention,172,7077124942.720824,16388.0,0.42554040545776234,16347.0,28667.77165079493,32.34038745482506,1.0
baseline,no_intervention,173,7112991910.782365,16385.0,0.42159822683525927,16353.0,28798.342028863706,33.01730698043095,1.0
baseline,no_intervention,174,7073308702.404585,16386.0,0.4265789826436184,16349.0,28606.621856484988,33.73238187718057,1.0
baseline,no_intervention,175,7105891280.752006,16384.0,0.42292264422424475,16350.0,28744.60243853613,34.079486237537125,1.0
baseline,no_intervention,176,7115660880.308315,16385.0,0.42146395384027086,16348.0,28862.948186054793,32.63031217550372,1.0
baseline,no_intervention,177,7129672021.178011,16384.0,0.42283047324858636,16342.0,28834.34295897588,33.77198747233834,1.0
baseline,no_intervention,178,7124200118.379108,16384.0,0.4227853060469736,16358.0,28805.842454935733,33.9351806362349,1.0
baseline,no_intervention,179,7052219989.317945,16389.0,0.42647020813377984,16342.0,28577.46982049106,32.78555099049263,1.0
baseline,no_intervention,180,7093133404.860023,16386.0,0.4249299023394609,16346.0,28668.344352509674,32.626040011028415,1.0
baseline,no_intervention,181,7036797064.987004,16385.0,0.42689978874953055,16347.0,28509.187934450623,32.63183846653446,1.0
baseline,no_intervention,182,7085129033.223432,16388.0,0.42394354415770474,16359.0,28702.592819643316,34.25418396739251,1.0
baseline,no_intervention,183,7115459060.138834,16386.0,0.42396288792827175,16353.0,28806.9148163435,33.92164165101473,1.0
baseline,no_intervention,184,7129692497.855478,16386.0,0.4229981049071845,16350.0,28838.56503875945,32.58055275459282,1.0
baseline,no_intervention,185,7095400148.280734,16390.0,0.4246885331391997,16349.0,28706.867917851625,32.987909127392285,1.0
baseline,no_intervention,186,7100729205.750808,16387.0,0.4229073552305439,16352.0,28754.321348085025,33.356774830972235,1.0
baseline,no_intervention,187,7069244142.893759,16386.0,0.42510210422106515,16355.0,28619.76906749836,33.07495949352689,1.0
baseline,no_intervention,188,7092480605.448919,16385.0,0.4256288770051789,16350.0,28700.515457402693,32.45603576262484,1.0
baseline,no_intervention,189,7067869209.204884,16385.0,0.42585528974485576,16346.0,28631.81253773493,33.14286901148592,2.0
baseline,no_intervention,190,7119833716.002272,16380.0,0.42430166139110775,16333.0,28764.004029005973,33.00763441990211,1.0
baseline,no_intervention,191,7099431682.079405,16385.0,0.4238603878371398,16365.0,28728.67519631872,33.36077325882419,1.0
baseline,no_intervention,192,7083870928.207994,16385.0,0.4250433962863867,16351.0,28683.887269417162,33.674863762401706,1.0
baseline,no_intervention,193,7070769878.3227005,16386.0,0.4242328570996868,16359.0,28655.70285500617,32.686253984927816,1.0
baseline,no_intervention,194,7100773355.957393,16385.0,0.4228223141147792,16351.0,28773.139055650856,33.4375618886987,1.0
baseline,no_intervention,195,7089810599.880498,16386.0,0.42509702005359157,16348.0,28678.150699288577,32.702903435821895,1.0
baseline,no_intervention,196,7099155678.208762,16388.0,0.4256486315516484,16341.0,28666.894085922864,33.3785037723222,1.0
baseline,no_intervention,197,7074778330.417026,16387.0,0.42430251536468144,16346.0,28689.86669342724,32.84957004001806,1.0
baseline,no_intervention,198,7068432240.600088,16391.0,0.42561811661872456,16348.0,28633.84382558418,32.97931380104496,1.0
baseline,no_intervention,199,7127904776.690932,16385.0,0.4233524162088955,16339.0,28819.90442827422,32.95337712418035,1.0
baseline,no_intervention,200,7063263800.203395,16385.0,0.4253604904626814,16331.0,28603.24317870451,33.37713765501152,1.0
baseline,no_intervention,201,7094708625.240433,16385.0,0.42470534337193244,16344.0,28718.65395870107,33.42976497443955,1.0
baseline,no_intervention,202,7062238192.288385,16388.0,0.42468369917792853,16345.0,28618.13260183564,32.540930225597,1.0
baseline,no_intervention,203,7125365448.42223,16385.0,0.42366717958887984,16348.0,28745.907725879602,32.18075838856983,1.0
baseline,no_intervention,204,7085399154.918651,16385.0,0.42544340546065507,16348.0,28614.41725206254,33.50525196955303,1.0
baseline,no_intervention,205,7107358111.258969,16379.0,0.4224175972819037,16325.0,28792.17423416479,34.50127881405972,1.0
baseline,no_intervention,206,7121814473.3066435,16381.0,0.42329461761571424,16348.0,28796.886155988122,33.69293837404358,1.0
baseline,no_intervention,207,7107098861.2360325,16384.0,0.42299134719238146,16351.0,28773.413227402678,33.56793562906859,1.0
baseline,no_intervention,208,7082894970.810997,16386.0,0.42502475994518524,16353.0,28691.26404877234,32.92379116256285,1.0
baseline,no_intervention,209,7132408024.001415,16384.0,0.42248830532512144,16342.0,28786.757646735095,33.36903498487774,1.0
baseline,no_intervention,210,7112461453.372471,16386.0,0.42368425667299375,16351.0,28773.05974347633,34.281261621205,1.0
baseline,no_intervention,211,7109477112.6943245,16385.0,0.4228158815443521,16359.0,28802.957331065216,33.28255894737114,1.0
baseline,no_intervention,212,7103232590.630195,16386.0,0.4225106291714776,16362.0,28783.207112099688,33.98788055629512,1.0
baseline,no_intervention,213,7127814673.162841,16388.0,0.42141539973799114,16359.0,28914.759398867405,33.662548947467485,1.0
baseline,no_intervention,214,7109545483.778286,16384.0,0.42479561003353133,16355.0,28737.45000679765,32.90893780835595,1.0
baseline,no_intervention,215,7101057893.684879,16383.0,0.42438568886431105,16352.0,28739.947760843643,33.91399238935972,1.0
baseline,no_intervention,216,7087643741.288852,16387.0,0.42468409313304123,16351.0,28702.587874359844,33.37316031671648,1.0
baseline,no_intervention,217,7128820042.738685,16384.0,0.4219216689894268,16354.0,28894.916108282665,33.89140731659491,1.0
baseline,no_intervention,218,7080234657.54614,16385.0,0.4256798046120054,16349.0,28644.245325871274,32.82515892425858,2.0
baseline,no_intervention,219,7079297472.942187,16385.0,0.42448814763727455,16328.0,28668.53972792717,33.26593903911964,1.0
baseline,no_intervention,220,7108900526.75888,16387.0,0.42468448010355625,16361.0,28742.308221699008,34.09170090696182,1.0
baseline,no_intervention,221,7146874098.330351,16385.0,0.42220161447374804,16347.0,28919.882578122713,33.54792443097269,1.0
baseline,no_intervention,222,7111113437.643873,16377.0,0.42312802111768677,16337.0,28788.455305223586,32.72081111068811,1.0
baseline,no_intervention,223,7135820176.165071,16385.0,0.42244850387122035,16351.0,28773.538094737,32.80085336051499,1.0
baseline,no_intervention,224,7090831152.939109,16392.0,0.4250601707302931,16354.0,28740.7436137877,33.278740355127674,1.0
baseline,no_intervention,225,7097366021.865223,16383.0,0.42257773673530985,16356.0,28743.16025991775,33.10691301369621,1.0
baseline,no_intervention,226,7049767084.621637,16392.0,0.42606506589319415,16347.0,28562.504592881003,33.44037492109443,1.0
baseline,no_intervention,227,7086771078.463194,16383.0,0.4240607396096034,16340.0,28714.901212002223,33.59471645484947,1.0
baseline,no_intervention,228,7119411570.167072,16390.0,0.422314841583946,16360.0,28828.48260269981,33.90455366075196,1.0
baseline,no_intervention,229,7084901777.774377,16383.0,0.42546969484771124,16348.0,28606.72111258376,32.15884544276494,1.0
baseline,no_intervention,230,7074950567.490505,16388.0,0.42664381630751175,16354.0,28608.34775388655,33.30363465709125,1.0
baseline,no_intervention,231,7146009474.763399,16387.0,0.42206940734646925,16357.0,28866.951061746833,33.7404378978934,1.0
baseline,no_intervention,232,7100901581.543905,16385.0,0.4224544818982481,16355.0,28750.731674781666,33.50037361673013,1.0
baseline,no_intervention,233,7072300573.239093,16385.0,0.4250735195011682,16348.0,28635.575261989656,32.25322036723499,1.0
baseline,no_intervention,234,7074322299.972934,16385.0,0.427652598775387,16343.0,28567.720000163965,32.681349970405044,1.0
baseline,no_intervention,235,7081391632.242286,16386.0,0.42389232713669267,16356.0,28676.252627358634,33.221894200425986,1.0
baseline,no_intervention,236,7116588654.731198,16386.0,0.4216456864042226,16344.0,28781.892661198282,33.60167085663297,1.0
baseline,no_intervention,237,7086267405.649226,16383.0,0.42561709720631136,16345.0,28605.253781967735,32.71402765824837,1.0
baseline,no_intervention,238,7104659879.007252,16386.0,0.4238701472915687,16344.0,28745.514814120244,33.13631155561566,1.0
baseline,no_intervention,239,7068297575.676301,16380.0,0.4255816591054836,16340.0,28618.669716144654,33.195020307997694,1.0
baseline,no_intervention,240,7066642070.280203,16380.0,0.42578242857887255,16342.0,28627.3282688568,33.13130054907665,1.0
baseline,no_intervention,241,7100984347.745274,16385.0,0.4233896207290957,16358.0,28728.40119938217,34.28402866761736,1.0
baseline,no_intervention,242,7117429387.850355,16389.0,0.4227455473658334,16344.0,28803.9988527715,32.94694686338026,1.0
baseline,no_intervention,243,7116267746.244397,16384.0,0.4228115429575034,16345.0,28861.854347400033,33.96785454247126,1.0
baseline,no_intervention,244,7082875835.603695,16388.0,0.42380376726285846,16341.0,28678.308169684406,33.04322056768612,1.0
baseline,no_intervention,245,7109277557.110971,16384.0,0.42326743417211876,16348.0,28781.811063206213,33.31714037135928,1.0
baseline,no_intervention,246,7107334951.885075,16386.0,0.42365114412855076,16353.0,28786.427774407795,32.16508518863071,1.0
baseline,no_intervention,247,7092748293.075602,16384.0,0.42431271240196317,16350.0,28622.767669612247,32.33453140820048,1.0
baseline,no_intervention,248,7122605908.982963,16384.0,0.42382407560327734,16346.0,28805.301873208424,33.98888248993377,2.0
baseline,no_intervention,249,7068213130.482421,16375.0,0.4250590128438287,16330.0,28586.784426520626,33.25106699255457,1.0
baseline,traditional,0,6866818466.467965,16385.0,0.44448016989876793,16338.0,27707.24825502364,36.327588325556,1.0
baseline,traditional,1,6852252412.410159,16383.0,0.44619988235023245,16343.0,27664.039649747425,37.37927695853076,1.0
baseline,traditional,2,6830000673.137725,16381.0,0.4491563010850224,16339.0,27491.180535068837,36.801974724867364,1.0
baseline,traditional,3,6848990712.542175,16381.0,0.44698644481673333,16343.0,27636.801558666437,36.45186123794609,1.0
baseline,traditional,4,6866537181.724675,16382.0,0.44595231826716836,16341.0,27655.87470597504,36.34267568453254,1.0
baseline,traditional,5,6824718185.139668,16382.0,0.4470688380229999,16350.0,27559.893584189696,36.201350980216866,1.0
baseline,traditional,6,6819574330.579018,16387.0,0.4485706851810215,16345.0,27477.642853736168,36.36067572475316,1.0
baseline,traditional,7,6821871137.257594,16383.0,0.44673724441837276,16342.0,27538.149245746456,36.839434586121875,1.0
baseline,traditional,8,6841125440.652926,16384.0,0.44719089797971157,16354.0,27535.837648109817,37.276769995660196,1.0
baseline,traditional,9,6855643655.507175,16379.0,0.4461981886852107,16330.0,27615.170013999017,36.68519152007875,1.0
baseline,traditional,10,6880945972.1543665,16382.0,0.445711566381332,16338.0,27730.941258271923,36.49469696272902,1.0
baseline,traditional,11,6838822560.212791,16382.0,0.44707077751473623,16347.0,27598.781546918646,35.90708637846362,1.0
baseline,traditional,12,6851107200.112641,16385.0,0.4487226147301724,16342.0,27565.360601896897,37.1832763578867,1.0
baseline,traditional,13,6837948012.229406,16383.0,0.44741609927037784,16344.0,27539.942892570583,35.65109921066667,1.0
baseline,traditional,14,6846454413.4843445,16384.0,0.44662406833761337,16350.0,27580.31988393642,36.585392241486126,1.0
baseline,traditional,15,6834573066.124454,16385.0,0.44865744788323897,16336.0,27525.645927557038,37.281733310016776,1.0
baseline,traditional,16,6824586009.31745,16383.0,0.4468017974330534,16331.0,27534.666912788285,35.275763547758565,1.0
baseline,traditional,17,6797985837.58749,16384.0,0.4494902047747658,16345.0,27457.718909566764,35.9424389245967,1.0
baseline,traditional,18,6866312937.741697,16373.0,0.44523810582339246,16333.0,27705.221135725675,35.53395375156684,1.0
baseline,traditional,19,6814192706.531675,16382.0,0.4466106203362437,16349.0,27487.578511320382,36.79932178751993,2.0
baseline,traditional,20,6869674302.405877,16385.0,0.4453844024957471,16335.0,27626.492272036907,36.75153403758159,1.0
baseline,traditional,21,6864988383.611108,16380.0,0.446121280739513,16344.0,27711.246975149916,36.79975185640424,2.0
baseline,traditional,22,6826778376.148779,16382.0,0.4488485164641365,16346.0,27504.33835640889,37.10347509803365,1.0
baseline,traditional,23,6847678583.631211,16381.0,0.4473345905819483,16337.0,27570.899238611768,36.71846634168052,1.0
baseline,traditional,24,6851919662.8234825,16382.0,0.44685216852752807,16346.0,27634.38147668672,36.89585137451302,1.0
baseline,traditional,25,6851103785.637864,16383.0,0.4447481668743712,16339.0,27663.081730545608,36.110033472526354,1.0
baseline,traditional,26,6833654540.321935,16386.0,0.44899465938562566,16342.0,27537.235779719842,36.504967503602174,1.0
baseline,traditional,27,6858320078.621351,16383.0,0.4450979737159502,16337.0,27631.914445279068,36.04290727035982,1.0
baseline,traditional,28,6857943976.095485,16383.0,0.44744087439982905,16352.0,27656.207177773358,36.057333387090466,1.0
baseline,traditional,29,6827601179.239456,16382.0,0.4474202419343819,16341.0,27486.081175482042,37.433655239074064,1.0
baseline,traditional,30,6818333598.529768,16387.0,0.44731285991665554,16349.0,27524.490702807296,36.97817587078109,1.0
baseline,traditional,31,6834776879.676936,16388.0,0.447419240612263,16342.0,27565.1264617101,36.45989356346489,1.0
baseline,traditional,32,6883735852.053633,16382.0,0.446750250513222,16349.0,27657.837266667124,37.439049799942836,1.0
baseline,traditional,33,6840794299.143748,16383.0,0.4470147533683395,16344.0,27571.149599086988,36.43147564805007,1.0
baseline,traditional,34,6823323982.460553,16383.0,0.44911179534696255,16353.0,27492.196584176545,36.77247689671333,1.0
baseline,traditional,35,6824477142.234318,16377.0,0.4468527757641975,16332.0,27531.026187078263,37.38205737076883,1.0
baseline,traditional,36,6868414267.864315,16382.0,0.44840029861840425,16339.0,27607.010547725233,36.006413309066,1.0
baseline,traditional,37,6864469980.194889,16385.0,0.4465975103348173,16347.0,27596.99600596699,37.034511367113176,1.0
baseline,traditional,38,6832400831.3435335,16384.0,0.4460174457688627,16349.0,27563.922486835258,36.019174392420226,1.0
baseline,traditional,39,6830997999.405821,16382.0,0.4470186330265721,16345.0,27566.106341759358,36.63579218589025,1.0
baseline,traditional,40,6795115876.097631,16382.0,0.4496051188218881,16343.0,27399.882629636908,36.225462388023644,1.0
baseline,traditional,41,6850903883.14876,16380.0,0.44578618647136564,16342.0,27668.562114232915,36.07118750183842,1.0
baseline,traditional,42,6844703575.433521,16379.0,0.44672127363082514,16345.0,27575.089822750626,36.44411093486999,1.0
baseline,traditional,43,6889167458.295315,16388.0,0.4446619036143599,16335.0,27733.53391636208,36.894558210944794,1.0
baseline,traditional,44,6880187377.16368,16385.0,0.44509741626441,16339.0,27697.430747221624,35.86252534778648,1.0
baseline,traditional,45,6840262656.572673,16370.0,0.4470775889336702,16333.0,27577.256983281044,37.18683061726602,2.0
baseline,traditional,46,6863936071.31435,16379.0,0.443590176091728,16338.0,27679.651301418897,36.68883398768389,1.0
baseline,traditional,47,6819245858.564399,16379.0,0.4474652480848328,16337.0,27505.12300677274,36.198727922886434,2.0
baseline,traditional,48,6874628356.029451,16381.0,0.4461765648788981,16334.0,27672.523583959974,35.90837343376484,1.0
baseline,traditional,49,6858173263.878805,16382.0,0.44557085806477215,16337.0,27713.427690307555,36.372904601396144,1.0
baseline,traditional,50,6794604972.413342,16386.0,0.4486922291556699,16343.0,27406.263794444523,37.06964612276719,1.0
baseline,traditional,51,6808075728.50033,16379.0,0.4486735548567356,16339.0,27423.714032752236,36.39432365373371,2.0
baseline,traditional,52,6842440477.29116,16382.0,0.4476731809185681,16336.0,27545.99055081303,36.41959308707592,1.0
baseline,traditional,53,6863991004.789919,16383.0,0.4463665726006161,16342.0,27664.621159170092,37.35178132284908,1.0
baseline,traditional,54,6833536406.593509,16381.0,0.44809035710582323,16347.0,27564.09518424637,35.95055723544345,1.0
baseline,traditional,55,6863792125.872456,16383.0,0.44491887611668357,16348.0,27679.822160349104,36.20457294869794,1.0
baseline,traditional,56,6888234883.338928,16385.0,0.4436631979961978,16346.0,27807.54176585447,37.34344463263442,1.0
baseline,traditional,57,6877241398.616659,16382.0,0.4462889262183701,16347.0,27661.975270517833,35.82720937080204,1.0
baseline,traditional,58,6831030812.158338,16387.0,0.4480691934079451,16352.0,27540.069117018964,36.445933122129915,1.0
baseline,traditional,59,6848268289.290397,16386.0,0.44706977429923417,16339.0,27498.778031731606,36.52479940097919,1.0
baseline,traditional,60,6835006929.857536,16384.0,0.44584779931253643,16341.0,27556.542015237388,35.90405815169008,1.0
baseline,traditional,61,6832316289.286886,16380.0,0.4477857976914267,16336.0,27545.49258482285,36.13359256614376,1.0
baseline,traditional,62,6882179635.381202,16379.0,0.4462935146026337,16340.0,27665.20275894588,36.65921307043719,2.0
baseline,traditional,63,6865540776.765374,16386.0,0.4455337289096337,16347.0,27655.75945284554,36.4353693634699,1.0
baseline,traditional,64,6844788281.019714,16386.0,0.44774483507170626,16341.0,27559.448954819112,35.6972243254128,1.0
baseline,traditional,65,6806227706.7511,16385.0,0.4511312990434359,16338.0,27416.999157322305,35.39452634556918,1.0
baseline,traditional,66,6829161549.761011,16383.0,0.4481733375265427,16345.0,27501.345611519562,35.903629685641775,1.0
baseline,traditional,67,6838899203.355644,16381.0,0.44855662245682837,16353.0,27482.357830045472,36.925999041720395,1.0
baseline,traditional,68,6840552006.24987,16382.0,0.44818351544087076,16342.0,27576.99187607577,36.556384200271154,1.0
baseline,traditional,69,6838057109.469084,16389.0,0.44915015397073405,16345.0,27546.31073419904,36.77947587693256,1.0
baseline,traditional,70,6798418419.38748,16384.0,0.4494431937177775,16347.0,27467.380855719482,36.73298394080551,1.0
baseline,traditional,71,6846189159.09993,16383.0,0.44728802482344604,16349.0,27564.09333632086,36.82080873601281,1.0
baseline,traditional,72,6805380470.053149,16382.0,0.44824039113500763,16320.0,27488.461283374534,36.108409201390046,1.0
baseline,traditional,73,6858639798.503524,16383.0,0.4452923509058191,16348.0,27698.575296477764,37.11486162968163,1.0
baseline,traditional,74,6865077327.041882,16383.0,0.4475803656782909,16353.0,27639.302118742984,35.89568739303451,1.0
baseline,traditional,75,6832654025.414029,16386.0,0.4472675964349328,16339.0,27545.001726762548,36.73510460280616,1.0
baseline,traditional,76,6833437074.153387,16384.0,0.4474357730148448,16339.0,27472.44137395805,35.974982524949425,1.0
baseline,traditional,77,6828226769.245363,16386.0,0.447964507061824,16348.0,27539.02196888956,36.91328890386833,1.0
baseline,traditional,78,6821605630.072206,16380.0,0.44894270391945323,16338.0,27489.392202705974,35.78039155663315,1.0
baseline,traditional,79,6854389683.654648,16385.0,0.4459343064699626,16346.0,27604.701415309,36.66686512711234,1.0
baseline,traditional,80,6826432038.966706,16381.0,0.44776143990079403,16343.0,27547.522588440734,35.99050196636916,1.0
baseline,traditional,81,6823198038.718288,16383.0,0.449381876048482,16347.0,27483.04349890866,35.91242677083598,1.0
baseline,traditional,82,6869071815.460717,16380.0,0.44386694763054463,16338.0,27753.740425948745,36.99131353292424,1.0
baseline,traditional,83,6848497023.257231,16383.0,0.446329187944927,16336.0,27655.21263337653,35.91993291824381,1.0
baseline,traditional,84,6837341380.040251,16382.0,0.44758047884242397,16349.0,27547.588806473763,36.8215162222397,1.0
baseline,traditional,85,6873263730.335494,16385.0,0.44497456258498114,16347.0,27646.91319212409,36.662107729450035,1.0
baseline,traditional,86,6842936081.597432,16385.0,0.44721627349079907,16348.0,27577.272284204337,35.94545985895997,1.0
baseline,traditional,87,6863375856.080817,16382.0,0.44716460769060873,16342.0,27555.330054990707,35.69497548550425,1.0
baseline,traditional,88,6784529587.317096,16384.0,0.450119693150698,16342.0,27294.61935842918,36.550062127870035,1.0
baseline,traditional,89,6845979701.677238,16380.0,0.44729369286546733,16335.0,27587.335823647645,35.6937935595223,1.0
baseline,traditional,90,6855252645.459087,16384.0,0.4462535552256363,16349.0,27675.211892374096,35.78967263165313,2.0
baseline,traditional,91,6842226873.614833,16379.0,0.4470106426205957,16337.0,27569.173958777817,36.27796737860065,2.0
baseline,traditional,92,6864741868.294946,16384.0,0.44719558322550174,16338.0,27585.404581810388,36.51882759855127,1.0
baseline,traditional,93,6843245575.486511,16385.0,0.445146911574353,16347.0,27610.594514296972,37.27517521944098,1.0
baseline,traditional,94,6837498063.227575,16383.0,0.44668716427409894,16328.0,27554.181652903182,36.735242188260706,1.0
baseline,traditional,95,6846958652.868218,16381.0,0.44635476569868615,16342.0,27630.82087530887,36.50762001297649,1.0
baseline,traditional,96,6850665405.081722,16382.0,0.44829389941627984,16333.0,27566.785513840714,36.1562744911251,1.0
baseline,traditional,97,6859610716.360518,16382.0,0.4460254997894205,16348.0,27628.547320942802,36.6108249403053,1.0
baseline,traditional,98,6837076584.436667,16389.0,0.448230562730085,16339.0,27547.63867355975,37.23896846535793,1.0
baseline,traditional,99,6849926079.692767,16384.0,0.4463094733802341,16343.0,27598.398396030083,36.510921346279325,1.0
baseline,traditional,100,6821883007.810319,16384.0,0.4485071925914075,16346.0,27542.266277237646,36.40420169560108,1.0
baseline,traditional,101,6815802003.257158,16381.0,0.447671393742621,16338.0,27441.434440082765,36.001576650711065,1.0
baseline,traditional,102,6829749698.586614,16381.0,0.4475813399011666,16344.0,27556.045660335334,37.44722327042963,1.0
baseline,traditional,103,6878193287.855306,16383.0,0.4457420823866674,16349.0,27760.91274694157,36.3843016488812,2.0
baseline,traditional,104,6857085046.508583,16380.0,0.4453910828052448,16332.0,27690.741622567908,36.49390647552811,1.0
baseline,traditional,105,6819953991.268966,16385.0,0.4485832906047429,16344.0,27469.525704524603,35.71570362280023,1.0
baseline,traditional,106,6869291974.342288,16384.0,0.4460888765607964,16353.0,27677.25883886806,37.80019984736236,1.0
baseline,traditional,107,6842890439.518884,16387.0,0.44759937890931994,16345.0,27574.629181014046,36.1425017985927,1.0
baseline,traditional,108,6830106315.345034,16383.0,0.448099109850239,16336.0,27515.651949660198,36.931593494596235,1.0
baseline,traditional,109,6839267844.671682,16387.0,0.4474454164454779,16331.0,27583.723417796315,37.216823570968735,1.0
baseline,traditional,110,6851195607.478537,16382.0,0.4480564250120189,16344.0,27579.76109500493,36.51184238482031,1.0
baseline,traditional,111,6829144935.76136,16386.0,0.4471018024384279,16343.0,27562.14180375785,36.20232806156114,1.0
baseline,traditional,112,6837614858.713393,16382.0,0.447392641720295,16342.0,27554.07863941939,36.45374041176575,1.0
baseline,traditional,113,6845796289.868319,16381.0,0.448597980369261,16337.0,27555.845429976704,35.92911172181612,1.0
baseline,traditional,114,6853989090.8631735,16392.0,0.44549489237489615,16345.0,27638.399101483017,36.90922064852944,1.0
baseline,traditional,115,6841682458.346803,16387.0,0.4461958227943921,16348.0,27597.68725715028,35.99470857457641,1.0
baseline,traditional,116,6847705296.08073,16383.0,0.4467996526556712,16338.0,27581.54394036391,36.152509028252474,1.0
baseline,traditional,117,6816813903.757342,16382.0,0.44957015576348297,16344.0,27419.082342220612,35.67413956722853,1.0
baseline,traditional,118,6859418985.898387,16376.0,0.4477991987947868,16332.0,27627.060745686817,35.322565337159894,1.0
baseline,traditional,119,6826591590.066957,16384.0,0.44790536481966997,16346.0,27477.01653181853,36.151824635472416,1.0
baseline,traditional,120,6800563515.580701,16380.0,0.4485443717110665,16319.0,27453.87175594919,35.560414562537886,1.0
baseline,traditional,121,6854398306.591366,16385.0,0.4479733178530851,16351.0,27642.229504724495,36.180362375820415,1.0
baseline,traditional,122,6813163848.369506,16383.0,0.44850650073763765,16340.0,27429.70216131605,35.69031981072147,1.0
baseline,traditional,123,6872044462.718671,16379.0,0.44572493686194953,16329.0,27672.771976408872,35.725455478628824,1.0
baseline,traditional,124,6820715172.271429,16376.0,0.44879314613316246,16331.0,27507.656409525625,36.203606658678474,2.0
baseline,traditional,125,6811132705.437056,16383.0,0.4496178952062088,16352.0,27496.77164033144,35.9656459889107,1.0
baseline,traditional,126,6816043925.742996,16381.0,0.4488139809123822,16355.0,27471.63409095225,35.67281021830482,2.0
baseline,traditional,127,6840658745.001003,16384.0,0.44842284955121037,16344.0,27589.210566022924,36.42529964730046,1.0
baseline,traditional,128,6835876709.359737,16373.0,0.4484698646202408,16326.0,27485.91756000476,35.77483980665111,1.0
baseline,traditional,129,6838079514.337657,16377.0,0.44833053309821536,16341.0,27526.65514010646,35.76095223584031,1.0
baseline,traditional,130,6845975543.944644,16388.0,0.44654052515674286,16344.0,27607.65888758769,36.384259265703754,1.0
baseline,traditional,131,6882893396.28556,16382.0,0.4453718191527189,16342.0,27698.355402587647,35.96273821042841,1.0
baseline,traditional,132,6822496175.728941,16384.0,0.4461611575712666,16353.0,27538.768248652064,36.04078165165588,1.0
baseline,traditional,133,6844138555.510425,16383.0,0.4487022941258077,16344.0,27553.23615029447,36.36433117313528,1.0
baseline,traditional,134,6849917003.553411,16383.0,0.44697564060254824,16323.0,27582.128548302473,36.31237407156838,1.0
baseline,traditional,135,6854943643.218926,16381.0,0.4465046300299715,16341.0,27615.64542160309,36.19524583633708,1.0
baseline,traditional,136,6815468772.252112,16381.0,0.4482890618107666,16346.0,27490.277092161276,36.49047840555717,1.0
baseline,traditional,137,6837026123.776423,16384.0,0.4478128888558599,16335.0,27608.24587411452,36.91047067028809,1.0
baseline,traditional,138,6823749175.971258,16382.0,0.4485524816612068,16342.0,27530.278952057266,35.9904275610714,1.0
baseline,traditional,139,6851958533.0142975,16384.0,0.44701876366877974,16339.0,27631.696087538927,36.968825024299065,1.0
baseline,traditional,140,6837698560.830239,16382.0,0.44656161852461357,16333.0,27596.109194322467,35.90300941564439,1.0
baseline,traditional,141,6840658778.644597,16382.0,0.44685169089386384,16338.0,27559.938021209087,36.26909432908348,1.0
baseline,traditional,142,6839404345.182808,16378.0,0.44726150548441046,16334.0,27652.520504841363,36.67410505107778,1.0
baseline,traditional,143,6819326733.7791195,16381.0,0.448408827680288,16336.0,27517.289989208486,36.296369588327266,1.0
baseline,traditional,144,6871538374.315138,16388.0,0.44495868173068165,16361.0,27699.93676022546,36.966738255702694,1.0
baseline,traditional,145,6835192123.8923235,16384.0,0.4469000493835085,16343.0,27515.420586664135,36.54123557106792,1.0
baseline,traditional,146,6823680401.800002,16380.0,0.44694541651422254,16343.0,27541.978477418434,37.9479808422219,1.0
baseline,traditional,147,6844374282.036938,16380.0,0.44582866775471375,16347.0,27514.077863096914,35.706953078915376,1.0
baseline,traditional,148,6846660557.189389,16384.0,0.4481645001585343,16352.0,27561.88845975089,36.614950049091554,1.0
baseline,traditional,149,6836576899.211754,16385.0,0.44694972263618105,16348.0,27540.215479966635,36.336921916001025,1.0
baseline,traditional,150,6857553722.156307,16385.0,0.4463657175866855,16348.0,27650.514152097825,37.12842092810201,1.0
baseline,traditional,151,6859065696.538171,16383.0,0.44542120794301,16352.0,27631.839338073612,37.33873444655087,1.0
baseline,traditional,152,6780719025.157638,16383.0,0.4506403301295994,16331.0,27315.03900753268,36.67106976153353,1.0
baseline,traditional,153,6837196867.518447,16381.0,0.4460041918946615,16330.0,27620.123589069037,36.227774658408514,1.0
baseline,traditional,154,6829969216.342579,16383.0,0.4474454980324778,16334.0,27504.243904055693,36.06769721528799,1.0
baseline,traditional,155,6862258909.520714,16387.0,0.4453052675791119,16346.0,27667.176992810244,35.580331297261466,1.0
baseline,traditional,156,6844888966.654371,16386.0,0.447706126939682,16340.0,27537.61143699864,36.19381328459954,1.0
baseline,traditional,157,6851066019.962606,16382.0,0.44744551893662565,16337.0,27645.83370601667,36.76020659616035,1.0
baseline,traditional,158,6861227874.727751,16383.0,0.4446476382793157,16343.0,27627.15530194413,35.90920607972905,1.0
baseline,traditional,159,6839713017.118185,16380.0,0.447235540287289,16345.0,27621.32973425267,36.154256487029805,1.0
baseline,traditional,160,6853095583.577472,16382.0,0.4466916664257944,16346.0,27650.401582425005,36.29303799338765,1.0
baseline,traditional,161,6903389642.23586,16382.0,0.4424808775270491,16350.0,27834.91955020894,36.28533260865833,1.0
baseline,traditional,162,6828646082.173825,16383.0,0.44918205902572683,16344.0,27477.418038166554,34.397329343952876,1.0
baseline,traditional,163,6883346851.914132,16380.0,0.4443073227638766,16340.0,27761.868638996675,36.20401595205846,1.0
baseline,traditional,164,6802130525.64176,16378.0,0.449223656684241,16328.0,27426.872351351187,36.25316750426437,1.0
baseline,traditional,165,6876383636.644272,16382.0,0.4449776846883944,16342.0,27690.206382455402,36.69638726549453,1.0
baseline,traditional,166,6868190099.27749,16379.0,0.4466960415317474,16345.0,27648.13244575095,37.17031546780279,1.0
baseline,traditional,167,6854773671.396794,16386.0,0.4449532749525626,16348.0,27655.336089831868,36.0961688763748,1.0
baseline,traditional,168,6806209582.541694,16382.0,0.4473660845382699,16342.0,27439.313578098052,35.86002410684386,1.0
baseline,traditional,169,6820024298.165416,16373.0,0.4486447573079633,16328.0,27496.250779602746,36.20176140293921,1.0
baseline,traditional,170,6865877341.643235,16383.0,0.4451428705202429,16338.0,27749.37031386232,38.05695552898029,1.0
baseline,traditional,171,6843722344.695902,16382.0,0.44803061146314577,16337.0,27536.734868183576,37.900339910894914,1.0
baseline,traditional,172,6829365457.453753,16380.0,0.4463845271177336,16330.0,27600.363526233454,35.54200506550349,1.0
baseline,traditional,173,6828646396.065422,16384.0,0.4484797327165616,16344.0,27498.350691671825,35.23181675633108,1.0
baseline,traditional,174,6877625605.955908,16381.0,0.44570166390500826,16343.0,27589.137762226834,36.00307859971756,1.0
baseline,traditional,175,6828387434.719849,16383.0,0.4467774609139315,16343.0,27538.60292981281,35.96924963735944,1.0
baseline,traditional,176,6862458130.867718,16384.0,0.4463398722867732,16341.0,27646.656862603246,37.57863503434184,1.0
baseline,traditional,177,6833507233.268172,16382.0,0.4485115292669331,16347.0,27510.532202846694,35.88637698479771,1.0
baseline,traditional,178,6832751126.7951565,16383.0,0.44824183978583804,16342.0,27582.66105356204,35.88080718217208,1.0
baseline,traditional,179,6872422659.29397,16384.0,0.4455672998284523,16343.0,27693.62299524625,36.22646426467758,1.0
baseline,traditional,180,6824939039.976587,16379.0,0.4483966403021852,16341.0,27512.952410743997,37.453191137425506,2.0
baseline,traditional,181,6831847267.905688,16385.0,0.447863759175165,16352.0,27617.024961800933,36.9054850687467,1.0
baseline,traditional,182,6882483214.493711,16382.0,0.4456912505701635,16344.0,27728.951037320283,35.039135100732594,1.0
baseline,traditional,183,6823746818.372726,16381.0,0.44792363507999045,16356.0,27523.800623754734,35.44088000494809,1.0
baseline,traditional,184,6862762280.263724,16380.0,0.44596609439837503,16346.0,27650.738740342244,36.65744194506188,2.0
baseline,traditional,185,6808200827.90526,16386.0,0.450867248314213,16336.0,27444.572985910138,36.0140714415532,1.0
baseline,traditional,186,6828927978.513733,16384.0,0.4478438447636304,16338.0,27526.803170731775,35.63632813720372,1.0
baseline,traditional,187,6839033633.717626,16382.0,0.4462437366906316,16347.0,27595.294284420957,35.98987956082883,1.0
baseline,traditional,188,6827269350.09438,16379.0,0.4490966003457437,16330.0,27493.105275734073,36.02465713783435,1.0
baseline,traditional,189,6861999500.584378,16381.0,0.44464576917700344,16338.0,27664.621881730724,35.83414704273431,1.0
baseline,traditional,190,6843752121.278014,16379.0,0.4460696088311116,16336.0,27622.3041644034,36.23953034280367,1.0
baseline,traditional,191,6835889615.379024,16383.0,0.4482653420600542,16346.0,27523.16524069932,35.76001041222969,1.0
baseline,traditional,192,6855384322.566866,16383.0,0.4463024495106749,16351.0,27595.462038302103,37.51276540039561,1.0
baseline,traditional,193,6835669061.319579,16382.0,0.4470907449105262,16343.0,27519.14814069124,36.353765933340505,1.0
baseline,traditional,194,6873307741.4663925,16385.0,0.444757506109045,16348.0,27681.987140752353,36.70846462827794,1.0
baseline,traditional,195,6826311256.494618,16383.0,0.44771696232959,16337.0,27554.824834525472,36.227450331661395,2.0
baseline,traditional,196,6847457549.201828,16378.0,0.44764638767729786,16340.0,27547.961716756407,35.5517463449912,1.0
baseline,traditional,197,6820366228.400901,16382.0,0.44769876282892357,16332.0,27521.71254458821,36.44449300368346,1.0
baseline,traditional,198,6880247475.178679,16388.0,0.4455109031618998,16355.0,27676.641581603304,36.22640907072092,1.0
baseline,traditional,199,6870674919.136855,16383.0,0.44558705808660887,16338.0,27599.958795071394,35.92674984147101,1.0
baseline,traditional,200,6809089492.802157,16380.0,0.44937988924939953,16332.0,27465.446914289103,35.84150508434089,1.0
baseline,traditional,201,6867479735.881255,16383.0,0.4462143331848417,16352.0,27687.01650807757,36.50100755248624,1.0
baseline,traditional,202,6876507568.792438,16387.0,0.4459574419330129,16344.0,27662.849285183358,35.892255786651575,1.0
baseline,traditional,203,6859928915.6746855,16381.0,0.4461250469194236,16331.0,27628.59838538759,36.048735082403894,1.0
baseline,traditional,204,6848588392.037065,16382.0,0.4463300882971917,16342.0,27601.54747377711,36.435419552678646,1.0
baseline,traditional,205,6854830254.361203,16385.0,0.4466929508099941,16338.0,27639.240331164005,36.17529128618609,1.0
baseline,traditional,206,6845304741.131895,16389.0,0.44789315467638097,16342.0,27583.71526985445,36.11575692867917,1.0
baseline,traditional,207,6833139792.396661,16384.0,0.44888374408364107,16355.0,27535.488833667223,36.50633746297168,1.0
baseline,traditional,208,6846709862.067984,16383.0,0.44764857433752714,16338.0,27571.905901404814,36.17687973596335,1.0
baseline,traditional,209,6834524983.281171,16377.0,0.44636699477458475,16342.0,27609.441917675704,35.94272639727524,2.0
baseline,traditional,210,6842004189.318148,16383.0,0.4484591381981486,16343.0,27500.459740970793,36.18763595685439,1.0
baseline,traditional,211,6871227389.088037,16387.0,0.4456455270651016,16354.0,27642.359287725183,35.989829892358784,1.0
baseline,traditional,212,6843002527.984883,16387.0,0.4469501562088236,16339.0,27600.67632204729,36.494273670120215,1.0
baseline,traditional,213,6847966954.806694,16386.0,0.4473043617438214,16342.0,27624.823819553723,36.60217904622715,1.0
baseline,traditional,214,6831823968.064305,16382.0,0.44697726585834296,16340.0,27529.0257369091,36.23055537027496,1.0
baseline,traditional,215,6816128195.261262,16382.0,0.45002495031260253,16354.0,27555.610846596446,36.03820683001337,1.0
baseline,traditional,216,6842435856.235056,16384.0,0.4488316431288133,16332.0,27500.45151064015,35.40103736080057,1.0
baseline,traditional,217,6850409295.915323,16384.0,0.44424465359932097,16335.0,27701.649615184055,36.673983034915935,1.0
baseline,traditional,218,6849110873.6883335,16382.0,0.4468952953678199,16322.0,27549.81172793675,36.16817894978425,1.0
baseline,traditional,219,6833743617.191975,16383.0,0.4490525222018133,16344.0,27467.02629666255,36.27055586449554,1.0
baseline,traditional,220,6888340330.823253,16384.0,0.44540439806938664,16352.0,27820.239473366648,36.87199267385493,1.0
baseline,traditional,221,6841672570.173179,16381.0,0.4451191841127316,16336.0,27673.16972888541,37.29965829104849,1.0
baseline,traditional,222,6795980357.218081,16384.0,0.44920077570816064,16345.0,27407.292747923573,36.61642966368749,1.0
baseline,traditional,223,6830858600.764307,16388.0,0.44723038650259855,16355.0,27583.745689723524,36.50079852310996,1.0
baseline,traditional,224,6858259925.996826,16369.0,0.44606234383171345,16320.0,27678.91734174147,36.468007156859834,1.0
baseline,traditional,225,6831306476.982959,16381.0,0.4488429769074279,16337.0,27399.041545258486,35.26958235318331,1.0
baseline,traditional,226,6824498290.108207,16382.0,0.44748327870325894,16343.0,27527.197379534417,35.60815993937083,1.0
baseline,traditional,227,6843131924.012082,16383.0,0.44615678395303926,16342.0,27611.15922832579,36.194812954119875,1.0
baseline,traditional,228,6839902952.818469,16384.0,0.4477791748151761,16340.0,27576.54877320845,36.44939065752933,1.0
baseline,traditional,229,6822202907.704548,16381.0,0.4474144354349728,16333.0,27489.855657692144,36.668970521379734,1.0
baseline,traditional,230,6856154141.302872,16380.0,0.4450818860372134,16347.0,27702.672052129565,37.16126975942792,2.0
baseline,traditional,231,6771491126.0269575,16374.0,0.4518537538299498,16316.0,27315.200987647484,35.737325021880935,1.0
baseline,traditional,232,6835388181.22908,16381.0,0.44802933984714854,16338.0,27562.138668510786,36.69645823212669,1.0
baseline,traditional,233,6836376006.241126,16382.0,0.44921226919327817,16343.0,27487.28689498749,36.2931921665656,1.0
baseline,traditional,234,6837233364.692096,16378.0,0.44751039943196785,16340.0,27547.45516998227,35.97939616113257,1.0
baseline,traditional,235,6826710125.3221035,16382.0,0.44733377595467044,16342.0,27512.396003736805,35.76159271052287,1.0
baseline,traditional,236,6836544059.015167,16381.0,0.44880942816512875,16340.0,27534.663651728813,36.30548932476395,2.0
baseline,traditional,237,6797195700.275916,16382.0,0.45009504413328866,16327.0,27455.409542522862,36.89531153453991,1.0
baseline,traditional,238,6878263996.900734,16387.0,0.446676415602327,16342.0,27677.270444600254,36.25283208594271,1.0
baseline,traditional,239,6811586324.814903,16377.0,0.44890742312185344,16335.0,27489.117098938936,36.56293022495771,1.0
baseline,traditional,240,6843488158.111691,16377.0,0.44841762630333104,16334.0,27558.340329980172,36.219972371178734,1.0
baseline,traditional,241,6871646363.798633,16378.0,0.44622328998585387,16329.0,27683.438747169792,37.103909059435715,1.0
baseline,traditional,242,6878150013.888471,16381.0,0.4459437350945115,16348.0,27702.01744976865,35.356541746968574,1.0
baseline,traditional,243,6880575538.496502,16383.0,0.4454958309468094,16351.0,27689.221262060684,36.65247408799953,1.0
baseline,traditional,244,6859718173.842176,16380.0,0.44495204280867356,16329.0,27660.94102964113,37.7602796163723,1.0
baseline,traditional,245,6878501086.451389,16385.0,0.44591134383431835,16348.0,27649.563082735513,37.3024118352423,1.0
baseline,traditional,246,6837706273.122179,16382.0,0.44897623330242237,16345.0,27512.43291532253,36.1259034866398,1.0
baseline,traditional,247,6796146030.183647,16382.0,0.4487895344487648,16333.0,27358.217291961348,36.12245607681023,1.0
baseline,traditional,248,6831183046.979788,16382.0,0.447261317412232,16341.0,27525.73609336466,35.98109004385115,1.0
baseline,traditional,249,6828157834.307709,16379.0,0.44794096290458546,16342.0,27536.19452381537,36.6024783924744,1.0
baseline,near_critical,0,6846784203.470918,16381.0,0.446696252212289,16338.0,27515.87550957274,37.35955839827579,1.0
baseline,near_critical,1,6824373679.567509,16382.0,0.4463501783707734,16336.0,27555.29242101762,35.53327837429434,1.0
baseline,near_critical,2,6840705702.248952,16384.0,0.4493870589866015,16350.0,27560.78800418112,35.80300294475373,1.0
baseline,near_critical,3,6842804104.2338505,16380.0,0.4488575924136567,16341.0,27555.72814726466,35.25901787774789,1.0
baseline,near_critical,4,6826629172.262148,16380.0,0.449569664906623,16328.0,27507.16763370003,36.00252239399707,1.0
baseline,near_critical,5,6820572313.29068,16383.0,0.44893071626057746,16339.0,27487.00805114894,34.859843113137444,1.0
baseline,near_critical,6,6842082562.722186,16382.0,0.44830281048667225,16342.0,27508.09593196493,35.749272859248336,1.0
baseline,near_critical,7,6855048164.127166,16384.0,0.44753268699236615,16350.0,27572.02431186085,36.60079243786879,1.0
baseline,near_critical,8,6813489375.323014,16379.0,0.4481233552653876,16332.0,27470.142617734662,36.65175068903064,1.0
baseline,near_critical,9,6864776569.073548,16375.0,0.4460417778508209,16337.0,27672.96041058015,35.67110606810611,2.0
baseline,near_critical,10,6876379204.945424,16381.0,0.4459877775395559,16337.0,27689.246800701614,35.40513870461374,2.0
baseline,near_critical,11,6865442470.728604,16383.0,0.4478791477481106,16343.0,27616.262313084975,35.11218791504807,1.0
baseline,near_critical,12,6845517276.782511,16386.0,0.44834182773177034,16351.0,27510.767574983252,36.195322388164215,1.0
baseline,near_critical,13,6874392948.084077,16381.0,0.44554272580105625,16336.0,27762.008110498056,36.20864246459402,1.0
baseline,near_critical,14,6831848403.699447,16380.0,0.44763818131207495,16343.0,27559.657804470367,36.06158859475385,1.0
baseline,near_critical,15,6869994824.628418,16385.0,0.4457391269129536,16335.0,27655.919415301658,35.713339789923324,1.0
baseline,near_critical,16,6846360166.237921,16381.0,0.44787253409060196,16343.0,27561.961786369844,35.89171055339286,1.0
baseline,near_critical,17,6807430106.609913,16382.0,0.44897026147135183,16349.0,27415.13890686651,35.240861693629306,1.0
baseline,near_critical,18,6790106200.215388,16379.0,0.4506213458876421,16326.0,27395.94849942769,35.392620693861595,1.0
baseline,near_critical,19,6812164634.882242,16378.0,0.44948523190412265,16335.0,27400.93061303494,35.37898987989649,2.0
baseline,near_critical,20,6809713945.088936,16382.0,0.44901090980072794,16353.0,27489.324312971246,35.168279042439295,1.0
baseline,near_critical,21,6833966432.396346,16380.0,0.44888254405286104,16332.0,27497.373403574187,37.30120552016977,1.0
baseline,near_critical,22,6858562373.31754,16387.0,0.44742542469526375,16341.0,27601.695706699476,36.14114310567026,1.0
baseline,near_critical,23,6873853204.936764,16385.0,0.4455723277161512,16341.0,27669.37963190829,35.911724221375835,1.0
baseline,near_critical,24,6840233765.429282,16383.0,0.44958105415933797,16349.0,27545.325612890672,35.88765755851883,1.0
baseline,near_critical,25,6874328317.96891,16388.0,0.44489060011361714,16340.0,27667.868173735198,36.756975643209095,1.0
baseline,near_critical,26,6841688240.435577,16382.0,0.4484458586845982,16343.0,27567.873307294376,35.69653516083203,1.0
baseline,near_critical,27,6858288681.899815,16380.0,0.44643250035934484,16336.0,27617.994551862663,36.31467675385305,1.0
baseline,near_critical,28,6878524364.492677,16380.0,0.4458581170020858,16342.0,27682.095883731185,36.09252560674095,1.0
baseline,near_critical,29,6850109009.973347,16383.0,0.4468133045607287,16347.0,27612.026142838633,35.99137521043375,2.0
baseline,near_critical,30,6794868002.47359,16380.0,0.45132224593098963,16336.0,27286.190149008922,36.11120991832476,1.0
baseline,near_critical,31,6821490833.770112,16382.0,0.448483351958786,16343.0,27464.60770733317,36.29412567650079,1.0
baseline,near_critical,32,6814307539.957837,16378.0,0.44935727132358005,16339.0,27424.044239629387,36.56768457277961,1.0
baseline,near_critical,33,6848304547.832896,16380.0,0.4470604445263324,16335.0,27576.639499184505,34.9130118794469,1.0
baseline,near_critical,34,6858904990.169039,16382.0,0.44577367466223855,16346.0,27653.72424247396,36.35898462547434,1.0
baseline,near_critical,35,6802136336.133181,16374.0,0.44799957662651096,16335.0,27431.109690740574,36.09872731794983,1.0
baseline,near_critical,36,6862629111.397835,16382.0,0.44691490413806884,16349.0,27682.01609086217,35.87363009303116,1.0
baseline,near_critical,37,6827245820.322793,16379.0,0.44951274600220953,16336.0,27499.04824804612,35.18541119551002,1.0
baseline,near_critical,38,6858047816.430713,16384.0,0.445507204718184,16349.0,27638.753576206404,36.329253693004894,1.0
baseline,near_critical,39,6833436838.4875555,16382.0,0.4485535042682579,16347.0,27544.22269937585,35.39617995458798,1.0
baseline,near_critical,40,6870441876.037015,16383.0,0.4452699864884215,16342.0,27664.77976429511,36.44664829227637,1.0
baseline,near_critical,41,6871761651.626285,16386.0,0.44671046548422666,16346.0,27625.307585105325,36.278278667246994,1.0
baseline,near_critical,42,6819586735.799318,16383.0,0.44615073139173633,16341.0,27523.09873468113,36.292912237913775,1.0
baseline,near_critical,43,6815536313.928281,16382.0,0.45127517494642294,16338.0,27372.420395682304,34.618936144455205,1.0
baseline,near_critical,44,6833699336.059376,16383.0,0.4487067775259174,16341.0,27482.63421129341,35.20920261716004,1.0
baseline,near_critical,45,6862738901.574283,16383.0,0.4469361875547665,16344.0,27578.11462794961,36.58601757114398,1.0
baseline,near_critical,46,6820138375.172238,16384.0,0.4499311033085086,16333.0,27468.590219850546,35.45525136003404,1.0
baseline,near_critical,47,6844990138.614368,16380.0,0.4465812803010195,16340.0,27615.22576637261,35.8373329433717,1.0
baseline,near_critical,48,6838657486.458978,16382.0,0.4472564244887915,16346.0,27518.737592017642,36.13029109646535,1.0
baseline,near_critical,49,6888787208.752636,16385.0,0.44538979503639,16342.0,27737.32386006603,35.63564259995542,1.0
baseline,near_critical,50,6815907389.0510435,16386.0,0.44919629466377115,16346.0,27518.82751779464,36.659780251584905,1.0
baseline,near_critical,51,6798037167.725736,16378.0,0.45104085024465446,16341.0,27443.812741515703,36.498692148162164,1.0
baseline,near_critical,52,6828207311.896129,16382.0,0.4479418916167356,16345.0,27490.610460347983,35.40322325982341,1.0
baseline,near_critical,53,6856481542.017667,16381.0,0.44605992749665424,16337.0,27608.87010911549,35.52055188056578,1.0
baseline,near_critical,54,6814736224.69402,16384.0,0.44916919914240144,16339.0,27461.317327946923,35.83343100419641,1.0
baseline,near_critical,55,6821224116.931668,16382.0,0.44960070496382026,16339.0,27449.011648351792,35.68054124179859,1.0
baseline,near_critical,56,6865710367.432608,16381.0,0.446966164848346,16344.0,27633.022878994343,35.57949943901646,1.0
baseline,near_critical,57,6845881690.363424,16381.0,0.44765505807422057,16337.0,27636.63644404576,35.13338202759559,1.0
baseline,near_critical,58,6835628898.947827,16381.0,0.4477165255681215,16341.0,27561.013994436475,34.895941482444535,1.0
baseline,near_critical,59,6890499935.454623,16384.0,0.44656988663942376,16337.0,27716.768005983933,35.58305003901366,1.0
baseline,near_critical,60,6836275286.988878,16382.0,0.44775132191684075,16343.0,27565.427823716673,36.05814406517383,1.0
baseline,near_critical,61,6817900413.467681,16380.0,0.4486017611853555,16344.0,27445.18669435348,34.96986197964549,2.0
baseline,near_critical,62,6810762337.692013,16386.0,0.4503967968938399,16350.0,27439.027429258203,37.179964888038064,1.0
baseline,near_critical,63,6886651172.358707,16388.0,0.4456809523027966,16354.0,27671.684455522154,36.1503078996091,1.0
baseline,near_critical,64,6861643521.553392,16384.0,0.4463320286185323,16344.0,27629.663966231125,35.70315241592021,1.0
baseline,near_critical,65,6807790602.205546,16378.0,0.4491038317787656,16328.0,27432.007064019534,35.21856707063907,1.0
baseline,near_critical,66,6862982995.442691,16386.0,0.4452045444024961,16344.0,27664.589005376685,36.419086388434536,1.0
baseline,near_critical,67,6842995329.471013,16381.0,0.4475142153645376,16335.0,27538.651808377766,36.51715717491206,1.0
baseline,near_critical,68,6850300605.646427,16385.0,0.44823148473488783,16350.0,27568.44981232257,35.491984656477605,1.0
baseline,near_critical,69,6822076701.723983,16382.0,0.4471986052685594,16345.0,27556.059540735365,35.84670181183564,1.0
baseline,near_critical,70,6850018500.67218,16383.0,0.4478630089436355,16337.0,27563.57593636241,35.9157156335592,1.0
baseline,near_critical,71,6845282979.96923,16379.0,0.44915612327143833,16337.0,27567.11971378639,36.60036415047726,1.0
baseline,near_critical,72,6871363793.804012,16382.0,0.4456865998001093,16345.0,27655.34541214246,36.6953459057352,1.0
baseline,near_critical,73,6833383896.7725725,16384.0,0.44934435533731154,16347.0,27522.227346962824,35.72484791457706,1.0
baseline,near_critical,74,6812714146.14365,16378.0,0.45044302279077597,16322.0,27424.008873648825,36.06423607310395,1.0
baseline,near_critical,75,6840338736.449879,16384.0,0.44751043763648457,16347.0,27597.793848610698,35.82092651799383,1.0
baseline,near_critical,76,6870667725.013267,16385.0,0.4461654584892727,16351.0,27683.21870624024,35.42054798790404,1.0
baseline,near_critical,77,6830610753.408374,16383.0,0.44705922423721045,16336.0,27506.362194178735,35.93488612522311,1.0
baseline,near_critical,78,6852279477.622058,16385.0,0.4473629083704256,16349.0,27617.66961547427,36.93954575451488,1.0
baseline,near_critical,79,6830744854.425914,16386.0,0.4473245899986773,16351.0,27569.917480780376,35.57534776003398,1.0
baseline,near_critical,80,6828732998.826309,16381.0,0.44912792619764536,16340.0,27517.039312919052,36.9330620216801,1.0
baseline,near_critical,81,6824064797.657533,16384.0,0.449198730797041,16335.0,27503.43952544691,36.73262432402456,1.0
baseline,near_critical,82,6829438976.798975,16389.0,0.4477577817711083,16347.0,27478.10984955825,36.070063918290906,1.0
baseline,near_critical,83,6806968501.049549,16383.0,0.4491327119376944,16348.0,27425.195094739916,35.4018607132951,1.0
baseline,near_critical,84,6823445539.581579,16380.0,0.45067917890929243,16340.0,27478.806696478958,35.29325797527445,1.0
baseline,near_critical,85,6858483299.373551,16380.0,0.4484776535080758,16342.0,27535.419049097254,36.10646027586033,1.0
baseline,near_critical,86,6856970834.138353,16383.0,0.4455827453097478,16331.0,27630.218273429506,36.30286801248613,1.0
baseline,near_critical,87,6824510042.065408,16380.0,0.44744336349507874,16340.0,27534.062853432944,37.074439145181614,1.0
baseline,near_critical,88,6846196403.399554,16382.0,0.4484847823064321,16340.0,27562.889282626464,35.50148783015202,1.0
baseline,near_critical,89,6821616412.825051,16385.0,0.4495983252141175,16346.0,27459.16388264579,35.78234587475796,1.0
baseline,near_critical,90,6849056258.859734,16383.0,0.4484893307409886,16338.0,27564.03579012091,36.017933395493294,1.0
baseline,near_critical,91,6862302410.652663,16379.0,0.44599223740140653,16337.0,27634.889454813456,35.913917511834775,1.0
baseline,near_critical,92,6828129111.667252,16383.0,0.44854167853183674,16342.0,27540.38352428333,36.075872617848525,1.0
baseline,near_critical,93,6817134214.871598,16379.0,0.4498925243850998,16332.0,27434.138596928082,35.5293110597475,1.0
baseline,near_critical,94,6820456991.041945,16376.0,0.4489565007353642,16330.0,27515.8159747697,35.514461253057604,1.0
baseline,near_critical,95,6842619310.872609,16379.0,0.44631985614743075,16334.0,27588.24112475009,36.834156975297894,1.0
baseline,near_critical,96,6872615590.356571,16378.0,0.44722975963732003,16333.0,27680.918994982116,37.31135758969777,1.0
baseline,near_critical,97,6836233099.405991,16382.0,0.44897874691909395,16347.0,27550.536020770967,37.27644385600511,1.0
baseline,near_critical,98,6825138982.905385,16386.0,0.44699658807148895,16340.0,27487.44085448855,35.61800995317381,1.0
baseline,near_critical,99,6810686082.138131,16385.0,0.44958943188538714,16324.0,27343.62857139807,35.409808454989154,1.0
baseline,near_critical,100,6854252546.126767,16385.0,0.4460710736154715,16341.0,27642.055595750175,35.030135725427776,1.0
baseline,near_critical,101,6845593678.588481,16380.0,0.4479066423183414,16337.0,27489.693800852754,36.35947848146026,1.0
baseline,near_critical,102,6820470672.177205,16380.0,0.44940492627685574,16341.0,27467.3719150135,35.549047227149075,2.0
baseline,near_critical,103,6827748853.916192,16384.0,0.4485116447033674,16337.0,27480.580316917443,37.00763624238409,1.0
baseline,near_critical,104,6840562168.1865835,16383.0,0.4472649697116656,16346.0,27558.2176037643,36.62398248023413,1.0
baseline,near_critical,105,6817552750.938962,16380.0,0.44981832609563566,16327.0,27536.499680374396,35.89685356117137,1.0
baseline,near_critical,106,6803611469.014906,16376.0,0.45117210165298494,16325.0,27296.678256751973,35.18081754611579,1.0
baseline,near_critical,107,6824621623.493233,16383.0,0.4489843711921567,16340.0,27474.37199557876,35.6828957078077,1.0
baseline,near_critical,108,6789092880.86972,16380.0,0.4502126874362726,16333.0,27351.089271829336,35.7858301661754,1.0
baseline,near_critical,109,6882327188.102616,16386.0,0.4469776801299153,16342.0,27652.68761930538,36.05411988959181,1.0
baseline,near_critical,110,6870815789.778642,16385.0,0.44619518537251046,16345.0,27628.57582369236,36.586144841673566,1.0
baseline,near_critical,111,6820060959.584818,16385.0,0.44858782811440856,16345.0,27498.891022555206,36.11159629517494,1.0
baseline,near_critical,112,6833014553.092063,16387.0,0.44862462426432115,16341.0,27477.30670863953,36.20806330934406,1.0
baseline,near_critical,113,6847954090.195248,16385.0,0.4476111890029965,16349.0,27554.252507042336,35.31346086114656,1.0
baseline,near_critical,114,6824262592.824829,16385.0,0.44983303307235795,16345.0,27462.200136105617,35.791966691206255,1.0
baseline,near_critical,115,6822272806.224566,16385.0,0.44756079333067816,16339.0,27523.161773130036,36.09097383825499,1.0
baseline,near_critical,116,6810750217.097328,16383.0,0.4485348317411296,16336.0,27411.24956766272,34.93816716675981,1.0
baseline,near_critical,117,6814170628.684988,16385.0,0.4475407114645874,16334.0,27461.125069301488,36.50757500022382,1.0
baseline,near_critical,118,6825354201.290271,16385.0,0.4488667581684943,16344.0,27468.7777995686,36.0881779955135,1.0
baseline,near_critical,119,6806886088.843184,16379.0,0.44819585967541414,16344.0,27477.414531089416,35.14174638706414,1.0
baseline,near_critical,120,6817592015.208515,16382.0,0.44995140202214534,16345.0,27423.303298270755,36.171944509815795,1.0
baseline,near_critical,121,6848128317.170524,16389.0,0.4484212418529108,16346.0,27505.456411668707,35.36189502371901,1.0
baseline,near_critical,122,6799944604.340621,16381.0,0.4498313840961715,16341.0,27415.584024790598,35.810629014968335,1.0
baseline,near_critical,123,6858487937.8322735,16382.0,0.4482410381331,16349.0,27584.739327719893,35.20087757102042,1.0
baseline,near_critical,124,6862640047.820083,16387.0,0.44728107332341077,16346.0,27693.15201990432,36.1987126354888,1.0
baseline,near_critical,125,6862738668.880461,16381.0,0.44601663010017606,16343.0,27630.856598763832,35.36325034338654,1.0
baseline,near_critical,126,6837805690.099322,16386.0,0.44896256185927375,16348.0,27485.848349755088,35.93573264667916,1.0
baseline,near_critical,127,6827171926.149279,16381.0,0.4489878865160395,16344.0,27492.59612734893,36.12750357140668,1.0
baseline,near_critical,128,6866361179.451406,16387.0,0.4468477717798346,16341.0,27597.487926891536,36.25365329801485,1.0
baseline,near_critical,129,6900790502.554996,16385.0,0.44551723393367215,16346.0,27738.060216019665,36.130831552473516,1.0
baseline,near_critical,130,6866841013.549508,16378.0,0.4462148684810368,16339.0,27696.448211996107,36.82143567009865,1.0
baseline,near_critical,131,6827919330.301499,16381.0,0.44808724564006003,16339.0,27565.514918029206,35.94610200586899,1.0
baseline,near_critical,132,6902725327.137006,16383.0,0.44355945184876955,16337.0,27842.98901448087,37.090928025772065,1.0
baseline,near_critical,133,6850261102.786825,16382.0,0.4475253524653682,16340.0,27525.30713810544,35.510562454164244,1.0
baseline,near_critical,134,6802359930.633317,16386.0,0.4482166582480391,16339.0,27482.376312988952,35.493398095334065,1.0
baseline,near_critical,135,6821840889.366006,16379.0,0.44898511757883824,16335.0,27451.14456482936,36.07612036678254,2.0
baseline,near_critical,136,6827388796.380027,16381.0,0.44794333087856386,16335.0,27559.434442699927,36.20119614513092,1.0
baseline,near_critical,137,6830923351.60338,16382.0,0.4499991001186281,16348.0,27449.273239594877,36.7648936954755,1.0
baseline,near_critical,138,6839564270.162419,16387.0,0.44696123085002415,16345.0,27595.296067310814,36.14994811486467,1.0
baseline,near_critical,139,6821867373.566785,16379.0,0.4489012091332523,16339.0,27447.98295260099,35.618840997771734,2.0
baseline,near_critical,140,6835936845.942438,16377.0,0.4482146956314845,16342.0,27462.235194486057,35.935008158222985,1.0
baseline,near_critical,141,6842441689.703349,16382.0,0.4477984610398368,16352.0,27569.76036851118,35.9499240947752,1.0
baseline,near_critical,142,6890808007.924033,16384.0,0.4438388917229559,16344.0,27782.429267403506,36.65059440843042,1.0
baseline,near_critical,143,6862872290.951266,16382.0,0.44836125926529197,16346.0,27645.619610349695,36.130781268358334,1.0
baseline,near_critical,144,6835945664.012724,16380.0,0.4488398620118796,16337.0,27488.45014557569,36.303649140906394,1.0
baseline,near_critical,145,6799784488.605315,16383.0,0.4496747933510597,16345.0,27345.326056884605,35.90145342208505,1.0
baseline,near_critical,146,6834691111.7239685,16385.0,0.4487620335797945,16342.0,27535.547633106224,36.27263948496903,1.0
baseline,near_critical,147,6839450617.068839,16380.0,0.4473840226704014,16337.0,27529.67861364883,35.6454453913012,2.0
baseline,near_critical,148,6823742772.509574,16386.0,0.4472913289471445,16346.0,27546.847042764686,36.31127857450009,1.0
baseline,near_critical,149,6835743218.321024,16384.0,0.44753646124564733,16342.0,27512.83882373917,36.46152193049705,1.0
baseline,near_critical,150,6854916693.69798,16384.0,0.44651246615632123,16350.0,27605.206757316148,36.24596915805269,1.0
baseline,near_critical,151,6805025237.959322,16383.0,0.44972578282961545,16348.0,27410.622605602446,34.844980227302486,1.0
baseline,near_critical,152,6855831148.510983,16381.0,0.44630851470043376,16333.0,27551.38837837066,35.937111164187385,1.0
baseline,near_critical,153,6805975940.260321,16381.0,0.44919447295045867,16333.0,27390.828901055294,35.005399567079785,1.0
baseline,near_critical,154,6839505523.733862,16382.0,0.44689852334945324,16341.0,27597.843182617296,36.72771502903399,1.0
baseline,near_critical,155,6809615053.118781,16382.0,0.44895328415015967,16348.0,27426.44705815474,36.35303093313325,1.0
baseline,near_critical,156,6818342962.922624,16378.0,0.45046983171065536,16342.0,27408.74522690481,36.32766540424166,1.0
baseline,near_critical,157,6840724263.679084,16383.0,0.44830191948460696,16342.0,27539.996727609956,36.87119438199453,1.0
baseline,near_critical,158,6788526502.326976,16384.0,0.45065968626208786,16341.0,27324.04240213367,35.153761343076944,1.0
baseline,near_critical,159,6810910939.873686,16379.0,0.44823715121964264,16341.0,27510.319697015813,35.08153505606913,1.0
baseline,near_critical,160,6859068831.5546,16381.0,0.44406379646352084,16343.0,27716.56857113095,35.54357917559479,1.0
baseline,near_critical,161,6825460340.295906,16385.0,0.449450302015112,16347.0,27501.44336854255,35.97824055038126,1.0
baseline,near_critical,162,6845272218.328589,16379.0,0.4498965724593785,16340.0,27506.334542224806,35.61594715092893,1.0
baseline,near_critical,163,6834716374.796773,16383.0,0.4496876397638076,16346.0,27426.592127543518,36.56006143470514,1.0
baseline,near_critical,164,6820317934.195202,16385.0,0.4483700324345363,16344.0,27523.13114145583,35.48884268981383,1.0
baseline,near_critical,165,6831980865.567102,16384.0,0.4479790316765876,16345.0,27530.72155059028,36.109369521286965,1.0
baseline,near_critical,166,6870410461.753532,16378.0,0.44466300616782606,16342.0,27694.0800483748,35.91948617701552,1.0
baseline,near_critical,167,6821509194.770921,16386.0,0.44809227541782426,16340.0,27486.033834920712,35.689434799888296,1.0
baseline,near_critical,168,6860708005.286357,16382.0,0.44729149782586597,16345.0,27598.224242842214,36.386347530430164,1.0
baseline,near_critical,169,6798493844.804139,16385.0,0.4504053180296066,16334.0,27296.097347986288,35.18431442846529,1.0
baseline,near_critical,170,6856494492.137144,16384.0,0.4504872762318864,16347.0,27522.313773934136,36.10412610811299,1.0
baseline,near_critical,171,6832969687.419138,16385.0,0.44941901433467646,16346.0,27486.323949984777,35.53291276596809,1.0
baseline,near_critical,172,6840663222.180424,16381.0,0.4488983418120667,16345.0,27543.153438620226,36.05546266150289,1.0
baseline,near_critical,173,6824885260.563013,16382.0,0.4475938578859696,16337.0,27510.15110167493,35.96565831496374,1.0
baseline,near_critical,174,6859138981.48177,16382.0,0.44571893128212364,16347.0,27645.149380431998,36.00603895545052,1.0
baseline,near_critical,175,6885597183.850745,16385.0,0.4462319340833141,16338.0,27676.062370947668,35.38124247498054,1.0
baseline,near_critical,176,6819793302.277359,16386.0,0.4487930810119849,16344.0,27461.792807271315,36.85766802547199,1.0
baseline,near_critical,177,6844550718.698061,16382.0,0.4481783476802188,16356.0,27604.019359658596,36.29104417900226,1.0
baseline,near_critical,178,6823683203.853695,16386.0,0.44861661735792935,16347.0,27492.235091579696,35.58262229482874,1.0
baseline,near_critical,179,6865478986.368712,16382.0,0.44490808209048865,16341.0,27692.811613367874,35.81939977002408,1.0
baseline,near_critical,180,6842306549.675093,16387.0,0.4468255140013156,16342.0,27539.596355101578,36.601465913282354,1.0
baseline,near_critical,181,6820810623.258667,16384.0,0.4493803013163662,16346.0,27512.660286923718,35.20906816141989,1.0
baseline,near_critical,182,6889869612.112117,16383.0,0.44520154755360436,16348.0,27732.555070056333,35.57429811922902,1.0
baseline,near_critical,183,6829323638.261605,16384.0,0.4478426818518864,16338.0,27509.074566016665,36.087862885991186,1.0
baseline,near_critical,184,6817413751.521644,16380.0,0.4476376574702665,16332.0,27533.67351274371,37.10519469065932,1.0
baseline,near_critical,185,6860333400.295563,16382.0,0.4459352014267072,16344.0,27662.29834743183,36.180796447141105,1.0
baseline,near_critical,186,6827157413.971318,16380.0,0.4485146099590326,16323.0,27521.01896008597,35.63040439520052,1.0
baseline,near_critical,187,6846843843.555515,16387.0,0.44778755214477434,16343.0,27576.898560367033,35.5915820104603,1.0
baseline,near_critical,188,6828540484.380125,16386.0,0.4487078613773159,16348.0,27496.709744106392,36.12500789038372,1.0
baseline,near_critical,189,6815081255.781213,16383.0,0.44835160340487185,16347.0,27458.925587503072,35.0152034944758,1.0
baseline,near_critical,190,6793212251.544153,16382.0,0.4495922094500251,16339.0,27382.96830998369,35.54761226179285,1.0
baseline,near_critical,191,6846473303.372045,16380.0,0.4473675842882846,16327.0,27543.71834089818,36.41753930191523,2.0
baseline,near_critical,192,6850836417.603877,16381.0,0.44753965796168016,16338.0,27536.17312601529,36.27247003739564,1.0
baseline,near_critical,193,6836474885.460514,16383.0,0.4482672383579941,16349.0,27509.998378105563,36.031599008092435,1.0
baseline,near_critical,194,6801915122.891637,16383.0,0.45033509722567877,16329.0,27446.644983295973,36.138397262182444,1.0
baseline,near_critical,195,6871362121.150261,16383.0,0.44654609330468714,16348.0,27681.363825071283,35.51035910809915,1.0
baseline,near_critical,196,6840074685.671411,16382.0,0.4467786171363407,16333.0,27530.28411175857,35.95308300549227,1.0
baseline,near_critical,197,6834552537.496066,16384.0,0.4479371356283357,16348.0,27479.18130136577,36.35796341926604,1.0
baseline,near_critical,198,6843525838.061075,16384.0,0.4477988617717946,16336.0,27582.94054937378,36.628686337230945,1.0
baseline,near_critical,199,6822958018.452748,16383.0,0.4503819547913985,16331.0,27515.586915904103,34.868672273912864,1.0
baseline,near_critical,200,6824922197.032374,16381.0,0.44798954204931535,16339.0,27527.193839252566,36.19144949658011,1.0
baseline,near_critical,201,6837295084.503987,16383.0,0.4471535717552591,16339.0,27534.70961358491,35.149333489761126,1.0
baseline,near_critical,202,6817298999.176579,16385.0,0.4483978473767047,16350.0,27491.980819593777,35.44964159197944,1.0
baseline,near_critical,203,6867631064.17594,16384.0,0.4473404833111243,16344.0,27656.393026872047,36.15882318365805,1.0
baseline,near_critical,204,6839201996.2500925,16383.0,0.4481170050533308,16336.0,27511.80167772413,35.6627719520104,1.0
baseline,near_critical,205,6836534243.600099,16384.0,0.4464889238663041,16336.0,27567.237416377295,35.82282127266063,1.0
baseline,near_critical,206,6875899320.794378,16383.0,0.4461096249449873,16344.0,27642.693855666595,35.14864426357561,1.0
baseline,near_critical,207,6874756628.131969,16376.0,0.4458281774221573,16335.0,27667.11461975136,36.79791205910214,1.0
baseline,near_critical,208,6852425676.708675,16381.0,0.4465391077994081,16342.0,27606.132283242947,35.00717627635257,1.0
baseline,near_critical,209,6831085723.250346,16382.0,0.4479038909850881,16343.0,27568.45706010814,35.86619718976446,1.0
baseline,near_critical,210,6803062658.671086,16385.0,0.44844472343534775,16337.0,27403.343251057424,36.98624979430052,1.0
baseline,near_critical,211,6854183811.664584,16382.0,0.4477074107786119,16346.0,27633.902747764554,35.61105426605547,1.0
baseline,near_critical,212,6829362133.355296,16385.0,0.4482053510424977,16339.0,27471.567220137054,35.202512653508144,1.0
baseline,near_critical,213,6875347697.105489,16386.0,0.44470877675559556,16347.0,27723.81612720152,35.858880674523995,1.0
baseline,near_critical,214,6819516316.992825,16385.0,0.4492424496556815,16343.0,27440.647955177767,36.45500638708656,1.0
baseline,near_critical,215,6827712881.168793,16386.0,0.44912245782557314,16353.0,27470.297335532687,34.982481474360675,1.0
baseline,near_critical,216,6742010569.43559,16383.0,0.4537125435820601,16337.0,27132.305615360645,36.142789111890416,1.0
baseline,near_critical,217,6877774286.79011,16380.0,0.4467532823430772,16341.0,27614.55463264728,35.7173946418798,1.0
baseline,near_critical,218,6856713084.507029,16383.0,0.44715203173343715,16347.0,27557.194121286855,36.160331562516724,1.0
baseline,near_critical,219,6842352407.346117,16381.0,0.44929965083468776,16337.0,27493.642214534277,35.41514993511804,1.0
baseline,near_critical,220,6868871997.685432,16384.0,0.4451277911455831,16348.0,27709.057884516133,36.065290968224815,1.0
baseline,near_critical,221,6789722987.171663,16380.0,0.4514479720996743,16334.0,27298.277479543915,35.95132783229723,1.0
baseline,near_critical,222,6828019864.948871,16387.0,0.44881771796930264,16342.0,27521.665060866108,36.07146786192785,1.0
baseline,near_critical,223,6852748188.656798,16384.0,0.449053244471402,16336.0,27604.822878257197,36.07166372799362,1.0
baseline,near_critical,224,6842202141.367211,16384.0,0.4478937228745172,16343.0,27535.604472316732,35.66632133910919,1.0
baseline,near_critical,225,6883666550.061022,16383.0,0.44392639113448507,16339.0,27694.330246337213,37.38962294135945,1.0
baseline,near_critical,226,6836169798.559811,16383.0,0.44816175145147497,16338.0,27491.73944643741,35.63973668833875,1.0
baseline,near_critical,227,6868125677.47472,16383.0,0.44763921782552857,16335.0,27634.79117977657,35.73942216316696,1.0
baseline,near_critical,228,6841721574.898383,16375.0,0.4492068364911949,16330.0,27513.215362475476,36.253187899794845,1.0
baseline,near_critical,229,6823964398.087762,16379.0,0.4490148585064447,16338.0,27400.445447395006,36.60742609328923,1.0
baseline,near_critical,230,6822679698.368757,16385.0,0.4502681451538009,16346.0,27416.30007292167,35.97510351673791,1.0
baseline,near_critical,231,6818128892.363619,16380.0,0.44925826985635403,16341.0,27480.814252033906,36.14302423799129,1.0
baseline,near_critical,232,6784251088.151239,16377.0,0.45010880445702856,16340.0,27364.32596081625,35.176276358868854,2.0
baseline,near_critical,233,6837157539.239659,16382.0,0.4484983089328193,16342.0,27501.919609574736,35.397049644197644,1.0
baseline,near_critical,234,6864892258.110379,16386.0,0.44679921733790773,16343.0,27640.462549420336,36.30832589756136,1.0
baseline,near_critical,235,6863602959.391388,16383.0,0.4467095107076687,16345.0,27644.61034921897,37.22311468838318,1.0
baseline,near_critical,236,6871462211.240813,16383.0,0.4464638195379801,16346.0,27653.62996248573,36.150512822612285,1.0
baseline,near_critical,237,6822921354.001036,16375.0,0.4492170256205389,16332.0,27471.62450025081,36.42762291447302,1.0
baseline,near_critical,238,6835264559.3984165,16381.0,0.4494569258546638,16344.0,27535.295724956115,35.47625417993275,1.0
baseline,near_critical,239,6860419594.470626,16379.0,0.44695676399091777,16334.0,27584.34916393334,35.598891220011446,2.0
baseline,near_critical,240,6840627275.384746,16380.0,0.44850577215750076,16346.0,27549.87322719403,35.002522366301456,1.0
baseline,near_critical,241,6832463867.346486,16382.0,0.4477417732760912,16339.0,27514.407416416758,35.81025629471069,1.0
baseline,near_critical,242,6836812920.268642,16379.0,0.4488299611859443,16338.0,27529.24998694092,35.21212276594988,1.0
baseline,near_critical,243,6823723140.06672,16382.0,0.44774787066366417,16332.0,27504.29840647094,35.98698720912541,1.0
baseline,near_critical,244,6874048528.436322,16385.0,0.44457849620726697,16344.0,27662.03274766375,36.57658610856841,1.0
baseline,near_critical,245,6828613111.587407,16380.0,0.44926823731948945,16321.0,27479.216936165427,35.29766711357666,1.0
baseline,near_critical,246,6860348952.230497,16381.0,0.44567178080544817,16337.0,27693.47679885456,36.17755621458963,2.0
baseline,near_critical,247,6826857212.733187,16380.0,0.4499517653253324,16330.0,27354.77621053446,35.874827133100396,1.0
baseline,near_critical,248,6827015257.483921,16381.0,0.4470285269644346,16353.0,27542.33150951711,35.000364502174456,1.0
baseline,near_critical,249,6815625074.162496,16381.0,0.4491047635651503,16335.0,27457.43348107003,35.99980077250648,1.0
demand_shock_20,no_intervention,0,9543969474.39499,16404.0,0.35378282505665876,16376.0,38764.818541813955,33.8078516988145,1.0
demand_shock_20,no_intervention,1,9582753460.86366,16408.0,0.35091128881400446,16372.0,38968.73131660496,33.9678974075784,1.0
demand_shock_20,no_intervention,2,9521850099.507256,16401.0,0.3535344467059187,16373.0,38716.90542857607,33.81749107143249,1.0
demand_shock_20,no_intervention,3,9518647107.32331,16405.0,0.3544936327683605,16374.0,38612.03933646208,33.67929708332447,1.0
demand_shock_20,no_intervention,4,9531496477.9186,16405.0,0.3530199994148376,16377.0,38690.85022497841,33.114691023385575,1.0
demand_shock_20,no_intervention,5,9542733484.614803,16403.0,0.35345859344736585,16371.0,38685.26345416149,33.7477140008547,2.0
demand_shock_20,no_intervention,6,9586824881.540812,16405.0,0.351360823331883,16370.0,38906.22857109946,34.0133147817141,1.0
demand_shock_20,no_intervention,7,9519951727.867626,16406.0,0.3550021301313539,16368.0,38611.07132941606,32.760097466109265,1.0
demand_shock_20,no_intervention,8,9517654058.225134,16406.0,0.35286553412296523,16376.0,38700.2479257219,33.54944880104083,1.0
demand_shock_20,no_intervention,9,9539674056.170452,16411.0,0.3546894494919868,16375.0,38686.165181342556,33.58962002193421,1.0
demand_shock_20,no_intervention,10,9541755652.71804,16403.0,0.3533457756835224,16368.0,38659.52112549017,33.42360494783869,1.0
demand_shock_20,no_intervention,11,9545271837.672169,16404.0,0.3527872459018151,16374.0,38735.36112081618,33.779127391558745,1.0
demand_shock_20,no_intervention,12,9524515172.870184,16404.0,0.3533738835809269,16370.0,38657.73896597974,33.178601867395415,1.0
demand_shock_20,no_intervention,13,9503532300.152178,16400.0,0.35514553259311404,16368.0,38578.30660551139,33.71032737628817,1.0
demand_shock_20,no_intervention,14,9543367382.549646,16404.0,0.3535206555054602,16375.0,38777.48427769566,33.55021793217218,1.0
demand_shock_20,no_intervention,15,9541574374.344273,16406.0,0.3544651044206119,16366.0,38638.780688917774,32.82456451139189,1.0
demand_shock_20,no_intervention,16,9531946561.394196,16401.0,0.3544854550305512,16372.0,38628.42374027218,32.90244995916241,1.0
demand_shock_20,no_intervention,17,9526948671.283964,16402.0,0.35394335225171425,16375.0,38666.70911197458,33.15502918419603,1.0
demand_shock_20,no_intervention,18,9568789513.608358,16406.0,0.3528049823420662,16373.0,38843.65709829149,32.921137205997425,1.0
demand_shock_20,no_intervention,19,9546856963.944128,16406.0,0.35347696748867835,16377.0,38760.08550083519,33.537890293708756,1.0
demand_shock_20,no_intervention,20,9567242904.452505,16408.0,0.3514837351994747,16375.0,38859.237143658414,33.358247550091065,1.0
demand_shock_20,no_intervention,21,9526073300.910753,16403.0,0.35429686239275937,16375.0,38625.96364011076,33.164827805296916,1.0
demand_shock_20,no_intervention,22,9532375934.485706,16406.0,0.3529718045330992,16374.0,38720.43893830705,32.75925850432891,1.0
demand_shock_20,no_intervention,23,9515183934.496029,16407.0,0.35428292644648113,16371.0,38661.6322557225,32.41759735178846,1.0
demand_shock_20,no_intervention,24,9551673388.542501,16403.0,0.35351884889705393,16369.0,38725.11545506004,33.36990301698206,1.0
demand_shock_20,no_intervention,25,9584218683.083958,16403.0,0.35027647698358616,16372.0,38931.98466376314,33.38306907034628,1.0
demand_shock_20,no_intervention,26,9573084737.638279,16402.0,0.351708776410502,16374.0,38848.312739151515,32.59124849628488,1.0
demand_shock_20,no_intervention,27,9569963789.721252,16403.0,0.35245014012751774,16371.0,38825.72890056645,33.03081037165403,1.0
demand_shock_20,no_intervention,28,9544788418.534893,16405.0,0.3530791283787371,16370.0,38747.10964854919,33.033249224522876,1.0
demand_shock_20,no_intervention,29,9543739482.647411,16408.0,0.35293387697096273,16373.0,38744.049867386355,32.887958220605235,1.0
demand_shock_20,no_intervention,30,9545576988.146175,16406.0,0.3527708879608137,16372.0,38768.60165860972,33.84589446145468,1.0
demand_shock_20,no_intervention,31,9590174063.073006,16407.0,0.3516858401829121,16373.0,38892.277935360216,33.853819294555386,1.0
demand_shock_20,no_intervention,32,9541661346.089237,16405.0,0.35341101065335484,16371.0,38676.512198345015,33.481276058185,1.0
demand_shock_20,no_intervention,33,9568839321.274406,16406.0,0.35217204440117145,16368.0,38767.3072137223,34.366174494096285,1.0
demand_shock_20,no_intervention,34,9560277894.263275,16408.0,0.3533060829620972,16368.0,38787.22807995047,32.83885194214584,1.0
demand_shock_20,no_intervention,35,9562210468.99651,16405.0,0.351913424243963,16371.0,38756.403208714444,32.63997890150907,1.0
demand_shock_20,no_intervention,36,9558774519.784866,16405.0,0.35403421315465367,16370.0,38747.698692300415,32.266598585647706,1.0
demand_shock_20,no_intervention,37,9566706625.197725,16407.0,0.3521264603241069,16374.0,38828.46828945681,33.94011528492299,1.0
demand_shock_20,no_intervention,38,9554982367.711937,16404.0,0.3528783092457038,16374.0,38765.142508440935,34.107822207693246,1.0
demand_shock_20,no_intervention,39,9537613881.890394,16405.0,0.353580214429817,16370.0,38685.12578640454,32.8540903538171,1.0
demand_shock_20,no_intervention,40,9548147532.781021,16405.0,0.35336540075125933,16373.0,38763.80963218125,33.23265302491751,1.0
demand_shock_20,no_intervention,41,9532972524.989565,16405.0,0.35430008483851927,16375.0,38688.61072787104,32.49313522306895,1.0
demand_shock_20,no_intervention,42,9552716425.400547,16408.0,0.35303796643015073,16375.0,38798.89295194353,33.31677677658992,1.0
demand_shock_20,no_intervention,43,9539507920.256912,16405.0,0.35412104028969865,16365.0,38720.78821228266,34.2410828749457,2.0
demand_shock_20,no_intervention,44,9550309699.075802,16403.0,0.35325258561048906,16372.0,38749.98350040481,33.4205507528854,1.0
demand_shock_20,no_intervention,45,9572629904.265638,16402.0,0.3537570708529106,16364.0,38757.88981283742,33.11253312220421,1.0
demand_shock_20,no_intervention,46,9560820633.320383,16402.0,0.35299717526966634,16374.0,38738.796922716996,33.344910935518115,1.0
demand_shock_20,no_intervention,47,9570580950.45833,16405.0,0.35252213843876357,16367.0,38849.84077710362,33.816617841483215,2.0
demand_shock_20,no_intervention,48,9547669234.032688,16404.0,0.3526914613483392,16371.0,38760.729030629474,33.033400339545416,1.0
demand_shock_20,no_intervention,49,9541759993.460327,16406.0,0.35440852908994314,16372.0,38690.9884124776,33.1757465162377,1.0
demand_shock_20,no_intervention,50,9590908149.75915,16403.0,0.3499449324580339,16372.0,38929.5957473533,34.38088767371762,1.0
demand_shock_20,no_intervention,51,9575281498.934372,16405.0,0.35254617335854815,16375.0,38799.29048411258,33.30815512888912,1.0
demand_shock_20,no_intervention,52,9545063604.505524,16405.0,0.3535762819305632,16368.0,38702.05056812024,32.795990044022204,1.0
demand_shock_20,no_intervention,53,9543656599.378193,16408.0,0.35328943297276805,16370.0,38765.95961147494,34.2400705832763,1.0
demand_shock_20,no_intervention,54,9533137316.715311,16407.0,0.3542033321226808,16373.0,38712.00510732256,32.94639487200584,1.0
demand_shock_20,no_intervention,55,9574955615.955755,16408.0,0.350572739371688,16372.0,38851.92051843177,32.986789678751684,1.0
demand_shock_20,no_intervention,56,9536825789.30691,16403.0,0.3548409931797009,16367.0,38718.32622075671,32.948145191593746,1.0
demand_shock_20,no_intervention,57,9554905231.89188,16404.0,0.3536744863280583,16373.0,38737.31136385724,32.92264976973524,1.0
demand_shock_20,no_intervention,58,9568277835.572601,16406.0,0.3525360650198176,16366.0,38814.90414021555,32.81810401926623,1.0
demand_shock_20,no_intervention,59,9569860272.161142,16403.0,0.3536176109051486,16374.0,38758.500698645614,32.90863721580004,1.0
demand_shock_20,no_intervention,60,9590593291.631191,16406.0,0.3519433103520409,16369.0,38889.040043188164,34.46708925934465,1.0
demand_shock_20,no_intervention,61,9554290640.39898,16406.0,0.35159952346702655,16373.0,38783.9720371509,33.41243203408239,1.0
demand_shock_20,no_intervention,62,9562933817.135624,16407.0,0.35242036286151573,16377.0,38830.72091833543,33.27990094664203,1.0
demand_shock_20,no_intervention,63,9554313255.62509,16402.0,0.3524455690249613,16375.0,38755.05924789534,32.96310099417987,1.0
demand_shock_20,no_intervention,64,9572688613.960012,16406.0,0.35326000596269846,16371.0,38820.89171116103,33.68588408822193,1.0
demand_shock_20,no_intervention,65,9499490531.176643,16405.0,0.35463854210476464,16368.0,38524.27332557548,33.12575472487654,1.0
demand_shock_20,no_intervention,66,9531127743.444012,16405.0,0.3545575911284022,16368.0,38677.98597764268,33.48165853814892,1.0
demand_shock_20,no_intervention,67,9488907502.487217,16404.0,0.35531960508376104,16371.0,38502.40317123678,32.538308681012154,1.0
demand_shock_20,no_intervention,68,9528240936.407251,16407.0,0.3550307612962199,16381.0,38633.876698559674,34.208890355725465,1.0
demand_shock_20,no_intervention,69,9554186744.490067,16407.0,0.353840456788015,16375.0,38700.9628988646,32.513390908673216,1.0
demand_shock_20,no_intervention,70,9545559465.353159,16408.0,0.35251837820501697,16371.0,38752.04257022642,33.86148578141781,1.0
demand_shock_20,no_intervention,71,9517635192.722408,16402.0,0.35399651328145887,16369.0,38601.27798594451,33.861862119121206,1.0
demand_shock_20,no_intervention,72,9507391922.07655,16406.0,0.3550942084292303,16373.0,38631.899030345,32.771294962580896,1.0
demand_shock_20,no_intervention,73,9514817478.579891,16402.0,0.3536644277209198,16362.0,38649.48570973981,33.49747736460813,2.0
demand_shock_20,no_intervention,74,9524973082.612913,16404.0,0.3554312396943818,16366.0,38631.64050669733,33.624879846851655,1.0
demand_shock_20,no_intervention,75,9553889827.694881,16406.0,0.3537966149286517,16375.0,38729.02240702866,32.72939113828674,1.0
demand_shock_20,no_intervention,76,9554067534.355507,16405.0,0.3533522436463154,16373.0,38792.02429295737,33.25441084963198,1.0
demand_shock_20,no_intervention,77,9588907420.815647,16407.0,0.3513721065710211,16378.0,38860.103058094246,33.58947570333974,1.0
demand_shock_20,no_intervention,78,9559156796.859112,16408.0,0.3539168612854035,16368.0,38761.93940884626,32.86306915583909,1.0
demand_shock_20,no_intervention,79,9525283731.688051,16404.0,0.35400545729900595,16373.0,38631.74652517369,32.48676231957521,1.0
demand_shock_20,no_intervention,80,9549400616.325853,16401.0,0.3522774639015968,16372.0,38786.270138925436,32.5444427045707,1.0
demand_shock_20,no_intervention,81,9562308165.907597,16405.0,0.35283434195755903,16374.0,38841.06973455285,32.561397430223444,2.0
demand_shock_20,no_intervention,82,9549352122.987455,16408.0,0.35223089195868995,16371.0,38786.22612970787,33.787356544707166,1.0
demand_shock_20,no_intervention,83,9578237313.018633,16405.0,0.35233628267059197,16374.0,38836.75988866591,34.11121128869173,1.0
demand_shock_20,no_intervention,84,9593591431.711576,16405.0,0.3517015539202109,16369.0,38930.406439583756,33.6951576625068,1.0
demand_shock_20,no_intervention,85,9593121320.56434,16405.0,0.35090492096759657,16373.0,38919.298467347224,33.40689342582263,1.0
demand_shock_20,no_intervention,86,9558334723.583834,16405.0,0.3534175051515182,16373.0,38777.81791178605,31.846767509273068,1.0
demand_shock_20,no_intervention,87,9531523923.966957,16405.0,0.35367744886096286,16368.0,38697.31333927146,32.48971862646929,1.0
demand_shock_20,no_intervention,88,9555386395.691254,16409.0,0.3533354466014615,16370.0,38758.23453342591,33.461962607281095,1.0
demand_shock_20,no_intervention,89,9578855272.910902,16403.0,0.353080950178095,16374.0,38832.65544177595,32.519792386946605,1.0
demand_shock_20,no_intervention,90,9559887077.221788,16407.0,0.3531197297616834,16370.0,38761.61704374364,33.421480025569814,1.0
demand_shock_20,no_intervention,91,9561905529.098396,16404.0,0.3535694880108615,16373.0,38787.31194544238,34.0852876010314,1.0
demand_shock_20,no_intervention,92,9550015313.022097,16407.0,0.3535927637285517,16373.0,38759.659570718606,33.40079167728984,1.0
demand_shock_20,no_intervention,93,9519896298.279278,16403.0,0.35536680615062943,16374.0,38612.54259242314,32.85657867628402,1.0
demand_shock_20,no_intervention,94,9513280804.87676,16403.0,0.3544056724250695,16370.0,38593.57095466443,33.446516762140796,1.0
demand_shock_20,no_intervention,95,9520297372.306456,16406.0,0.3544375315421779,16377.0,38529.75858360129,33.580152828571286,1.0
demand_shock_20,no_intervention,96,9552956205.99954,16405.0,0.3545396634062504,16376.0,38717.00064498344,33.043317553827094,1.0
demand_shock_20,no_intervention,97,9531603935.789005,16404.0,0.35306600669069754,16372.0,38716.171879349495,34.744586592125394,1.0
demand_shock_20,no_intervention,98,9502472294.042557,16406.0,0.35751122417356196,16371.0,38495.0819793745,34.02423631072938,1.0
demand_shock_20,no_intervention,99,9574589680.245426,16407.0,0.3517070546622946,16371.0,38847.76400408009,32.643067489518614,1.0
demand_shock_20,no_intervention,100,9532727792.516714,16406.0,0.3541515803230344,16372.0,38672.101379460895,33.440951758211924,1.0
demand_shock_20,no_intervention,101,9526160946.25515,16405.0,0.35328993475054327,16370.0,38689.62239778661,33.13547727340558,1.0
demand_shock_20,no_intervention,102,9557036564.75813,16404.0,0.3536680969527355,16370.0,38760.95051425306,33.16365876160436,1.0
demand_shock_20,no_intervention,103,9569366447.695362,16406.0,0.3534651750717118,16377.0,38788.83170111686,32.80880849674251,1.0
demand_shock_20,no_intervention,104,9549842109.079456,16407.0,0.35293387581640073,16375.0,38719.140971032844,33.26489781276995,1.0
demand_shock_20,no_intervention,105,9522818171.080696,16404.0,0.3539949540892809,16367.0,38625.85266554266,32.37090934425057,1.0
demand_shock_20,no_intervention,106,9567825595.044594,16407.0,0.3527611659545837,16370.0,38814.53596218646,33.22431435894328,1.0
demand_shock_20,no_intervention,107,9539333657.104631,16406.0,0.3548271756709827,16368.0,38687.98943771993,32.88155408330032,1.0
demand_shock_20,no_intervention,108,9574082470.550928,16407.0,0.35187572948988394,16374.0,38849.90615609562,34.128826627619695,1.0
demand_shock_20,no_intervention,109,9527168685.02474,16405.0,0.353307274272831,16371.0,38688.47898241214,33.413117172165805,1.0
demand_shock_20,no_intervention,110,9528372761.443163,16407.0,0.3542059429117442,16373.0,38714.70625552024,32.11386567346493,1.0
demand_shock_20,no_intervention,111,9532179516.57469,16401.0,0.35348397500801737,16374.0,38697.563001339375,32.63735877289839,1.0
demand_shock_20,no_intervention,112,9529557433.85271,16405.0,0.35661147820735034,16375.0,38625.614058962776,32.67906082012612,1.0
demand_shock_20,no_intervention,113,9547673938.43611,16406.0,0.3531329146144393,16377.0,38757.58761036435,33.14039637435813,1.0
demand_shock_20,no_intervention,114,9600918070.586689,16408.0,0.3510745423511972,16371.0,38989.33975970864,33.64505499156379,1.0
demand_shock_20,no_intervention,115,9517068252.391523,16409.0,0.3542735731852871,16374.0,38641.21480478404,33.30277962497715,1.0
demand_shock_20,no_intervention,116,9510815040.168938,16403.0,0.355594747726592,16369.0,38581.805015279686,33.39492169078,1.0
demand_shock_20,no_intervention,117,9492442787.913446,16400.0,0.35737798995641457,16374.0,38505.623927238776,32.66891830551135,1.0
demand_shock_20,no_intervention,118,9532235134.10321,16407.0,0.3532035566108181,16373.0,38732.15581425761,33.12274418333822,1.0
demand_shock_20,no_intervention,119,9598021144.84096,16406.0,0.3509519167808275,16373.0,38888.67001556672,32.562275132981675,1.0
demand_shock_20,no_intervention,120,9535439271.523916,16405.0,0.3541011808264383,16370.0,38697.96053059571,33.42438553310513,1.0
demand_shock_20,no_intervention,121,9546977986.884321,16407.0,0.3535347025764447,16375.0,38670.64812804366,32.93044395638865,1.0
demand_shock_20,no_intervention,122,9526728889.082088,16406.0,0.35486037484787564,16374.0,38650.33568142886,32.75564992754187,1.0
demand_shock_20,no_intervention,123,9533192377.697908,16406.0,0.3538914752388597,16370.0,38682.751272434616,33.82225373105331,1.0
demand_shock_20,no_intervention,124,9543472952.47596,16406.0,0.3528319816098878,16370.0,38741.54702230558,33.10069504450033,1.0
demand_shock_20,no_intervention,125,9571819910.989496,16404.0,0.3521013408748751,16375.0,38833.14732212929,34.03339142095725,1.0
demand_shock_20,no_intervention,126,9543019449.480904,16398.0,0.3536712757512304,16370.0,38773.33092363195,33.07085954460544,1.0
demand_shock_20,no_intervention,127,9553870042.309858,16405.0,0.3528263531130575,16371.0,38718.57096243215,34.28277615645916,1.0
demand_shock_20,no_intervention,128,9532662004.540197,16407.0,0.35435698154762385,16370.0,38669.02157228762,33.55374203673877,1.0
demand_shock_20,no_intervention,129,9517281468.465925,16405.0,0.35425383937329774,16375.0,38637.64269633774,32.586699777651496,1.0
demand_shock_20,no_intervention,130,9560551302.05995,16406.0,0.352262231635328,16367.0,38759.44596781132,33.32476243809985,1.0
demand_shock_20,no_intervention,131,9520840984.133083,16407.0,0.3540768178586441,16379.0,38640.06869455926,33.84637962363363,1.0
demand_shock_20,no_intervention,132,9547250929.07241,16403.0,0.3531155470686175,16377.0,38747.51674413651,33.96447553454329,1.0
demand_shock_20,no_intervention,133,9521225520.011015,16410.0,0.3545413517661982,16372.0,38644.42457628343,32.985961809890306,1.0
demand_shock_20,no_intervention,134,9514969098.246227,16401.0,0.3547548347493757,16371.0,38588.81683113911,33.406373463994846,1.0
demand_shock_20,no_intervention,135,9578108903.036495,16403.0,0.35271335944245114,16376.0,38786.98442479063,33.39514043900618,1.0
demand_shock_20,no_intervention,136,9582994163.828083,16401.0,0.35241627659611846,16373.0,38831.10281212006,32.9354565974041,1.0
demand_shock_20,no_intervention,137,9510040150.690012,16403.0,0.35407988754760517,16366.0,38559.89695781702,33.62609472170618,2.0
demand_shock_20,no_intervention,138,9529383224.913357,16408.0,0.3542933498566428,16375.0,38595.73048082206,32.40969327185338,1.0
demand_shock_20,no_intervention,139,9549194313.837982,16401.0,0.35239675263442277,16370.0,38762.829755413266,32.88568712276257,1.0
demand_shock_20,no_intervention,140,9527924425.363388,16407.0,0.35420783461725075,16376.0,38634.20835221139,33.52015021874851,1.0
demand_shock_20,no_intervention,141,9572880415.162333,16403.0,0.352259693698,16372.0,38885.19208882029,33.89310459415966,2.0
demand_shock_20,no_intervention,142,9534090734.387054,16407.0,0.35509290853437564,16371.0,38666.585159652495,33.72135910188748,1.0
demand_shock_20,no_intervention,143,9542975560.29909,16404.0,0.35340574473858916,16376.0,38766.73129819494,33.01595985965415,1.0
demand_shock_20,no_intervention,144,9548558295.287136,16407.0,0.3529395005331926,16371.0,38717.87528522126,34.17517731274054,1.0
demand_shock_20,no_intervention,145,9556148611.851807,16407.0,0.3521645609943276,16373.0,38807.625957594835,33.46222714061065,1.0
demand_shock_20,no_intervention,146,9504661243.415007,16403.0,0.35554903360325346,16372.0,38614.12687716951,32.99546053058228,1.0
demand_shock_20,no_intervention,147,9530254297.760384,16405.0,0.35194798543494255,16369.0,38768.620874741944,33.010996207009036,2.0
demand_shock_20,no_intervention,148,9531382016.382652,16406.0,0.35491654038104564,16371.0,38633.887081421184,33.096403754352025,1.0
demand_shock_20,no_intervention,149,9557155880.095669,16407.0,0.3525172174864104,16375.0,38821.785497941404,33.48732071740743,1.0
demand_shock_20,no_intervention,150,9562641173.758486,16405.0,0.35285682708465427,16376.0,38812.578381403095,33.38570521891449,2.0
demand_shock_20,no_intervention,151,9562325041.396166,16407.0,0.352621348513301,16376.0,38711.9624163289,34.14426274055696,1.0
demand_shock_20,no_intervention,152,9547392297.907152,16403.0,0.35224934136733316,16376.0,38773.660211816416,34.557995606832655,1.0
demand_shock_20,no_intervention,153,9561978935.56232,16408.0,0.35319973372703173,16376.0,38780.58576962123,34.35976903725821,1.0
demand_shock_20,no_intervention,154,9537865480.465462,16404.0,0.3543260290581975,16357.0,38637.04794233848,33.750851609817346,2.0
demand_shock_20,no_intervention,155,9556176632.530571,16406.0,0.3527809706261176,16371.0,38799.61566664911,33.1964922272909,1.0
demand_shock_20,no_intervention,156,9543712813.149342,16407.0,0.35386402267223555,16376.0,38677.54896300659,33.167188383947284,1.0
demand_shock_20,no_intervention,157,9553137157.045513,16404.0,0.35479211965876306,16371.0,38726.638145143304,32.73604519738435,1.0
demand_shock_20,no_intervention,158,9518552469.147038,16404.0,0.3550232726567606,16373.0,38603.962051180155,32.28511387254454,1.0
demand_shock_20,no_intervention,159,9490012745.997011,16403.0,0.35623783176062623,16370.0,38496.05358035598,32.67655982319418,1.0
demand_shock_20,no_intervention,160,9561720180.00781,16403.0,0.3526742743922458,16375.0,38838.96971544375,33.26127472209926,1.0
demand_shock_20,no_intervention,161,9534649213.48489,16404.0,0.3542047856175716,16375.0,38716.22300106174,32.60025879498539,1.0
demand_shock_20,no_intervention,162,9544460915.967272,16407.0,0.3531900369789436,16376.0,38768.3951634634,34.441776264864814,1.0
demand_shock_20,no_intervention,163,9529363173.05582,16405.0,0.3546200616080789,16373.0,38637.29257571813,33.46013285704855,1.0
demand_shock_20,no_intervention,164,9523552270.27679,16403.0,0.35410229472025534,16374.0,38615.59630205277,33.051223480927234,1.0
demand_shock_20,no_intervention,165,9554771701.32914,16403.0,0.35220564872880167,16379.0,38800.836941147136,33.168584856952954,1.0
demand_shock_20,no_intervention,166,9556418903.37476,16403.0,0.354028777592264,16365.0,38697.29702587966,34.77186090585654,1.0
demand_shock_20,no_intervention,167,9557384671.492512,16405.0,0.3523445249238992,16375.0,38803.62505168857,33.509104681524825,1.0
demand_shock_20,no_intervention,168,9556367337.817173,16403.0,0.35152457580077595,16371.0,38812.5864519562,33.222939189978064,1.0
demand_shock_20,no_intervention,169,9561800996.087286,16410.0,0.35354593409647606,16374.0,38804.43930132612,33.7944571299686,1.0
demand_shock_20,no_intervention,170,9551521251.821398,16405.0,0.3535306461010179,16372.0,38739.541670360966,33.499920392273125,1.0
demand_shock_20,no_intervention,171,9523679973.479656,16407.0,0.35393974252820387,16376.0,38634.50187855944,32.203175987340785,1.0
demand_shock_20,no_intervention,172,9536455162.298382,16406.0,0.3526238476540849,16375.0,38728.58549236743,34.431685818623045,1.0
demand_shock_20,no_intervention,173,9571370599.48399,16405.0,0.35137466236152226,16372.0,38873.88159372228,33.85403315842289,1.0
demand_shock_20,no_intervention,174,9559634314.48257,16407.0,0.35281175082901545,16374.0,38824.426536173225,33.23048844351852,1.0
demand_shock_20,no_intervention,175,9539784848.027636,16407.0,0.3522088848849937,16374.0,38752.03855288803,32.567226807420816,1.0
demand_shock_20,no_intervention,176,9545983083.606674,16404.0,0.3533153420548714,16369.0,38761.46388702189,33.50193506802056,1.0
demand_shock_20,no_intervention,177,9527400754.219662,16403.0,0.35422057272627255,16367.0,38665.30659344397,33.461693635851915,1.0
demand_shock_20,no_intervention,178,9535642310.806875,16407.0,0.35387720012072554,16378.0,38721.85814978054,33.59464524312387,1.0
demand_shock_20,no_intervention,179,9529703547.192036,16407.0,0.35256539448527685,16374.0,38727.465370019716,33.28548400842529,1.0
demand_shock_20,no_intervention,180,9577076419.606506,16407.0,0.35131051767882265,16371.0,38838.238272099945,33.417456978512455,1.0
demand_shock_20,no_intervention,181,9502275137.31078,16405.0,0.355216968345144,16372.0,38511.6903823979,33.0727868665417,1.0
demand_shock_20,no_intervention,182,9573203417.655277,16404.0,0.3516150584115606,16370.0,38842.91904403343,33.31447781606922,1.0
demand_shock_20,no_intervention,183,9552518715.567957,16406.0,0.3523319621195084,16370.0,38718.92938281611,32.591825232927555,1.0
demand_shock_20,no_intervention,184,9525279354.209295,16403.0,0.35400797652781507,16372.0,38655.100258449456,33.51985924041658,1.0
demand_shock_20,no_intervention,185,9496011934.224646,16404.0,0.35454327481914805,16374.0,38521.71309308979,32.80106422052068,1.0
demand_shock_20,no_intervention,186,9512695032.617775,16404.0,0.35420553650276015,16371.0,38646.18282233599,33.020405715947454,1.0
demand_shock_20,no_intervention,187,9565017192.155676,16405.0,0.35180715469496143,16375.0,38913.48950672403,34.28229968291835,1.0
demand_shock_20,no_intervention,188,9568001292.552881,16407.0,0.35174719060720155,16372.0,38832.87438037588,33.66002015285617,1.0
demand_shock_20,no_intervention,189,9558552491.233835,16402.0,0.352705358948256,16370.0,38771.87039936826,33.07301995585765,1.0
demand_shock_20,no_intervention,190,9547964202.391584,16405.0,0.3538086942013756,16372.0,38739.41711192967,32.456373158276826,1.0
demand_shock_20,no_intervention,191,9551618569.423605,16401.0,0.3527955879717875,16368.0,38773.40078525648,33.34488254737685,1.0
demand_shock_20,no_intervention,192,9534170351.018053,16406.0,0.35402864615818613,16374.0,38693.629458570176,33.716566957285934,1.0
demand_shock_20,no_intervention,193,9532392809.70965,16405.0,0.3524126570414056,16369.0,38751.1299894081,33.9816213099414,1.0
demand_shock_20,no_intervention,194,9528986364.44055,16404.0,0.35373430217830476,16375.0,38695.65950284549,32.651523853972456,1.0
demand_shock_20,no_intervention,195,9543125900.644363,16406.0,0.35298410401737373,16365.0,38745.55508786619,34.680966463715,1.0
demand_shock_20,no_intervention,196,9533739615.362919,16401.0,0.3546489619257294,16381.0,38670.72712296414,33.15858707584204,1.0
demand_shock_20,no_intervention,197,9546475464.810814,16404.0,0.35258407887032056,16374.0,38701.26042678366,33.279131193607604,1.0
demand_shock_20,no_intervention,198,9509514077.95674,16403.0,0.3534579590070824,16368.0,38626.69913122545,33.3913114118792,1.0
demand_shock_20,no_intervention,199,9552520678.699486,16407.0,0.3517111488289843,16367.0,38736.33266830957,34.169582925939906,1.0
demand_shock_20,no_intervention,200,9582770960.081573,16405.0,0.3520245322054153,16373.0,38889.76958900229,34.634557456788166,1.0
demand_shock_20,no_intervention,201,9526508736.668318,16400.0,0.3539670598089207,16368.0,38701.86766802447,34.19535152479323,1.0
demand_shock_20,no_intervention,202,9545287661.377865,16407.0,0.35413168209365437,16372.0,38698.47509834788,33.52325028986911,1.0
demand_shock_20,no_intervention,203,9511972917.75764,16404.0,0.35580641742658803,16374.0,38536.44882016375,33.05346024909378,1.0
demand_shock_20,no_intervention,204,9561055596.483728,16403.0,0.3532104176663725,16372.0,38777.65526272981,33.552771471646444,1.0
demand_shock_20,no_intervention,205,9566550632.139874,16403.0,0.35251035857814605,16372.0,38818.27577490173,33.4673741694272,1.0
demand_shock_20,no_intervention,206,9582126481.88166,16411.0,0.3524103355633628,16373.0,38855.95954713678,33.2195872454996,1.0
demand_shock_20,no_intervention,207,9503117087.89533,16401.0,0.3558636629511953,16373.0,38520.71188875176,32.668580304037484,1.0
demand_shock_20,no_intervention,208,9510598405.601442,16405.0,0.3549612267409796,16373.0,38565.7361218348,33.17225587957655,1.0
demand_shock_20,no_intervention,209,9569365952.839552,16404.0,0.3528236031377307,16366.0,38818.52815577223,32.93716788316598,1.0
demand_shock_20,no_intervention,210,9572545545.062342,16406.0,0.3514153890785409,16375.0,38848.822135617054,33.526104405050084,1.0
demand_shock_20,no_intervention,211,9549724052.330435,16406.0,0.35416574642207344,16367.0,38675.998760559785,33.348546982199565,1.0
demand_shock_20,no_intervention,212,9568285756.019968,16404.0,0.35290044238412216,16376.0,38843.29649178956,33.51751032803424,1.0
demand_shock_20,no_intervention,213,9563564170.402102,16402.0,0.35304126875066344,16372.0,38744.039556130105,33.39173342783662,1.0
demand_shock_20,no_intervention,214,9526313205.475344,16401.0,0.3558057629507188,16370.0,38611.47216991972,32.847630676025446,1.0
demand_shock_20,no_intervention,215,9524356108.495476,16404.0,0.3541475442217265,16372.0,38643.54222020798,32.9986443216207,1.0
demand_shock_20,no_intervention,216,9578252631.51435,16409.0,0.3521725515810126,16374.0,38827.86197532866,33.626959682200976,1.0
demand_shock_20,no_intervention,217,9537784837.447796,16406.0,0.3518849131613379,16369.0,38733.204990346814,33.53626398065727,1.0
demand_shock_20,no_intervention,218,9538916158.897762,16404.0,0.3547152201473906,16367.0,38619.664506494184,33.607994895245994,1.0
demand_shock_20,no_intervention,219,9544868248.167128,16406.0,0.35246121290299004,16376.0,38801.63695823269,33.28249614850135,1.0
demand_shock_20,no_intervention,220,9528128686.204535,16404.0,0.3531723006330214,16368.0,38730.78101239853,33.18332479789988,1.0
demand_shock_20,no_intervention,221,9530862650.76333,16404.0,0.35408455650553,16369.0,38709.55841959482,34.025059026794715,1.0
demand_shock_20,no_intervention,222,9554352007.105253,16407.0,0.352455875776269,16377.0,38768.224873749314,33.07645922866899,1.0
demand_shock_20,no_intervention,223,9555050882.438751,16405.0,0.353718463377701,16372.0,38724.75509323686,33.140814225518625,1.0
demand_shock_20,no_intervention,224,9504271318.070251,16406.0,0.35530704599084467,16373.0,38578.916453929625,32.20172977470284,1.0
demand_shock_20,no_intervention,225,9552510042.695023,16406.0,0.35283352995186057,16376.0,38740.87380145624,33.26682827915097,1.0
demand_shock_20,no_intervention,226,9549858603.94866,16402.0,0.3543124811879801,16365.0,38680.04071208781,32.94320725681945,1.0
demand_shock_20,no_intervention,227,9560441290.536053,16407.0,0.35221212123479145,16374.0,38838.55403218977,33.41853516220343,1.0
demand_shock_20,no_intervention,228,9553865302.510496,16405.0,0.3540229544533077,16368.0,38667.19147263848,32.89437732807898,1.0
demand_shock_20,no_intervention,229,9512624168.088675,16405.0,0.3548200169432749,16368.0,38637.78554900873,33.46404623157464,1.0
demand_shock_20,no_intervention,230,9538607460.171993,16402.0,0.3540966039461919,16368.0,38694.73537261401,33.66547263494727,1.0
demand_shock_20,no_intervention,231,9541138752.527723,16406.0,0.35325343060336517,16372.0,38738.85646610479,33.45955041483659,1.0
demand_shock_20,no_intervention,232,9550134080.094824,16405.0,0.3537118802033014,16375.0,38736.53193493844,33.754152698048166,1.0
demand_shock_20,no_intervention,233,9553544857.2081,16406.0,0.3525810123982834,16378.0,38749.803520781425,33.77998767550564,1.0
demand_shock_20,no_intervention,234,9557023827.173697,16405.0,0.35201157279116957,16369.0,38833.64022240194,33.712573570633005,1.0
demand_shock_20,no_intervention,235,9544237082.290346,16404.0,0.35262170785638364,16378.0,38749.536579941036,32.83246430910685,1.0
demand_shock_20,no_intervention,236,9592920953.985332,16403.0,0.35021334625025413,16377.0,38945.956472630365,33.807698217633764,1.0
demand_shock_20,no_intervention,237,9556900434.392204,16406.0,0.35216005093609265,16373.0,38773.57272932969,33.2183898023763,1.0
demand_shock_20,no_intervention,238,9514188827.393124,16407.0,0.35468488015552246,16375.0,38593.00681077838,33.19253293981327,1.0
demand_shock_20,no_intervention,239,9546620925.00606,16407.0,0.3534754996946181,16374.0,38744.62829845188,33.620080892641354,1.0
demand_shock_20,no_intervention,240,9499590296.729567,16403.0,0.35599495198830317,16371.0,38539.85965419696,33.88793787603873,2.0
demand_shock_20,no_intervention,241,9579973714.44182,16404.0,0.35196622398590166,16376.0,38819.81505076043,34.277571206768236,1.0
demand_shock_20,no_intervention,242,9566118261.90945,16408.0,0.3533066168849085,16372.0,38779.265280866966,32.697002477811075,1.0
demand_shock_20,no_intervention,243,9509985576.787432,16404.0,0.3550994598290896,16374.0,38566.89498962897,33.61457109745657,1.0
demand_shock_20,no_intervention,244,9536774236.22545,16405.0,0.35432875904031924,16368.0,38709.53902412818,32.791360289183686,1.0
demand_shock_20,no_intervention,245,9453056663.524511,16406.0,0.3572109687441316,16374.0,38350.95260498073,32.68999513858199,1.0
demand_shock_20,no_intervention,246,9552383578.51189,16406.0,0.3550352991742689,16374.0,38713.96820509531,33.566186414076206,1.0
demand_shock_20,no_intervention,247,9546491306.376446,16401.0,0.35374905758556086,16370.0,38737.345225828125,33.49992917793049,1.0
demand_shock_20,no_intervention,248,9507182068.161749,16407.0,0.35428750766022554,16372.0,38599.28436552763,32.78733534177432,1.0
demand_shock_20,no_intervention,249,9547230408.731316,16405.0,0.3537005952178583,16373.0,38723.37784959103,33.16300807139292,1.0
demand_shock_20,traditional,0,9319246538.035444,16400.0,0.37174030741180514,16367.0,37743.022701537295,36.90821269405078,1.0
demand_shock_20,traditional,1,9329753784.963112,16396.0,0.3706008024950495,16364.0,37745.86252942939,35.957369564868664,2.0
demand_shock_20,traditional,2,9278157001.72805,16394.0,0.3733907635551692,16373.0,37515.276135969645,36.32562584091821,1.0
demand_shock_20,traditional,3,9284433394.131191,16401.0,0.37126266655366225,16370.0,37631.95575459699,35.73608166270763,1.0
demand_shock_20,traditional,4,9305275640.560263,16396.0,0.3727941200697279,16367.0,37593.673197616736,36.71175365133431,1.0
demand_shock_20,traditional,5,9289024217.966944,16399.0,0.3726279800931973,16370.0,37560.947167493636,35.6062900953609,1.0
demand_shock_20,traditional,6,9289564876.735022,16394.0,0.372683090120224,16371.0,37565.49767896034,35.00073161440979,1.0
demand_shock_20,traditional,7,9312688231.813774,16401.0,0.3728129604109776,16369.0,37554.62217711668,35.89287060311981,2.0
demand_shock_20,traditional,8,9296523816.608854,16399.0,0.37295048806005926,16370.0,37540.87664950448,36.857063111747514,1.0
demand_shock_20,traditional,9,9268304185.643112,16395.0,0.3740456213918434,16369.0,37469.08885298394,35.57839338496773,1.0
demand_shock_20,traditional,10,9306629649.74279,16397.0,0.37160651657174604,16371.0,37636.44809770505,35.498070554665986,1.0
demand_shock_20,traditional,11,9304420045.31363,16396.0,0.3717069474238447,16377.0,37669.57196273015,35.30486185891146,1.0
demand_shock_20,traditional,12,9273954025.847166,16403.0,0.37349420988862775,16375.0,37472.74317797302,36.08953871831417,1.0
demand_shock_20,traditional,13,9335987886.758188,16402.0,0.37004478093555754,16371.0,37718.545328455395,36.17268683269724,1.0
demand_shock_20,traditional,14,9291534263.859251,16398.0,0.3721279906686305,16372.0,37574.44851373909,36.11195721139602,1.0
demand_shock_20,traditional,15,9254390087.886198,16396.0,0.37454115201506333,16360.0,37477.97514754573,37.10818069057673,1.0
demand_shock_20,traditional,16,9267334637.722034,16400.0,0.3747721020969222,16369.0,37495.01095252714,35.97689276973399,1.0
demand_shock_20,traditional,17,9288043197.179317,16394.0,0.3713888563017597,16367.0,37586.91776039026,36.22117850187218,1.0
demand_shock_20,traditional,18,9311035994.70034,16399.0,0.37254311216077163,16367.0,37617.860165521975,37.0187742770973,1.0
demand_shock_20,traditional,19,9260980268.14303,16396.0,0.3742380676560731,16368.0,37424.86346607601,35.2134459562613,1.0
demand_shock_20,traditional,20,9317227647.934687,16397.0,0.3709584973929341,16368.0,37685.66306834484,36.101530485550775,1.0
demand_shock_20,traditional,21,9329099512.802404,16397.0,0.371016956251871,16360.0,37710.05655914412,36.614862760100785,1.0
demand_shock_20,traditional,22,9300638648.138496,16399.0,0.3720105690323614,16369.0,37632.33972698765,36.57793527709078,1.0
demand_shock_20,traditional,23,9283849627.36973,16399.0,0.37323440779225764,16373.0,37553.00026279844,36.35874209560305,1.0
demand_shock_20,traditional,24,9272296602.609411,16397.0,0.37402864332482844,16366.0,37444.91676692538,36.00315150790466,1.0
demand_shock_20,traditional,25,9324182435.520754,16400.0,0.3717331095463255,16369.0,37752.58568012193,36.51767580628538,1.0
demand_shock_20,traditional,26,9277354834.007532,16397.0,0.3734045355395184,16371.0,37426.958774911895,36.59890697799893,1.0
demand_shock_20,traditional,27,9274713953.777042,16396.0,0.3728042595328328,16372.0,37511.20237325751,35.37196718905497,1.0
demand_shock_20,traditional,28,9299198336.5091,16399.0,0.3726105553156987,16369.0,37608.205346138544,35.526555093588314,1.0
demand_shock_20,traditional,29,9285495073.852682,16397.0,0.3731318291403729,16367.0,37544.87377948239,36.90700569898245,1.0
demand_shock_20,traditional,30,9267967300.926178,16393.0,0.37410515964804797,16369.0,37511.57215901155,35.643712577334135,1.0
demand_shock_20,traditional,31,9286566234.048676,16397.0,0.3722577074045557,16373.0,37632.318249806405,36.1596698099737,1.0
demand_shock_20,traditional,32,9263873063.829914,16397.0,0.37338243486332023,16369.0,37432.31495071647,35.612504782122386,1.0
demand_shock_20,traditional,33,9282065057.91577,16399.0,0.373795649598967,16375.0,37544.50860052033,36.10019442506003,1.0
demand_shock_20,traditional,34,9238011959.054684,16396.0,0.3747455020236142,16367.0,37382.05732162052,36.229589365281186,1.0
demand_shock_20,traditional,35,9299863142.75688,16401.0,0.3718772886929513,16374.0,37636.47822760844,37.12015049115778,1.0
demand_shock_20,traditional,36,9242963602.338606,16394.0,0.3743637158547239,16367.0,37415.902348656135,35.88573785313975,1.0
demand_shock_20,traditional,37,9302098682.397453,16395.0,0.37141625979606124,16368.0,37711.75971922344,35.981709568399616,1.0
demand_shock_20,traditional,38,9310199637.917208,16398.0,0.3713851693214503,16368.0,37643.684555453154,37.46111308167963,1.0
demand_shock_20,traditional,39,9308020000.620144,16399.0,0.37097443085215437,16365.0,37668.053530194025,37.1232192589636,1.0
demand_shock_20,traditional,40,9306432992.176352,16398.0,0.3720030287651064,16369.0,37634.38437511173,36.587104855558664,1.0
demand_shock_20,traditional,41,9282214953.644361,16395.0,0.37309082768603863,16369.0,37514.5592602773,36.88647011809519,1.0
demand_shock_20,traditional,42,9289689044.743416,16398.0,0.37301534533351793,16370.0,37547.10746507837,36.39569284155774,2.0
demand_shock_20,traditional,43,9298324868.378153,16397.0,0.3730437578613307,16368.0,37598.55085243375,36.12055071447064,1.0
demand_shock_20,traditional,44,9314357381.906096,16400.0,0.3729555662631681,16371.0,37629.95700127132,36.40727181872413,1.0
demand_shock_20,traditional,45,9261155121.971004,16397.0,0.3718672953291926,16369.0,37531.295359002506,36.2265018115697,1.0
demand_shock_20,traditional,46,9270434789.457655,16399.0,0.37456028002483466,16368.0,37508.151693463406,35.75467317989872,1.0
demand_shock_20,traditional,47,9282170748.271467,16394.0,0.3718688569266983,16365.0,37506.45341368568,36.87289068556224,1.0
demand_shock_20,traditional,48,9309071529.523401,16401.0,0.3723600327180428,16362.0,37696.36137576805,35.15206098778613,1.0
demand_shock_20,traditional,49,9304641294.627165,16396.0,0.37250455808925936,16370.0,37664.41061163441,35.93185024467518,1.0
demand_shock_20,traditional,50,9303312575.161188,16396.0,0.37248830338775274,16371.0,37588.505272086026,35.80081744735283,1.0
demand_shock_20,traditional,51,9288684262.095577,16397.0,0.37257117241014115,16373.0,37558.86211429679,36.15586739163435,1.0
demand_shock_20,traditional,52,9294005118.540884,16393.0,0.3714599038649934,16365.0,37651.92901376092,35.865590132087505,1.0
demand_shock_20,traditional,53,9335677700.445164,16397.0,0.37051829575697576,16370.0,37754.32479725664,37.36963822588505,1.0
demand_shock_20,traditional,54,9285110372.278189,16399.0,0.37314883428980744,16367.0,37531.14392666035,35.38147932722955,1.0
demand_shock_20,traditional,55,9293788413.603325,16396.0,0.37230383727822625,16365.0,37547.981892128555,36.835284961539266,1.0
demand_shock_20,traditional,56,9286578502.512188,16397.0,0.3727327522380403,16370.0,37523.196408970274,36.39945357567164,1.0
demand_shock_20,traditional,57,9324228629.958328,16398.0,0.37083813699687224,16367.0,37735.7826000017,36.85749731047986,1.0
demand_shock_20,traditional,58,9280431811.9534,16401.0,0.37371172644853934,16374.0,37521.33558481531,36.1011072677069,1.0
demand_shock_20,traditional,59,9262872533.00642,16394.0,0.37289311577169443,16373.0,37523.67679071612,35.74549004959155,1.0
demand_shock_20,traditional,60,9323108251.946108,16394.0,0.37206567634025933,16368.0,37639.74713929208,36.646143457758384,2.0
demand_shock_20,traditional,61,9269145650.038252,16398.0,0.373361324957706,16371.0,37468.57100803497,36.12276045538906,1.0
demand_shock_20,traditional,62,9290297151.7286,16398.0,0.37125065475086433,16363.0,37535.33278711907,35.87863928710832,1.0
demand_shock_20,traditional,63,9283787850.584904,16397.0,0.37348972710390577,16368.0,37549.27887991555,35.72669964164028,1.0
demand_shock_20,traditional,64,9257808282.959757,16398.0,0.37388247137264613,16372.0,37446.899060857715,35.60836172943752,1.0
demand_shock_20,traditional,65,9280048831.989233,16395.0,0.37342380691822846,16373.0,37529.89912912684,36.16104605697673,1.0
demand_shock_20,traditional,66,9271789067.87241,16398.0,0.3744290561791913,16372.0,37493.57735575172,37.02965124523596,1.0
demand_shock_20,traditional,67,9255441992.519564,16397.0,0.3747164656514012,16369.0,37422.830769115666,35.00649365984103,1.0
demand_shock_20,traditional,68,9337407231.203964,16399.0,0.3698045826943089,16371.0,37756.69408748895,35.884754686830156,1.0
demand_shock_20,traditional,69,9281531009.684505,16393.0,0.3730556230816286,16363.0,37504.54793511363,36.467538825264505,1.0
demand_shock_20,traditional,70,9306680490.673534,16396.0,0.37113204885218437,16372.0,37702.68201741414,36.96112023235041,1.0
demand_shock_20,traditional,71,9285820825.800686,16396.0,0.372789725613398,16374.0,37575.91031766611,35.1513510215922,1.0
demand_shock_20,traditional,72,9273766507.822681,16397.0,0.3737429124417344,16369.0,37482.57323102951,35.5943367929294,1.0
demand_shock_20,traditional,73,9268926707.175716,16396.0,0.3731186172124068,16368.0,37513.697440315664,37.15649625089214,1.0
demand_shock_20,traditional,74,9303989068.65605,16398.0,0.3701724450885577,16370.0,37639.628901874195,36.59911753617058,1.0
demand_shock_20,traditional,75,9325508312.513184,16393.0,0.37261633110593245,16362.0,37721.02479132202,35.50257461676857,1.0
demand_shock_20,traditional,76,9258465752.567062,16401.0,0.3744299713053211,16363.0,37472.54411147085,36.12843520349847,1.0
demand_shock_20,traditional,77,9301876306.454966,16392.0,0.372951943674932,16366.0,37574.95361765788,35.827957403740655,1.0
demand_shock_20,traditional,78,9262457120.274221,16395.0,0.37242165782570297,16368.0,37539.81227876218,36.23342067035757,1.0
demand_shock_20,traditional,79,9338338937.333725,16394.0,0.3710326680200919,16370.0,37746.29351032527,36.578390391725755,2.0
demand_shock_20,traditional,80,9304647252.934309,16396.0,0.3727809147475135,16369.0,37597.58452021828,36.45367643307149,1.0
demand_shock_20,traditional,81,9319807724.649044,16397.0,0.37088642624542345,16372.0,37746.02089783489,36.517653817898776,1.0
demand_shock_20,traditional,82,9278067478.02369,16393.0,0.3747256279097785,16369.0,37568.1293520835,36.02690341242302,1.0
demand_shock_20,traditional,83,9298234218.256714,16395.0,0.37259544579046533,16367.0,37634.01151317741,35.31368940920423,1.0
demand_shock_20,traditional,84,9343315189.133984,16397.0,0.3716561175935662,16371.0,37690.896146983396,36.17576571343833,1.0
demand_shock_20,traditional,85,9296278224.711077,16403.0,0.37221056363286176,16374.0,37642.01606245704,35.577844029549745,1.0
demand_shock_20,traditional,86,9306245117.218927,16397.0,0.37406822664603384,16368.0,37572.513516104795,34.75891443046019,1.0
demand_shock_20,traditional,87,9299708357.650229,16401.0,0.3702913242317682,16373.0,37689.09801282792,37.41408513523587,1.0
demand_shock_20,traditional,88,9329923347.626678,16399.0,0.3714879961273551,16371.0,37723.2600806182,35.450346460213574,1.0
demand_shock_20,traditional,89,9309442135.613873,16399.0,0.3722669800573744,16375.0,37601.6307497617,36.32880861887788,1.0
demand_shock_20,traditional,90,9274295786.31813,16397.0,0.37257441286966586,16369.0,37565.638774470346,36.392591514298786,1.0
demand_shock_20,traditional,91,9290134564.841314,16399.0,0.3725183141843645,16365.0,37616.866224277015,36.425048988853625,2.0
demand_shock_20,traditional,92,9320875154.966015,16397.0,0.37252378613043835,16369.0,37727.5531386346,36.36687955700762,1.0
demand_shock_20,traditional,93,9323611468.63067,16396.0,0.3714101539068174,16371.0,37669.45571838366,36.637625466284675,1.0
demand_shock_20,traditional,94,9292785329.647282,16397.0,0.37276295631308,16373.0,37579.69535415317,36.388300854848836,1.0
demand_shock_20,traditional,95,9324719300.384064,16398.0,0.3704761099965341,16370.0,37705.42033842479,36.744228341700904,1.0
demand_shock_20,traditional,96,9293890400.449492,16400.0,0.3712208461635641,16372.0,37616.83664807478,37.001363469168005,1.0
demand_shock_20,traditional,97,9269119744.246264,16397.0,0.3746907354678551,16374.0,37406.81832268382,36.017091416607485,1.0
demand_shock_20,traditional,98,9261825757.325514,16399.0,0.3736556862949139,16373.0,37430.4824913121,35.618399781033965,1.0
demand_shock_20,traditional,99,9313552791.553972,16395.0,0.37191421438953115,16371.0,37668.06176748955,36.77298512905993,1.0
demand_shock_20,traditional,100,9295977574.789667,16399.0,0.3717514759121592,16372.0,37651.91578680042,36.0259423698309,1.0
demand_shock_20,traditional,101,9302508920.442953,16396.0,0.37198194345785424,16371.0,37660.29271876552,35.87363070524846,2.0
demand_shock_20,traditional,102,9234812774.272003,16396.0,0.37614637455820055,16367.0,37361.371744519194,36.75865790919733,1.0
demand_shock_20,traditional,103,9318378538.577276,16398.0,0.3707440438391892,16371.0,37666.27867084538,36.73884769660253,1.0
demand_shock_20,traditional,104,9274496612.601276,16395.0,0.37331023990053547,16362.0,37561.67315464104,36.65226366304615,2.0
demand_shock_20,traditional,105,9242962600.788744,16401.0,0.37518573470019057,16371.0,37378.40150575835,36.73427096247717,1.0
demand_shock_20,traditional,106,9301919427.187729,16400.0,0.3715757927501285,16372.0,37694.264115561826,36.402314860103694,1.0
demand_shock_20,traditional,107,9263979213.376238,16398.0,0.37288301753851033,16371.0,37516.95995637963,36.47695497427775,1.0
demand_shock_20,traditional,108,9262658493.56733,16399.0,0.37466246714522145,16369.0,37449.3605910612,36.3943039171586,1.0
demand_shock_20,traditional,109,9306646847.761856,16396.0,0.37148168164478623,16368.0,37676.655736136374,35.945239263993145,2.0
demand_shock_20,traditional,110,9263894116.639828,16399.0,0.37216248198873936,16371.0,37491.58656070371,36.209679180139204,1.0
demand_shock_20,traditional,111,9263935856.337572,16398.0,0.3738045612909145,16371.0,37429.700209669485,36.05676292608805,2.0
demand_shock_20,traditional,112,9288388531.645412,16398.0,0.37290973731606286,16366.0,37541.89243645513,36.84784435820169,1.0
demand_shock_20,traditional,113,9314168366.631754,16399.0,0.37108537629921096,16373.0,37679.7367995846,35.281476020596195,1.0
demand_shock_20,traditional,114,9312175222.229269,16398.0,0.37129294933531226,16374.0,37656.67611131122,36.7308128231296,1.0
demand_shock_20,traditional,115,9273540971.400806,16397.0,0.37397785349900564,16367.0,37539.09845662311,36.52809882832491,2.0
demand_shock_20,traditional,116,9305112753.48448,16399.0,0.37322302572273447,16370.0,37635.90438012834,35.99496245605232,1.0
demand_shock_20,traditional,117,9290834309.587032,16399.0,0.3737924279870759,16368.0,37581.48119224155,36.85528342530812,1.0
demand_shock_20,traditional,118,9301073643.854212,16401.0,0.3717635966398438,16371.0,37600.941651724665,36.50215621320996,1.0
demand_shock_20,traditional,119,9265132069.454935,16400.0,0.3726668765813495,16366.0,37511.629953607524,36.59414562572585,1.0
demand_shock_20,traditional,120,9297960965.876055,16397.0,0.3738027865165109,16372.0,37583.47452013951,37.05079504477924,1.0
demand_shock_20,traditional,121,9307521888.826147,16394.0,0.3726367606448994,16366.0,37629.885897149376,35.98694231798609,1.0
demand_shock_20,traditional,122,9263793074.852406,16402.0,0.373919575636621,16372.0,37461.41876034926,35.78733470835143,1.0
demand_shock_20,traditional,123,9278118938.265068,16400.0,0.3744343857794401,16375.0,37500.02613970762,36.23816563483802,1.0
demand_shock_20,traditional,124,9286524487.470167,16396.0,0.3735841816134958,16361.0,37553.30170585857,36.201485438449495,1.0
demand_shock_20,traditional,125,9316431475.110142,16398.0,0.3708180625196245,16365.0,37685.37662295477,36.168025621925004,1.0
demand_shock_20,traditional,126,9308365099.081306,16400.0,0.3698834812091633,16368.0,37724.27050641059,36.25143916055032,1.0
demand_shock_20,traditional,127,9321522769.66517,16399.0,0.37068126733643936,16369.0,37699.36721092263,35.87439507826385,1.0
demand_shock_20,traditional,128,9232263231.65957,16401.0,0.3727817858596388,16368.0,37454.15985337285,36.19967790999846,1.0
demand_shock_20,traditional,129,9259294822.33087,16398.0,0.37403586619406226,16362.0,37444.337152510845,36.63632986985414,1.0
demand_shock_20,traditional,130,9306944825.959667,16397.0,0.37451111999198533,16372.0,37538.09933331521,36.70891213262045,1.0
demand_shock_20,traditional,131,9292506915.536598,16394.0,0.37175716332691944,16369.0,37608.56182292913,36.61151851535328,1.0
demand_shock_20,traditional,132,9299958294.150913,16401.0,0.37184886560297614,16369.0,37629.40096207013,35.75731365626181,1.0
demand_shock_20,traditional,133,9287922444.674765,16396.0,0.372810625316452,16369.0,37576.07726290478,36.8814098116712,1.0
demand_shock_20,traditional,134,9282622834.401197,16398.0,0.3720301781369011,16368.0,37572.734659099624,35.86947235726049,1.0
demand_shock_20,traditional,135,9277562207.17949,16395.0,0.37346215516381903,16364.0,37545.205107468304,36.57725770585512,1.0
demand_shock_20,traditional,136,9274462816.298868,16395.0,0.3735775191787102,16371.0,37537.755523656604,36.30300866180256,1.0
demand_shock_20,traditional,137,9298273786.414392,16399.0,0.37193488932623253,16373.0,37646.9743768212,36.25210630669005,1.0
demand_shock_20,traditional,138,9307218927.817255,16399.0,0.3725885588076876,16372.0,37635.81669207964,36.948896410682494,1.0
demand_shock_20,traditional,139,9267867629.930214,16398.0,0.373929954765689,16370.0,37449.192690044336,35.602336901204694,1.0
demand_shock_20,traditional,140,9251963494.000599,16399.0,0.37450118599149895,16367.0,37409.71045809285,35.75106713382105,1.0
demand_shock_20,traditional,141,9295653522.353525,16398.0,0.3701631579045469,16370.0,37639.51540453925,36.276118992213576,1.0
demand_shock_20,traditional,142,9297543946.353554,16396.0,0.3727897555776764,16367.0,37686.818927558525,36.36640198450604,1.0
demand_shock_20,traditional,143,9328948430.709305,16401.0,0.37048291761028695,16367.0,37708.38519719744,36.64759702084724,1.0
demand_shock_20,traditional,144,9267200772.059732,16399.0,0.37411436264704595,16367.0,37454.77039412047,36.08993882169732,1.0
demand_shock_20,traditional,145,9290905838.865435,16400.0,0.37077280435149323,16369.0,37580.02953292225,36.707858333442225,1.0
demand_shock_20,traditional,146,9297544019.474775,16394.0,0.37335084635398796,16370.0,37562.15497443519,35.59341588181865,1.0
demand_shock_20,traditional,147,9266115440.067852,16402.0,0.37346677123319383,16368.0,37515.54633685877,37.01991221637199,1.0
demand_shock_20,traditional,148,9290627862.597227,16398.0,0.3717593552272794,16370.0,37620.50758623189,36.49029977110277,1.0
demand_shock_20,traditional,149,9308688274.882542,16396.0,0.3714858501678483,16359.0,37650.818022766274,36.90616357599464,2.0
demand_shock_20,traditional,150,9280595411.234442,16394.0,0.3722912828391262,16367.0,37553.82882086282,37.89096724660654,1.0
demand_shock_20,traditional,151,9263211893.094261,16395.0,0.37379002676645645,16370.0,37501.34362667898,35.757319594420636,1.0
demand_shock_20,traditional,152,9279294882.250498,16401.0,0.3726697416435196,16370.0,37545.29673358844,35.476621648187695,1.0
demand_shock_20,traditional,153,9317560627.207682,16404.0,0.3711257501742294,16370.0,37632.39623325395,36.49383440372962,1.0
demand_shock_20,traditional,154,9297927314.336567,16399.0,0.3723038520708986,16366.0,37590.49287676733,36.222563466351474,1.0
demand_shock_20,traditional,155,9276218174.18885,16402.0,0.37292667918728534,16366.0,37499.71229172978,36.58281889613559,1.0
demand_shock_20,traditional,156,9265869320.928156,16396.0,0.37404866838097783,16374.0,37431.115600172045,35.329163404399246,1.0
demand_shock_20,traditional,157,9317366745.82311,16396.0,0.36940031918486294,16366.0,37709.341535469,35.100987577963785,1.0
demand_shock_20,traditional,158,9296323657.94532,16398.0,0.37297965698000757,16364.0,37567.25697697517,36.746490802171245,1.0
demand_shock_20,traditional,159,9278981090.38589,16401.0,0.373472563667852,16368.0,37513.08148898914,36.67436607619699,1.0
demand_shock_20,traditional,160,9299009326.44759,16397.0,0.3726187605588348,16372.0,37606.44187975737,36.03863374688596,1.0
demand_shock_20,traditional,161,9292673564.498262,16402.0,0.37278637111330554,16368.0,37617.07167427711,35.646212001702246,1.0
demand_shock_20,traditional,162,9261699294.85701,16398.0,0.3725852301130545,16369.0,37503.39514417078,36.69108820953831,1.0
demand_shock_20,traditional,163,9281999693.784681,16402.0,0.373760742962642,16370.0,37559.44872616157,36.60379620538094,1.0
demand_shock_20,traditional,164,9304571664.184788,16399.0,0.37163621180485973,16373.0,37624.1854465844,35.99358498377116,1.0
demand_shock_20,traditional,165,9329160593.752167,16401.0,0.3710649953219623,16373.0,37704.707623746,36.67265586620771,1.0
demand_shock_20,traditional,166,9292198433.94605,16396.0,0.37088153033837207,16371.0,37647.096019887285,36.112071834502004,1.0
demand_shock_20,traditional,167,9281325589.708456,16396.0,0.373720424961479,16368.0,37544.34045064084,36.5870671243582,1.0
demand_shock_20,traditional,168,9266855313.891354,16399.0,0.3746460652739987,16373.0,37461.15364055489,35.69193078969074,1.0
demand_shock_20,traditional,169,9299663912.963985,16396.0,0.3721699838296964,16368.0,37554.05466573207,36.224553087745015,1.0
demand_shock_20,traditional,170,9269504694.916555,16401.0,0.3729989516257512,16368.0,37486.02297490624,35.192061629437475,1.0
demand_shock_20,traditional,171,9295480907.556759,16400.0,0.37191937639996075,16365.0,37609.763039047575,36.944134720959525,1.0
demand_shock_20,traditional,172,9259623803.167538,16400.0,0.3740197362225072,16364.0,37495.2803112351,35.45721704635348,1.0
demand_shock_20,traditional,173,9318930319.041058,16399.0,0.3725950753083149,16370.0,37703.97464152964,36.474676410982106,1.0
demand_shock_20,traditional,174,9292581418.325981,16398.0,0.3734666580966093,16368.0,37582.70400285054,37.760080888311,1.0
demand_shock_20,traditional,175,9295335445.950695,16393.0,0.3717455534307397,16371.0,37620.93133302036,35.65933000545552,1.0
demand_shock_20,traditional,176,9268053183.075905,16398.0,0.3720205391316385,16364.0,37533.70480106216,36.947459541929234,1.0
demand_shock_20,traditional,177,9297352859.54691,16398.0,0.3733047514662847,16367.0,37562.680368182,36.8794046858366,1.0
demand_shock_20,traditional,178,9267495180.25444,16398.0,0.37160157406788974,16372.0,37549.49785370724,36.55586429291666,1.0
demand_shock_20,traditional,179,9280759886.766407,16398.0,0.37401626619652334,16369.0,37524.95362815406,36.51271530695118,1.0
demand_shock_20,traditional,180,9279804485.214975,16394.0,0.37311400143060947,16365.0,37556.22227640969,36.79738114689769,1.0
demand_shock_20,traditional,181,9305534050.389795,16398.0,0.3719016131721724,16371.0,37652.115313739974,36.21669310046263,1.0
demand_shock_20,traditional,182,9273403243.786356,16400.0,0.37482916892824286,16373.0,37468.60355099418,36.34500347116176,1.0
demand_shock_20,traditional,183,9308599061.882639,16403.0,0.3718947250495684,16370.0,37639.94450516505,36.50146819204709,1.0
demand_shock_20,traditional,184,9269834228.648516,16397.0,0.3742994400359164,16368.0,37503.03032785374,36.807954925752085,1.0
demand_shock_20,traditional,185,9310701694.41617,16400.0,0.37032822669578624,16370.0,37704.462316310084,36.95511264842935,1.0
demand_shock_20,traditional,186,9253780152.006289,16393.0,0.37506790611384005,16370.0,37412.94318219727,35.89090325932933,1.0
demand_shock_20,traditional,187,9336945418.448095,16397.0,0.3707580024636677,16366.0,37754.35822004827,36.07476523729243,1.0
demand_shock_20,traditional,188,9303538264.79954,16396.0,0.3714196319305733,16368.0,37575.22285864689,36.24282720569556,1.0
demand_shock_20,traditional,189,9312586778.88977,16395.0,0.3725078241249123,16374.0,37639.080300758105,36.32136798196951,1.0
demand_shock_20,traditional,190,9312717560.034765,16396.0,0.37178032062267025,16363.0,37639.49615439183,36.01382090380228,1.0
demand_shock_20,traditional,191,9286322230.705883,16396.0,0.3713126990802861,16362.0,37585.18686550042,36.51486708928945,1.0
demand_shock_20,traditional,192,9314849968.654251,16401.0,0.37225336520019936,16372.0,37602.93915882262,36.05737098262995,1.0
demand_shock_20,traditional,193,9319564733.618805,16402.0,0.3708043895199331,16368.0,37727.2292933628,36.49970308355344,1.0
demand_shock_20,traditional,194,9289385760.139217,16396.0,0.37195857085609046,16370.0,37595.84043815631,36.45746026481844,1.0
demand_shock_20,traditional,195,9308675705.799345,16402.0,0.3715687274333848,16368.0,37622.44439841897,37.10619765651409,1.0
demand_shock_20,traditional,196,9314500772.177265,16398.0,0.37231517940259884,16369.0,37633.77854851534,37.35334792075548,1.0
demand_shock_20,traditional,197,9260764919.238907,16396.0,0.374759531351491,16367.0,37416.20134080342,37.459660435399115,1.0
demand_shock_20,traditional,198,9297043022.77368,16399.0,0.371558383220202,16368.0,37589.613096123714,36.9455092392217,1.0
demand_shock_20,traditional,199,9287549159.00802,16398.0,0.37385697947148194,16372.0,37478.96795441554,35.930595884697055,1.0
demand_shock_20,traditional,200,9275363483.865494,16398.0,0.3725446037211688,16370.0,37560.46347158936,37.02445843232169,1.0
demand_shock_20,traditional,201,9278976586.351994,16399.0,0.37363927074168257,16369.0,37551.75423281589,36.24971475480051,1.0
demand_shock_20,traditional,202,9268512276.316013,16399.0,0.373910232669271,16370.0,37521.06509954479,36.81422180115348,1.0
demand_shock_20,traditional,203,9263448763.214827,16394.0,0.37460808643523846,16364.0,37425.650472813315,36.13054029332491,1.0
demand_shock_20,traditional,204,9277570995.620895,16398.0,0.3730718773161253,16371.0,37517.830758838456,36.68185290873047,1.0
demand_shock_20,traditional,205,9327258871.02929,16395.0,0.37023176464599983,16366.0,37742.417908910786,37.52222564245558,1.0
demand_shock_20,traditional,206,9272610542.992634,16395.0,0.3725939573755433,16370.0,37491.267574652644,35.74960941037068,1.0
demand_shock_20,traditional,207,9316046385.90344,16395.0,0.3715015203660293,16365.0,37662.096280777005,37.17917225261052,1.0
demand_shock_20,traditional,208,9272586933.263105,16400.0,0.37467431418184627,16367.0,37445.1847627706,36.000908851887175,1.0
demand_shock_20,traditional,209,9291396986.24753,16394.0,0.37416234852598984,16366.0,37544.41567440569,35.1390199227711,1.0
demand_shock_20,traditional,210,9268706533.311285,16398.0,0.37184916297659726,16366.0,37504.81306464704,36.74756022506875,1.0
demand_shock_20,traditional,211,9299402559.824806,16396.0,0.372272214126122,16368.0,37679.990982092975,36.6823821944605,1.0
demand_shock_20,traditional,212,9298003284.150873,16397.0,0.37137623837019623,16364.0,37617.018980519126,36.00034212398286,1.0
demand_shock_20,traditional,213,9288801276.9736,16398.0,0.37434065419904156,16372.0,37539.673587286525,36.712595805564284,1.0
demand_shock_20,traditional,214,9307142020.921991,16399.0,0.37096786763607265,16372.0,37659.6202963443,36.063204508458675,1.0
demand_shock_20,traditional,215,9257145762.544003,16399.0,0.37613250332328035,16363.0,37398.314859567356,35.80813261601821,1.0
demand_shock_20,traditional,216,9277930145.25264,16398.0,0.37354325702676106,16366.0,37538.73831366574,35.92247228834364,1.0
demand_shock_20,traditional,217,9290834686.912437,16399.0,0.37225997611821116,16368.0,37594.87297407282,35.95125795591165,1.0
demand_shock_20,traditional,218,9294388389.082354,16400.0,0.3711165547192727,16369.0,37640.661893119104,36.871535219400954,1.0
demand_shock_20,traditional,219,9297565463.21275,16394.0,0.37187478473125013,16371.0,37587.579964761615,37.16512607360837,1.0
demand_shock_20,traditional,220,9290801239.01612,16397.0,0.3718400614821948,16372.0,37604.493700766594,36.633446716760446,1.0
demand_shock_20,traditional,221,9309624105.915138,16392.0,0.3723395384154158,16366.0,37612.62789160429,36.397726023390675,2.0
demand_shock_20,traditional,222,9287129932.669495,16395.0,0.3726930701111313,16372.0,37570.07289626086,36.338015292056,1.0
demand_shock_20,traditional,223,9267853140.741398,16397.0,0.37230093892050603,16367.0,37545.67492868091,35.98774966443859,1.0
demand_shock_20,traditional,224,9270047859.38789,16396.0,0.3741619229021532,16367.0,37503.476492384165,35.1607998852844,1.0
demand_shock_20,traditional,225,9277941061.434431,16398.0,0.37357598144558324,16367.0,37495.60631048141,37.04145345804567,1.0
demand_shock_20,traditional,226,9281998552.424505,16394.0,0.373045899779432,16369.0,37579.43323456566,36.211122079741315,2.0
demand_shock_20,traditional,227,9274415354.505081,16398.0,0.3715459784542913,16367.0,37544.34808663003,36.3090142291916,1.0
demand_shock_20,traditional,228,9254623577.725056,16399.0,0.37255016155303544,16369.0,37540.19894459914,34.89662517613773,1.0
demand_shock_20,traditional,229,9266707425.839354,16396.0,0.373626174241751,16367.0,37471.743237439834,36.23044247259864,1.0
demand_shock_20,traditional,230,9322793187.320925,16397.0,0.3712982756223087,16370.0,37717.525867754295,36.98689070427672,1.0
demand_shock_20,traditional,231,9296046873.485735,16396.0,0.37201865596094946,16365.0,37583.481806671014,36.107778798856025,1.0
demand_shock_20,traditional,232,9335351835.36237,16399.0,0.37074182695345687,16374.0,37788.24055245031,36.66415681001257,1.0
demand_shock_20,traditional,233,9288037634.43536,16396.0,0.37307454652888766,16366.0,37614.65444046801,36.29520100780009,1.0
demand_shock_20,traditional,234,9302362391.596619,16395.0,0.3737795762640199,16371.0,37538.93603125766,35.29880322708629,1.0
demand_shock_20,traditional,235,9233381245.593628,16396.0,0.37486912444881154,16361.0,37403.37155918471,36.57143778047082,1.0
demand_shock_20,traditional,236,9262962581.533543,16397.0,0.3746830766105457,16370.0,37420.12969227653,36.04743055895433,2.0
demand_shock_20,traditional,237,9287547078.572392,16400.0,0.37260091174537124,16372.0,37590.8448332095,36.930671533548015,1.0
demand_shock_20,traditional,238,9294945289.861261,16397.0,0.3715378466012562,16370.0,37590.926454375236,35.61417115368271,1.0
demand_shock_20,traditional,239,9277295772.736443,16396.0,0.3737866815819656,16364.0,37557.47471178581,36.473609234890034,2.0
demand_shock_20,traditional,240,9277012692.153086,16394.0,0.37337641633872654,16366.0,37547.74402996602,36.994272860420125,1.0
demand_shock_20,traditional,241,9287247047.232822,16397.0,0.37250979726186473,16365.0,37550.576100361075,35.584586918340754,1.0
demand_shock_20,traditional,242,9281725452.633884,16398.0,0.3737024135795212,16368.0,37564.222423453626,35.8734086044343,1.0
demand_shock_20,traditional,243,9291047767.655096,16397.0,0.37281112133146377,16368.0,37510.48240145958,35.873158312894816,1.0
demand_shock_20,traditional,244,9310670333.069342,16402.0,0.37087370290052313,16369.0,37730.935511768424,36.26020747398568,1.0
demand_shock_20,traditional,245,9298940933.738325,16396.0,0.3707871412125808,16368.0,37619.02453574743,36.13824361618439,1.0
demand_shock_20,traditional,246,9275138094.449957,16395.0,0.3723206448910962,16369.0,37482.63824573288,37.07669859327696,1.0
demand_shock_20,traditional,247,9275211741.603899,16396.0,0.373055770463043,16370.0,37520.38753278842,36.751407512362455,1.0
demand_shock_20,traditional,248,9311131572.173145,16400.0,0.37226595150981506,16371.0,37656.76992707429,35.93925296385537,1.0
demand_shock_20,traditional,249,9288141466.986444,16397.0,0.37111756562371384,16368.0,37603.008018859975,36.07217312345353,1.0
demand_shock_20,near_critical,0,9280589749.277065,16397.0,0.37469760401138563,16368.0,37525.43426328825,34.88191297613569,1.0
demand_shock_20,near_critical,1,9289124450.209127,16398.0,0.372561909442372,16369.0,37551.125281048,35.412632385755494,1.0
demand_shock_20,near_critical,2,9281658504.643433,16396.0,0.3732056445671214,16368.0,37528.61408592053,35.669492721548735,1.0
demand_shock_20,near_critical,3,9271175056.490623,16400.0,0.37411857391710196,16362.0,37441.751716580955,36.53026510862821,1.0
demand_shock_20,near_critical,4,9238350549.905748,16399.0,0.37578909899591356,16371.0,37389.96296023399,35.824334580220054,1.0
demand_shock_20,near_critical,5,9335526388.271912,16401.0,0.37066082237174025,16362.0,37758.923694668854,37.04713884221627,1.0
demand_shock_20,near_critical,6,9298242103.432894,16400.0,0.37130208705847934,16367.0,37634.84501950094,36.5230233865662,1.0
demand_shock_20,near_critical,7,9322312358.595528,16394.0,0.3715826338131746,16371.0,37651.24016293705,36.174126622409325,1.0
demand_shock_20,near_critical,8,9273822358.482714,16398.0,0.3744890063716226,16373.0,37466.32488435596,35.52192233624747,1.0
demand_shock_20,near_critical,9,9298523924.557234,16398.0,0.37183879194465014,16372.0,37615.99543221632,36.0015345630682,1.0
demand_shock_20,near_critical,10,9270163564.46677,16394.0,0.37370391486175236,16363.0,37520.96097146665,35.36019834644969,1.0
demand_shock_20,near_critical,11,9276290241.830051,16405.0,0.37475692588508264,16367.0,37399.21762157152,34.590741638697295,1.0
demand_shock_20,near_critical,12,9249348410.219189,16399.0,0.37439612931183675,16372.0,37406.56701142158,35.5493937493708,1.0
demand_shock_20,near_critical,13,9277390757.371899,16402.0,0.37377687666737447,16374.0,37507.459014090426,36.81151446501371,1.0
demand_shock_20,near_critical,14,9218419637.169018,16396.0,0.37575018383420405,16364.0,37291.06959181293,35.56819881778078,1.0
demand_shock_20,near_critical,15,9268555243.539974,16396.0,0.3745782831711705,16366.0,37394.05969681853,35.068334971803004,1.0
demand_shock_20,near_critical,16,9298293837.644545,16391.0,0.37274461795910857,16366.0,37582.64741266963,36.13137784929623,1.0
demand_shock_20,near_critical,17,9254551451.776733,16400.0,0.3744436317878529,16368.0,37378.87693122227,34.93210542143106,1.0
demand_shock_20,near_critical,18,9318733103.846872,16398.0,0.3721195340907544,16371.0,37651.71941888047,36.03658467450349,1.0
demand_shock_20,near_critical,19,9291719868.217659,16399.0,0.37359516598210607,16367.0,37514.94606014857,36.0429223771485,1.0
demand_shock_20,near_critical,20,9300883316.095516,16395.0,0.37210648693196724,16369.0,37621.18056867373,35.019325120683796,1.0
demand_shock_20,near_critical,21,9304927166.981697,16401.0,0.3724618751224119,16369.0,37609.16182723569,35.715051840630096,1.0
demand_shock_20,near_critical,22,9239759566.070389,16391.0,0.37518687208699075,16363.0,37427.37226552394,35.5960447304924,1.0
demand_shock_20,near_critical,23,9286990330.678648,16394.0,0.37426383572792804,16368.0,37446.69918043696,35.298975849949684,1.0
demand_shock_20,near_critical,24,9291531461.187374,16395.0,0.3735010401821086,16374.0,37575.129343731096,35.73418018255,1.0
demand_shock_20,near_critical,25,9270155273.874672,16397.0,0.3734159081825967,16366.0,37482.35222659449,35.618293239953516,1.0
demand_shock_20,near_critical,26,9259437176.854753,16398.0,0.37376038824838426,16369.0,37486.84839153435,35.449483412764266,1.0
demand_shock_20,near_critical,27,9301184413.112371,16398.0,0.3729865652648071,16369.0,37590.78031868498,35.154971663645874,1.0
demand_shock_20,near_critical,28,9221568354.393688,16393.0,0.3768984554866634,16367.0,37206.6847142213,35.94933801059872,1.0
demand_shock_20,near_critical,29,9273023255.231522,16401.0,0.37408556203898763,16366.0,37476.14544626868,36.08574250561373,1.0
demand_shock_20,near_critical,30,9292614592.362566,16400.0,0.3728974167202988,16367.0,37573.90380425713,35.724744108180516,1.0
demand_shock_20,near_critical,31,9292340725.315762,16392.0,0.3722491949108146,16369.0,37613.23441102131,36.64468176076436,1.0
demand_shock_20,near_critical,32,9270742598.002024,16395.0,0.374381298351067,16362.0,37490.66664486783,34.91361248954197,1.0
demand_shock_20,near_critical,33,9281469418.534813,16402.0,0.37428499088004114,16368.0,37476.82711899432,36.056033072632694,1.0
demand_shock_20,near_critical,34,9274683365.945116,16396.0,0.37376043897181915,16366.0,37503.454955978275,35.77211332190781,1.0
demand_shock_20,near_critical,35,9309509650.169353,16397.0,0.37104691691201513,16370.0,37658.0711472497,35.72429637521392,1.0
demand_shock_20,near_critical,36,9275746059.293793,16399.0,0.3723527112978972,16368.0,37568.8560632855,36.12673529338261,1.0
demand_shock_20,near_critical,37,9290812479.721611,16401.0,0.3739546827347586,16378.0,37503.552469766895,35.20623458492282,1.0
demand_shock_20,near_critical,38,9295953454.129574,16400.0,0.37478337246552645,16371.0,37470.17581194743,35.917869159161235,1.0
demand_shock_20,near_critical,39,9264292427.09719,16393.0,0.37394342167165734,16374.0,37426.26714183586,34.898476913056015,1.0
demand_shock_20,near_critical,40,9267776214.52033,16396.0,0.37460078174618827,16365.0,37471.51215352311,35.49614435740273,1.0
demand_shock_20,near_critical,41,9254774928.32317,16399.0,0.37521855182316427,16370.0,37415.41185970124,35.3950713244252,1.0
demand_shock_20,near_critical,42,9307420008.53544,16401.0,0.37257957002875575,16369.0,37656.86369137563,36.10141814767279,1.0
demand_shock_20,near_critical,43,9264608092.518793,16394.0,0.3724678108526168,16368.0,37443.36393637119,35.21727811878967,1.0
demand_shock_20,near_critical,44,9311156942.153587,16398.0,0.3713427665542647,16360.0,37620.49656064822,36.88270463957541,1.0
demand_shock_20,near_critical,45,9240228328.007145,16401.0,0.3754559202736523,16369.0,37391.2265527328,35.50412106527483,1.0
demand_shock_20,near_critical,46,9293648291.460493,16401.0,0.37276392498315314,16367.0,37600.33171548201,36.33866787785182,1.0
demand_shock_20,near_critical,47,9279190013.80943,16402.0,0.37493910697370053,16365.0,37469.906554224355,36.509347215350154,1.0
demand_shock_20,near_critical,48,9250711566.450901,16401.0,0.3755860832728338,16369.0,37366.14676724766,36.25750995301218,1.0
demand_shock_20,near_critical,49,9270532427.94033,16400.0,0.37338860954899905,16368.0,37453.54200220305,35.15928418484218,1.0
demand_shock_20,near_critical,50,9299470308.643555,16396.0,0.37214257923917476,16365.0,37633.669640493696,35.47144881040697,1.0
demand_shock_20,near_critical,51,9276808486.296192,16404.0,0.37484313598022384,16366.0,37483.65600243991,35.51033107552756,1.0
demand_shock_20,near_critical,52,9290499038.40959,16397.0,0.37457300440927455,16368.0,37547.82728178282,35.86578550818525,1.0
demand_shock_20,near_critical,53,9254371974.015482,16395.0,0.3750710148218089,16371.0,37435.37627105126,34.96431199649663,2.0
demand_shock_20,near_critical,54,9268567223.353941,16399.0,0.3731492766701774,16370.0,37497.02676329241,35.43553258570538,1.0
demand_shock_20,near_critical,55,9319052232.545628,16399.0,0.37085521808074723,16377.0,37668.91108129764,35.79317002410413,1.0
demand_shock_20,near_critical,56,9315283270.400843,16395.0,0.3727961835446222,16368.0,37607.715406463794,35.84676139379574,2.0
demand_shock_20,near_critical,57,9256168545.00984,16401.0,0.37491702287171763,16369.0,37420.66593828545,35.1388446119586,1.0
demand_shock_20,near_critical,58,9301807740.3193,16401.0,0.37353922798349753,16374.0,37575.883491559645,35.06191538813072,1.0
demand_shock_20,near_critical,59,9274928518.113735,16397.0,0.373009298971938,16365.0,37537.89429235481,36.805104787128506,1.0
demand_shock_20,near_critical,60,9269033405.744701,16401.0,0.3741681270818146,16369.0,37449.324519934475,36.29828213055996,1.0
demand_shock_20,near_critical,61,9283391136.144016,16399.0,0.3731363405004701,16364.0,37541.67453244234,35.96913060476855,1.0
demand_shock_20,near_critical,62,9311673734.648554,16397.0,0.37223056187630416,16365.0,37668.59638279096,35.746287506142544,1.0
demand_shock_20,near_critical,63,9297817267.17906,16401.0,0.37304586810578183,16372.0,37516.64794607526,35.496284030478215,1.0
demand_shock_20,near_critical,64,9309195700.451683,16394.0,0.37292468298595655,16370.0,37600.38952365998,36.42848985578526,1.0
demand_shock_20,near_critical,65,9223873066.344893,16394.0,0.3760751066616712,16362.0,37296.875078488534,35.696773399215346,2.0
demand_shock_20,near_critical,66,9294028431.8517,16400.0,0.3728616584959016,16371.0,37528.066675991504,36.04106103733124,1.0
demand_shock_20,near_critical,67,9270641976.580742,16396.0,0.3740823722446711,16369.0,37535.959240447504,36.64559884468586,1.0
demand_shock_20,near_critical,68,9314723107.369513,16398.0,0.3711917303970811,16368.0,37627.43637478375,35.59354335202239,1.0
demand_shock_20,near_critical,69,9278982197.91904,16396.0,0.37524620762331967,16366.0,37447.83946917947,35.43408496973721,1.0
demand_shock_20,near_critical,70,9310058333.161732,16402.0,0.37310439401856255,16375.0,37589.63411168739,35.718003283209946,1.0
demand_shock_20,near_critical,71,9309759254.904367,16397.0,0.37331939172173856,16366.0,37564.41808544673,36.58746982152184,1.0
demand_shock_20,near_critical,72,9237983798.354425,16399.0,0.37625525849421365,16372.0,37355.11324655349,34.85194744933773,1.0
demand_shock_20,near_critical,73,9295504852.757198,16394.0,0.3714720098362734,16369.0,37657.238277462966,35.42444599206905,1.0
demand_shock_20,near_critical,74,9294463901.273663,16398.0,0.3734534677691766,16372.0,37556.80078622661,35.708446978057445,1.0
demand_shock_20,near_critical,75,9266072303.571657,16400.0,0.37354467388943724,16371.0,37459.86572874932,35.4157189536712,1.0
demand_shock_20,near_critical,76,9298214918.151468,16398.0,0.372941732859733,16372.0,37613.252714174145,35.98566181766604,1.0
demand_shock_20,near_critical,77,9314675388.165802,16398.0,0.37047011398471347,16369.0,37687.79619943438,35.51793802544743,1.0
demand_shock_20,near_critical,78,9304614708.71375,16396.0,0.3722370228023716,16371.0,37656.23851890523,36.00029358771891,1.0
demand_shock_20,near_critical,79,9279965830.935715,16402.0,0.37394668526265756,16375.0,37526.11552807687,36.613667929684965,1.0
demand_shock_20,near_critical,80,9240183446.155495,16396.0,0.3751392206631885,16366.0,37433.59083579113,35.4784609778257,1.0
demand_shock_20,near_critical,81,9265091556.642183,16398.0,0.3728436865968506,16371.0,37513.24242775988,36.20513943582012,1.0
demand_shock_20,near_critical,82,9244281518.17243,16400.0,0.37435515740523745,16369.0,37359.97878636944,35.62287626265307,1.0
demand_shock_20,near_critical,83,9280040836.354101,16395.0,0.37320129275297237,16366.0,37562.91441571104,36.084863799835965,1.0
demand_shock_20,near_critical,84,9293802236.607931,16396.0,0.37453911622366315,16372.0,37513.72116845573,36.18593316933704,1.0
demand_shock_20,near_critical,85,9285283174.506912,16395.0,0.37360134165009384,16364.0,37525.49832110017,35.65188395030548,1.0
demand_shock_20,near_critical,86,9291769593.241173,16394.0,0.3726591610837185,16370.0,37547.39154720002,35.43006985874784,1.0
demand_shock_20,near_critical,87,9275380516.084126,16391.0,0.3730626796547267,16366.0,37559.60815374822,37.60912501611736,1.0
demand_shock_20,near_critical,88,9289345424.229485,16394.0,0.37310692277743923,16370.0,37592.625077471384,35.875769481804404,1.0
demand_shock_20,near_critical,89,9257757927.124632,16399.0,0.374832252475379,16373.0,37394.46195997181,35.53278764838742,1.0
demand_shock_20,near_critical,90,9288455550.100533,16402.0,0.37431368808218546,16369.0,37544.94390138056,35.57184049501693,1.0
demand_shock_20,near_critical,91,9285669532.606657,16397.0,0.37315651912292586,16372.0,37511.81757086109,35.05133026812258,1.0
demand_shock_20,near_critical,92,9264779795.209116,16399.0,0.3746875480251041,16372.0,37500.42074255779,36.12647979594987,1.0
demand_shock_20,near_critical,93,9252956221.318562,16396.0,0.375985816307984,16369.0,37356.1079728587,34.89072976755627,1.0
demand_shock_20,near_critical,94,9303300047.58156,16398.0,0.3737349885538031,16372.0,37619.867275127355,35.71665688794018,1.0
demand_shock_20,near_critical,95,9298394175.426939,16397.0,0.3728138828843421,16362.0,37592.538099968224,35.66647002674551,1.0
demand_shock_20,near_critical,96,9246175798.434582,16396.0,0.37563602076435476,16366.0,37398.84857135026,35.188988710039354,1.0
demand_shock_20,near_critical,97,9287542980.859844,16401.0,0.3734128103765048,16368.0,37555.28289071928,35.58661157467924,1.0
demand_shock_20,near_critical,98,9291255752.156576,16399.0,0.37301318930389155,16368.0,37562.00186870573,34.78084356258598,1.0
demand_shock_20,near_critical,99,9260561951.90458,16398.0,0.37301849156134637,16367.0,37481.77587816348,35.39638018209197,1.0
demand_shock_20,near_critical,100,9309025963.166357,16395.0,0.3708221386906974,16369.0,37671.19642117344,35.68817237352943,1.0
demand_shock_20,near_critical,101,9320545951.669945,16400.0,0.3714193329975616,16368.0,37676.91195215819,35.47834899724691,1.0
demand_shock_20,near_critical,102,9253238367.959091,16396.0,0.3740022416022118,16366.0,37489.0647290507,36.08276297455848,1.0
demand_shock_20,near_critical,103,9274961037.668446,16400.0,0.3729127678377537,16368.0,37559.90419582658,35.790993969983205,1.0
demand_shock_20,near_critical,104,9301485269.124908,16398.0,0.37370570710394185,16368.0,37610.97471797758,35.25711366125897,1.0
demand_shock_20,near_critical,105,9304478375.517221,16401.0,0.37395055915421366,16369.0,37545.76476376329,36.08969751384722,1.0
demand_shock_20,near_critical,106,9297561852.74968,16398.0,0.37364233688315185,16368.0,37509.80799300065,35.15260396760099,1.0
demand_shock_20,near_critical,107,9257524186.530668,16395.0,0.37528619765560955,16370.0,37428.77509607506,36.10786420614628,2.0
demand_shock_20,near_critical,108,9270450366.142342,16398.0,0.3752870307407786,16365.0,37426.36913934254,36.410598801862044,1.0
demand_shock_20,near_critical,109,9257964042.16396,16397.0,0.3732371306579982,16373.0,37480.791379021284,36.60011853112367,1.0
demand_shock_20,near_critical,110,9296674394.068645,16393.0,0.3721634725091465,16363.0,37629.77683217352,36.035961861897064,1.0
demand_shock_20,near_critical,111,9296836675.778156,16394.0,0.3730582712367818,16364.0,37550.975442117495,36.52246005004396,1.0
demand_shock_20,near_critical,112,9265148023.88268,16398.0,0.3743240467622053,16368.0,37437.38943211148,36.214236991526114,1.0
demand_shock_20,near_critical,113,9292105686.835571,16397.0,0.3739912967229654,16373.0,37526.50467245336,35.486473826923614,1.0
demand_shock_20,near_critical,114,9287564333.04881,16394.0,0.37410054415697447,16363.0,37587.76423611729,35.28951273316997,1.0
demand_shock_20,near_critical,115,9283119003.459455,16398.0,0.37257607618846,16367.0,37541.73809336307,35.59865121491416,1.0
demand_shock_20,near_critical,116,9259644952.262306,16398.0,0.3735851173858127,16365.0,37432.807491727806,35.95911041238499,1.0
demand_shock_20,near_critical,117,9280621368.135565,16392.0,0.3739046407234604,16369.0,37483.30586287249,36.6268708901965,1.0
demand_shock_20,near_critical,118,9276115868.4867,16396.0,0.37444664546337664,16370.0,37488.116849271486,36.0258507524244,1.0
demand_shock_20,near_critical,119,9284748592.697643,16394.0,0.3734003846502473,16373.0,37510.27874285108,35.89248155228393,1.0
demand_shock_20,near_critical,120,9250227013.893204,16398.0,0.3744203936591911,16367.0,37400.94128068901,34.951626409148055,1.0
demand_shock_20,near_critical,121,9278512661.928497,16398.0,0.3740223145452451,16366.0,37518.80354763767,35.63786527137349,1.0
demand_shock_20,near_critical,122,9281984025.480186,16400.0,0.37443796824297204,16373.0,37481.3685619645,35.08383240083481,1.0
demand_shock_20,near_critical,123,9308589044.029417,16395.0,0.37318799451136886,16371.0,37627.294256186324,35.2165408660529,1.0
demand_shock_20,near_critical,124,9266549957.610092,16400.0,0.37483046988431745,16370.0,37492.003362841715,36.69739540858539,1.0
demand_shock_20,near_critical,125,9260599665.627779,16398.0,0.3761453854511912,16371.0,37380.40258805858,35.90497823318185,1.0
demand_shock_20,near_critical,126,9281997489.836864,16399.0,0.3740190544346884,16366.0,37478.89640023957,35.943092213986475,1.0
demand_shock_20,near_critical,127,9263248134.517721,16398.0,0.37431871226803193,16367.0,37406.654030747784,35.53290277054897,1.0
demand_shock_20,near_critical,128,9270424064.890099,16406.0,0.37366499966806305,16376.0,37468.29404374695,36.22878473793994,1.0
demand_shock_20,near_critical,129,9257615083.982769,16397.0,0.3736579237190065,16364.0,37516.572019796375,35.396190015932476,1.0
demand_shock_20,near_critical,130,9279683335.311707,16398.0,0.3738814876956799,16373.0,37553.912770274896,35.02750011653183,1.0
demand_shock_20,near_critical,131,9275681496.805405,16399.0,0.37437910509134514,16361.0,37455.674533416066,35.94059414166886,1.0
demand_shock_20,near_critical,132,9272898041.352846,16398.0,0.37505185466835467,16366.0,37487.76043524687,36.30922046759463,1.0
demand_shock_20,near_critical,133,9273431727.836203,16398.0,0.3749272604326247,16375.0,37488.803830952966,35.64884462421653,1.0
demand_shock_20,near_critical,134,9239944675.49371,16399.0,0.375905455619965,16371.0,37395.06283783309,36.517840921281966,1.0
demand_shock_20,near_critical,135,9308915516.768557,16398.0,0.37080236575191633,16370.0,37662.19947481021,36.15282454974235,1.0
demand_shock_20,near_critical,136,9312801468.02275,16398.0,0.3723067584582321,16373.0,37647.116263790274,35.694070040943004,1.0
demand_shock_20,near_critical,137,9278836618.065556,16402.0,0.3728668667455374,16370.0,37580.40427323374,36.054370373873454,1.0
demand_shock_20,near_critical,138,9316452003.483282,16397.0,0.3718198075791449,16371.0,37662.03172256948,34.643710417248535,1.0
demand_shock_20,near_critical,139,9307459582.497185,16398.0,0.3740261358163222,16373.0,37639.410261023855,36.54963072810952,1.0
demand_shock_20,near_critical,140,9259295165.517664,16398.0,0.3742828521345412,16369.0,37423.3980480853,36.009480110957746,1.0
demand_shock_20,near_critical,141,9299198173.49309,16399.0,0.3717551573003222,16375.0,37637.17060337826,35.71076062819002,1.0
demand_shock_20,near_critical,142,9261143377.660582,16395.0,0.37341625338742107,16364.0,37501.492261039406,35.41002343959813,1.0
demand_shock_20,near_critical,143,9264182121.611296,16397.0,0.3742765265316931,16371.0,37450.60555699912,35.204761961404685,1.0
demand_shock_20,near_critical,144,9260756922.114408,16398.0,0.3743474286382016,16368.0,37378.870489541136,35.282642767371385,1.0
demand_shock_20,near_critical,145,9216353815.889448,16396.0,0.3768698694503349,16364.0,37270.34505240291,36.13816148047884,1.0
demand_shock_20,near_critical,146,9279753292.412996,16401.0,0.37219650997857384,16362.0,37530.85742699328,35.94762593274372,2.0
demand_shock_20,near_critical,147,9274847299.843428,16398.0,0.37351662046465667,16372.0,37543.44319174937,36.31277506211725,1.0
demand_shock_20,near_critical,148,9321707323.81816,16398.0,0.37287870121718564,16369.0,37653.84231715321,37.299697585853515,1.0
demand_shock_20,near_critical,149,9256529842.665115,16400.0,0.3747146612361803,16372.0,37411.51394746868,36.68001379889392,1.0
demand_shock_20,near_critical,150,9288613321.475264,16396.0,0.3732332559997141,16365.0,37530.092310593216,36.45181402695201,1.0
demand_shock_20,near_critical,151,9269432896.64315,16401.0,0.37259095798304365,16369.0,37552.80125360426,35.18313779271136,1.0
demand_shock_20,near_critical,152,9255990042.975077,16399.0,0.3751338371730512,16366.0,37419.81119595624,35.49841789852326,1.0
demand_shock_20,near_critical,153,9270386251.805218,16402.0,0.375587810256986,16372.0,37448.96341175904,35.766803039046636,1.0
demand_shock_20,near_critical,154,9254110009.627266,16396.0,0.37412015886583927,16369.0,37454.23258822362,35.522083371582916,1.0
demand_shock_20,near_critical,155,9230862530.594688,16397.0,0.37631610607714844,16371.0,37342.900042432404,35.507721800349145,1.0
demand_shock_20,near_critical,156,9291255437.260466,16398.0,0.372608631618287,16364.0,37519.45582742365,35.76157228556483,1.0
demand_shock_20,near_critical,157,9259549881.97587,16400.0,0.3744444440213604,16372.0,37393.86129832041,34.50259751947905,1.0
demand_shock_20,near_critical,158,9232364142.42629,16401.0,0.3761695090192445,16369.0,37324.57162494722,35.78649433865717,1.0
demand_shock_20,near_critical,159,9299175584.939983,16400.0,0.37092324320783304,16371.0,37635.57033931174,36.08995045185415,1.0
demand_shock_20,near_critical,160,9303516083.783516,16400.0,0.3741349978089886,16370.0,37571.64502556655,35.84842571173894,1.0
demand_shock_20,near_critical,161,9294207858.612267,16397.0,0.3730923879059044,16369.0,37585.954606536296,35.72257864655836,1.0
demand_shock_20,near_critical,162,9245109786.85352,16404.0,0.3751751678427663,16369.0,37421.1453947243,34.42417351801421,1.0
demand_shock_20,near_critical,163,9265098558.421553,16398.0,0.37658366632923096,16371.0,37385.53138507521,35.357248896478055,2.0
demand_shock_20,near_critical,164,9324319759.992136,16394.0,0.36929897322445754,16367.0,37771.53854831303,36.64601534749622,1.0
demand_shock_20,near_critical,165,9289268110.739817,16392.0,0.3732855333831805,16364.0,37595.608364337546,36.20717747249325,2.0
demand_shock_20,near_critical,166,9296167233.591316,16400.0,0.3734492643852339,16369.0,37622.411244069546,35.64002934316576,1.0
demand_shock_20,near_critical,167,9274641447.75636,16397.0,0.37405363415927645,16374.0,37497.440640737565,35.84997085319473,1.0
demand_shock_20,near_critical,168,9289780703.811869,16401.0,0.37285850429289435,16376.0,37494.90450533439,35.41864337502823,1.0
demand_shock_20,near_critical,169,9306193064.801233,16398.0,0.3729086695315984,16376.0,37636.2884335402,36.713591272298395,1.0
demand_shock_20,near_critical,170,9280638595.037724,16398.0,0.3734224028396183,16368.0,37511.78902642439,35.84939526746911,1.0
demand_shock_20,near_critical,171,9245561046.461906,16396.0,0.3739350124383224,16370.0,37422.56797357405,34.6229456847111,1.0
demand_shock_20,near_critical,172,9261895427.615324,16393.0,0.3750151930379289,16369.0,37411.042890544806,34.97807113904368,1.0
demand_shock_20,near_critical,173,9242319445.14641,16398.0,0.3752476616758852,16372.0,37361.065755116055,35.55931016790667,1.0
demand_shock_20,near_critical,174,9297890409.363916,16393.0,0.3734383688350433,16371.0,37544.000005169844,35.489740889826145,1.0
demand_shock_20,near_critical,175,9268650599.469,16399.0,0.3744442655862422,16368.0,37482.73887665759,35.312825689973565,1.0
demand_shock_20,near_critical,176,9268660045.734097,16401.0,0.3741969536807282,16376.0,37445.44430795497,36.29539020438669,1.0
demand_shock_20,near_critical,177,9284128707.442984,16397.0,0.3745007946894617,16366.0,37481.408081008914,36.37098573402172,1.0
demand_shock_20,near_critical,178,9298335097.481598,16397.0,0.37466523819583597,16369.0,37521.76470356054,36.66394111791497,1.0
demand_shock_20,near_critical,179,9237320813.284826,16395.0,0.3727670201508605,16369.0,37497.10202903951,35.92974541313512,1.0
demand_shock_20,near_critical,180,9280260640.638453,16397.0,0.37269166831678285,16366.0,37575.83720488071,35.37909033159301,1.0
demand_shock_20,near_critical,181,9272009631.394196,16394.0,0.3727616879488936,16366.0,37488.16658503433,36.371948631142565,1.0
demand_shock_20,near_critical,182,9266900262.616774,16396.0,0.3738048075749446,16371.0,37468.697149669366,35.31947091190605,1.0
demand_shock_20,near_critical,183,9284342015.342846,16396.0,0.373259553713125,16370.0,37565.767021757456,35.85104888750508,1.0
demand_shock_20,near_critical,184,9275248297.87633,16398.0,0.37490646689907103,16366.0,37405.822168164115,34.95949273338443,1.0
demand_shock_20,near_critical,185,9282911575.150158,16399.0,0.3718316603217069,16370.0,37564.62337243148,35.48165315905253,1.0
demand_shock_20,near_critical,186,9308186114.580065,16399.0,0.3729230765215519,16373.0,37541.47979897446,35.799739061088104,1.0
demand_shock_20,near_critical,187,9289704552.286234,16405.0,0.3723844687192626,16371.0,37591.25836274277,36.52302083778794,1.0
demand_shock_20,near_critical,188,9286092567.864265,16395.0,0.3735757283763931,16370.0,37524.28122986133,36.06671411368333,1.0
demand_shock_20,near_critical,189,9264731361.853535,16396.0,0.3744472596746461,16368.0,37405.62858034808,35.9432503454985,1.0
demand_shock_20,near_critical,190,9309705095.279625,16398.0,0.3719985787724457,16369.0,37649.164452402445,36.349705545689595,1.0
demand_shock_20,near_critical,191,9303432178.78549,16399.0,0.37352864197093927,16367.0,37634.45303184319,35.421216082722346,1.0
demand_shock_20,near_critical,192,9272619111.359755,16401.0,0.3724575907300705,16373.0,37550.77065494586,36.8477297254684,1.0
demand_shock_20,near_critical,193,9258279247.7953,16401.0,0.3755654405854473,16372.0,37392.6792817012,34.86449712040623,1.0
demand_shock_20,near_critical,194,9324199839.25465,16396.0,0.3715371205832544,16362.0,37668.23673159387,35.90678934111826,1.0
demand_shock_20,near_critical,195,9266927956.085497,16398.0,0.37483402904365704,16363.0,37462.86617693135,34.86860156429762,1.0
demand_shock_20,near_critical,196,9266936828.79927,16397.0,0.3741066368229759,16366.0,37477.46462688551,36.27405331673946,1.0
demand_shock_20,near_critical,197,9315720077.26142,16400.0,0.3720166677112204,16371.0,37644.4604298074,35.016302582918065,1.0
demand_shock_20,near_critical,198,9285197561.844488,16398.0,0.3744892905577653,16371.0,37513.83519043018,35.92943740462952,1.0
demand_shock_20,near_critical,199,9304861809.745798,16396.0,0.37350925789706174,16368.0,37549.44972468694,35.647445353970596,1.0
demand_shock_20,near_critical,200,9251124390.72286,16399.0,0.37484046904650775,16369.0,37394.149162568574,36.4548663424482,1.0
demand_shock_20,near_critical,201,9258123621.129234,16397.0,0.37451089680276306,16374.0,37469.23514772064,35.96286477770734,1.0
demand_shock_20,near_critical,202,9269749959.529152,16398.0,0.3743994301635352,16369.0,37459.76268464833,36.028971104578176,1.0
demand_shock_20,near_critical,203,9283964258.205034,16395.0,0.3711054155133027,16370.0,37572.67820622357,35.92065062738623,1.0
demand_shock_20,near_critical,204,9275031197.117424,16398.0,0.3737618958746224,16366.0,37468.36607957388,34.70807321066696,2.0
demand_shock_20,near_critical,205,9284952113.894062,16395.0,0.37329337839549337,16365.0,37537.748209394704,35.62033541500173,1.0
demand_shock_20,near_critical,206,9328884531.665024,16395.0,0.37177923587712536,16370.0,37671.44890402582,36.442914953039065,1.0
demand_shock_20,near_critical,207,9305477945.899961,16400.0,0.37182647448942036,16378.0,37670.069862061006,36.446241928726586,1.0
demand_shock_20,near_critical,208,9291991666.811676,16396.0,0.372452015988876,16367.0,37543.97764603878,35.572717402006894,1.0
demand_shock_20,near_critical,209,9298902230.328367,16401.0,0.37429469478203836,16369.0,37487.61608417359,36.207623386958396,1.0
demand_shock_20,near_critical,210,9261309421.153261,16396.0,0.37424083443273637,16368.0,37414.52746394569,35.36122255063377,2.0
demand_shock_20,near_critical,211,9266191766.42114,16403.0,0.3737269367496564,16371.0,37492.375201216164,35.71216350257992,1.0
demand_shock_20,near_critical,212,9270386214.447485,16396.0,0.3735070573376024,16367.0,37466.708223229536,37.009763147344266,1.0
demand_shock_20,near_critical,213,9279234014.550173,16395.0,0.3732763340501564,16369.0,37440.30372400641,35.56486478221883,1.0
demand_shock_20,near_critical,214,9265895524.701384,16400.0,0.3740783792566659,16373.0,37510.859714994476,35.68652402811691,1.0
demand_shock_20,near_critical,215,9284879144.519068,16400.0,0.3742780459770946,16365.0,37507.609819536156,35.47744647495962,1.0
demand_shock_20,near_critical,216,9265447086.316235,16396.0,0.374082336412157,16366.0,37399.02213498371,35.28272146158647,1.0
demand_shock_20,near_critical,217,9266921601.430826,16397.0,0.3739935918743548,16364.0,37509.63987188646,35.282024570086826,1.0
demand_shock_20,near_critical,218,9272425654.281973,16400.0,0.3757310269907114,16368.0,37418.55105239717,34.86825165913017,1.0
demand_shock_20,near_critical,219,9243747283.141481,16395.0,0.37528597596919244,16366.0,37361.0648147202,35.14291187152111,1.0
demand_shock_20,near_critical,220,9280634943.99792,16402.0,0.37373885912675997,16374.0,37530.56800974038,36.61356725288495,1.0
demand_shock_20,near_critical,221,9290555869.116898,16397.0,0.3724168272505043,16371.0,37541.259861581166,36.67181734271508,1.0
demand_shock_20,near_critical,222,9263672578.200815,16400.0,0.374243379943293,16369.0,37400.243935384635,35.56413611904465,1.0
demand_shock_20,near_critical,223,9255012484.922474,16401.0,0.3758239141240326,16376.0,37410.524931546985,36.57823715672997,1.0
demand_shock_20,near_critical,224,9296350245.468517,16398.0,0.3733116563375237,16370.0,37559.80941180449,36.2894194812734,1.0
demand_shock_20,near_critical,225,9307971563.898449,16401.0,0.372511865896971,16372.0,37630.7877530576,35.46068940967653,1.0
demand_shock_20,near_critical,226,9264247240.882736,16400.0,0.37465602841453427,16373.0,37449.773444394545,35.462165718995465,1.0
demand_shock_20,near_critical,227,9284109385.694195,16395.0,0.373607129651972,16360.0,37484.70598816218,35.001667926702076,1.0
demand_shock_20,near_critical,228,9269994001.65765,16395.0,0.37495915196489554,16376.0,37459.662366648794,36.04238248653066,1.0
demand_shock_20,near_critical,229,9248759173.17397,16398.0,0.37528262582902483,16374.0,37400.74747583859,35.754326194485444,1.0
demand_shock_20,near_critical,230,9273308155.885727,16399.0,0.3739979029639317,16364.0,37545.60509762771,35.693518272252824,1.0
demand_shock_20,near_critical,231,9278530869.383942,16400.0,0.3730084027817166,16367.0,37498.928310235126,34.743350868866635,1.0
demand_shock_20,near_critical,232,9308765376.790731,16403.0,0.3725220436452058,16372.0,37619.11594331936,36.25778716562602,1.0
demand_shock_20,near_critical,233,9244535637.664501,16395.0,0.37518992774939564,16361.0,37406.86650060052,36.198186430409194,2.0
demand_shock_20,near_critical,234,9322202388.443972,16395.0,0.3718332260013398,16371.0,37701.86909756687,35.36311748536203,1.0
demand_shock_20,near_critical,235,9274320941.815838,16396.0,0.3743358069999716,16366.0,37492.89711592112,35.12985045429646,1.0
demand_shock_20,near_critical,236,9302531872.87717,16398.0,0.3718294450492267,16367.0,37593.1842893249,35.3388307571932,1.0
demand_shock_20,near_critical,237,9254231395.665655,16398.0,0.37520382091724486,16374.0,37445.46199553787,35.925226061064016,1.0
demand_shock_20,near_critical,238,9274233900.008602,16396.0,0.374016703877932,16367.0,37541.62629250237,35.80530974137492,1.0
demand_shock_20,near_critical,239,9265705448.046757,16395.0,0.37425842139728627,16374.0,37448.37445470445,34.866089981134984,1.0
demand_shock_20,near_critical,240,9234990695.40021,16395.0,0.3763180061463994,16368.0,37313.63070608746,35.76729919660808,1.0
demand_shock_20,near_critical,241,9299214415.140038,16402.0,0.3717138144779941,16370.0,37634.07017378335,35.657080025996876,1.0
demand_shock_20,near_critical,242,9290046200.792627,16395.0,0.374052211636053,16368.0,37456.30957637992,36.49948530143861,1.0
demand_shock_20,near_critical,243,9301639244.890768,16398.0,0.3715319381636729,16373.0,37602.74985474758,36.18643650189091,1.0
demand_shock_20,near_critical,244,9247634211.22589,16399.0,0.3744319628184515,16368.0,37402.02964680666,35.234540074354946,1.0
demand_shock_20,near_critical,245,9259674271.844103,16399.0,0.37262987531774006,16372.0,37446.32629833008,35.2626808942232,1.0
demand_shock_20,near_critical,246,9274249689.175507,16399.0,0.37233996394993557,16364.0,37546.27696411301,34.98227300173377,1.0
demand_shock_20,near_critical,247,9253924024.061735,16397.0,0.3734047077216945,16370.0,37443.13428218086,35.22351302773198,1.0
demand_shock_20,near_critical,248,9272818807.967564,16399.0,0.3738436476270507,16366.0,37523.67161137105,35.94718211951168,1.0
demand_shock_20,near_critical,249,9302804189.21401,16396.0,0.37239746645961375,16367.0,37628.57316938057,35.48199349083216,1.0
leadtime_shock_50,no_intervention,0,8436166665.495088,16385.0,0.3122983429744433,16372.0,34245.62536388724,23.52458744243767,1.0
leadtime_shock_50,no_intervention,1,8454099352.664183,16389.0,0.31251990841890237,16366.0,34308.9107105704,23.948373873974873,1.0
leadtime_shock_50,no_intervention,2,8463997172.5577755,16388.0,0.3115604837692547,16369.0,34298.37061558261,23.78267956043145,1.0
leadtime_shock_50,no_intervention,3,8479666944.168241,16387.0,0.3128629106914731,16369.0,34331.27656070647,23.727783995054892,1.0
leadtime_shock_50,no_intervention,4,8495941847.769255,16385.0,0.309206842375386,16366.0,34495.20846976169,24.4744291274689,1.0
leadtime_shock_50,no_intervention,5,8458262351.161834,16389.0,0.313804883845828,16369.0,34257.054488036556,24.021346006428598,1.0
leadtime_shock_50,no_intervention,6,8456375157.68559,16383.0,0.3128422049949313,16370.0,34285.56765821369,23.544880871187576,1.0
leadtime_shock_50,no_intervention,7,8437580763.050879,16386.0,0.31344701211305553,16371.0,34237.73526209023,23.9622681752177,1.0
leadtime_shock_50,no_intervention,8,8497587483.108117,16385.0,0.30986739484814785,16371.0,34471.277729567984,24.58499448686469,1.0
leadtime_shock_50,no_intervention,9,8468030346.824585,16387.0,0.31326748552345424,16369.0,34333.32072776256,23.917997366321874,1.0
leadtime_shock_50,no_intervention,10,8440578436.934181,16391.0,0.3123190649923528,16366.0,34222.34336671215,23.36306934141927,1.0
leadtime_shock_50,no_intervention,11,8453470830.218,16389.0,0.3130315982748368,16369.0,34290.10218263699,23.563472035522633,1.0
leadtime_shock_50,no_intervention,12,8468527782.848079,16388.0,0.31192702608113754,16370.0,34297.66512544982,23.273411102174634,1.0
leadtime_shock_50,no_intervention,13,8476609041.929652,16386.0,0.31180524786080055,16367.0,34416.71757046925,23.939922904715218,1.0
leadtime_shock_50,no_intervention,14,8447844030.150437,16385.0,0.31240170797768363,16370.0,34289.76830274002,23.339771009468564,1.0
leadtime_shock_50,no_intervention,15,8457258304.109317,16388.0,0.31213236049799625,16371.0,34324.10883728974,22.86190812624418,1.0
leadtime_shock_50,no_intervention,16,8435638818.085979,16386.0,0.3134108594725435,16372.0,34230.758989071175,23.405938507439682,1.0
leadtime_shock_50,no_intervention,17,8462617674.710351,16383.0,0.3122433845748499,16367.0,34331.73084351757,23.69187390440249,1.0
leadtime_shock_50,no_intervention,18,8455698621.514211,16388.0,0.3135181676108888,16367.0,34300.188907400494,23.279934940298908,1.0
leadtime_shock_50,no_intervention,19,8454676121.664651,16386.0,0.3128936873143289,16368.0,34327.91838335661,23.114919812444523,1.0
leadtime_shock_50,no_intervention,20,8433484835.285491,16387.0,0.3144763880479036,16372.0,34208.8030899763,23.66102944271152,1.0
leadtime_shock_50,no_intervention,21,8483517087.665087,16388.0,0.31234995112907676,16371.0,34399.72437408455,23.149975600777626,1.0
leadtime_shock_50,no_intervention,22,8441431800.152175,16386.0,0.3130928743552673,16370.0,34210.4973311281,23.38907297712397,1.0
leadtime_shock_50,no_intervention,23,8446495383.639587,16385.0,0.31273055265399596,16368.0,34230.64236916703,23.31676427220353,2.0
leadtime_shock_50,no_intervention,24,8458104837.020642,16383.0,0.3125253430367439,16367.0,34309.19446260827,23.692649668275667,1.0
leadtime_shock_50,no_intervention,25,8478989159.061668,16383.0,0.31171981768684254,16365.0,34362.7255922896,23.75468212583072,1.0
leadtime_shock_50,no_intervention,26,8499821840.990367,16388.0,0.3103019554038106,16367.0,34457.57346908604,24.145600536278412,1.0
leadtime_shock_50,no_intervention,27,8476086731.0734215,16387.0,0.311319205921923,16365.0,34376.552055731125,23.44870243051598,1.0
leadtime_shock_50,no_intervention,28,8475165267.77687,16389.0,0.31188967796087763,16370.0,34325.080457285054,23.84501884960389,1.0
leadtime_shock_50,no_intervention,29,8476480825.76487,16387.0,0.31228386339271447,16369.0,34333.87348113976,23.537200775979592,1.0
leadtime_shock_50,no_intervention,30,8457268507.280936,16383.0,0.3127276505982862,16367.0,34310.44489326184,23.49729459321417,1.0
leadtime_shock_50,no_intervention,31,8433184613.39843,16390.0,0.31264307742217784,16368.0,34253.130751576566,22.76809353787733,1.0
leadtime_shock_50,no_intervention,32,8448109639.598159,16388.0,0.31392378048890374,16368.0,34241.61369682967,23.699993058970573,1.0
leadtime_shock_50,no_intervention,33,8457220605.426497,16385.0,0.31246864642475863,16370.0,34261.62763841012,23.734719394196553,1.0
leadtime_shock_50,no_intervention,34,8456780824.293926,16387.0,0.311933575487947,16370.0,34339.65082869103,23.320636602483166,1.0
leadtime_shock_50,no_intervention,35,8477527234.360763,16394.0,0.3117428362041213,16373.0,34405.797849048206,23.717061431346576,1.0
leadtime_shock_50,no_intervention,36,8436969419.497494,16384.0,0.31467835500287583,16361.0,34234.47286482815,23.19160159204062,2.0
leadtime_shock_50,no_intervention,37,8486795160.133717,16388.0,0.311094698869498,16370.0,34402.43347579138,23.60286318343332,1.0
leadtime_shock_50,no_intervention,38,8455668119.4616585,16392.0,0.31315650434295866,16372.0,34337.860994504685,24.96619162920379,1.0
leadtime_shock_50,no_intervention,39,8460812651.5450535,16387.0,0.31190177561796434,16371.0,34295.43079766478,22.714054936599123,1.0
leadtime_shock_50,no_intervention,40,8480138954.7667055,16388.0,0.3114605776895828,16370.0,34415.51158007872,23.327703050826965,1.0
leadtime_shock_50,no_intervention,41,8473272443.498993,16386.0,0.31189296694949353,16369.0,34353.0795863415,23.913872567676357,1.0
leadtime_shock_50,no_intervention,42,8439442170.163416,16385.0,0.3125088046956236,16373.0,34270.86635727629,23.17535885886276,1.0
leadtime_shock_50,no_intervention,43,8433005889.23655,16385.0,0.31306064744351536,16371.0,34203.85242393037,23.88779454484922,1.0
leadtime_shock_50,no_intervention,44,8478288164.69657,16386.0,0.31033820103387433,16370.0,34418.280528289266,24.211150722544037,1.0
leadtime_shock_50,no_intervention,45,8432019016.364587,16387.0,0.3132690565276348,16369.0,34259.133653888384,24.615474150310288,1.0
leadtime_shock_50,no_intervention,46,8489259827.306788,16385.0,0.3113837341684582,16367.0,34393.30266346953,23.849307850616444,1.0
leadtime_shock_50,no_intervention,47,8444764329.396558,16386.0,0.3131643301323339,16372.0,34197.51678319755,23.00276965133548,1.0
leadtime_shock_50,no_intervention,48,8469970998.159583,16382.0,0.31275623375973793,16370.0,34325.17706902205,23.262722519968996,1.0
leadtime_shock_50,no_intervention,49,8446815277.661728,16387.0,0.3119377785315125,16368.0,34278.69911365964,24.056692788180587,1.0
leadtime_shock_50,no_intervention,50,8454940570.16085,16383.0,0.3126011513815823,16369.0,34237.021352521326,22.983205670198153,1.0
leadtime_shock_50,no_intervention,51,8474342049.834526,16385.0,0.3116214897864313,16364.0,34393.3952035485,23.84684210577488,1.0
leadtime_shock_50,no_intervention,52,8439766265.961896,16390.0,0.31288631247171633,16373.0,34255.151501575805,23.673471932368795,1.0
leadtime_shock_50,no_intervention,53,8474728741.206721,16387.0,0.3119285915229814,16370.0,34351.883373515506,23.99488272508832,1.0
leadtime_shock_50,no_intervention,54,8431085284.587221,16385.0,0.31486822426398653,16366.0,34216.52766108582,22.929935666033565,1.0
leadtime_shock_50,no_intervention,55,8433072733.612092,16385.0,0.3143406924023024,16367.0,34195.40840947564,23.64854118242,1.0
leadtime_shock_50,no_intervention,56,8464033302.990935,16391.0,0.31319277366310294,16374.0,34372.82005880407,22.185356292710956,1.0
leadtime_shock_50,no_intervention,57,8449319679.508247,16387.0,0.31184083559796855,16367.0,34305.01374851197,23.923297652257176,1.0
leadtime_shock_50,no_intervention,58,8472795899.458757,16389.0,0.3119696703054034,16368.0,34328.787212285686,24.664239775996787,1.0
leadtime_shock_50,no_intervention,59,8455645595.98277,16382.0,0.3127052537215418,16365.0,34309.810071813336,24.127923917468127,2.0
leadtime_shock_50,no_intervention,60,8464475807.084361,16383.0,0.31217794303113006,16367.0,34337.23047241374,24.825624187511227,1.0
leadtime_shock_50,no_intervention,61,8446379911.07783,16391.0,0.31371116584137515,16367.0,34271.389979275584,22.943354963880413,1.0
leadtime_shock_50,no_intervention,62,8463129221.759429,16387.0,0.3121659225676046,16368.0,34297.32869487529,23.459317680636403,1.0
leadtime_shock_50,no_intervention,63,8437086096.839474,16383.0,0.3133186527736421,16369.0,34198.564192099126,22.99242576644708,2.0
leadtime_shock_50,no_intervention,64,8483184390.3756275,16389.0,0.311521733368221,16368.0,34372.598681172436,24.096417520489695,1.0
leadtime_shock_50,no_intervention,65,8475837542.041411,16386.0,0.31077158513634867,16367.0,34368.77391122929,23.753975243888526,1.0
leadtime_shock_50,no_intervention,66,8429482271.878316,16387.0,0.31225061614386684,16372.0,34229.66851520626,23.560140644535355,1.0
leadtime_shock_50,no_intervention,67,8430131847.434419,16385.0,0.3144875040756507,16368.0,34180.83900860232,23.785376576946366,1.0
leadtime_shock_50,no_intervention,68,8475196985.81174,16392.0,0.31295404559017026,16374.0,34336.77499537146,23.280984151332007,1.0
leadtime_shock_50,no_intervention,69,8449168907.928159,16389.0,0.3119068355069258,16372.0,34263.266175423036,23.866259224056456,1.0
leadtime_shock_50,no_intervention,70,8464953120.758204,16390.0,0.31196429774129053,16369.0,34363.65349725536,24.324931759776888,1.0
leadtime_shock_50,no_intervention,71,8448094613.180437,16386.0,0.3110385394818269,16368.0,34315.355100503264,24.150333571969977,1.0
leadtime_shock_50,no_intervention,72,8440991745.764797,16386.0,0.3138651133298927,16370.0,34262.61509334265,23.296440908843188,1.0
leadtime_shock_50,no_intervention,73,8456496659.394267,16388.0,0.31222665360731355,16369.0,34287.57742586585,23.655194024661096,1.0
leadtime_shock_50,no_intervention,74,8470218597.797699,16389.0,0.31143968256048904,16371.0,34374.37232981589,24.60732901906758,1.0
leadtime_shock_50,no_intervention,75,8459827744.591613,16385.0,0.31227221018474055,16365.0,34319.630431878875,24.257895275245755,1.0
leadtime_shock_50,no_intervention,76,8456211849.529507,16387.0,0.31241532847589587,16368.0,34286.826024463146,24.35580797844785,1.0
leadtime_shock_50,no_intervention,77,8476499580.621915,16387.0,0.3115961930887023,16367.0,34356.68559735696,24.592856244076273,2.0
leadtime_shock_50,no_intervention,78,8438073452.284807,16389.0,0.31253281986135717,16368.0,34220.08801000246,23.18907407990286,1.0
leadtime_shock_50,no_intervention,79,8445224195.965746,16386.0,0.3131685733432438,16369.0,34257.19963858975,22.12837795939256,1.0
leadtime_shock_50,no_intervention,80,8454732970.918421,16387.0,0.3124333389955754,16369.0,34307.89433162494,23.829973187851692,1.0
leadtime_shock_50,no_intervention,81,8421555451.321883,16391.0,0.3154296990093672,16373.0,34120.99735257234,22.60585638592599,1.0
leadtime_shock_50,no_intervention,82,8462386354.591491,16386.0,0.31215140673946445,16371.0,34329.22387799358,23.603659067327776,1.0
leadtime_shock_50,no_intervention,83,8448980366.3298025,16386.0,0.31214054078465225,16367.0,34328.65709286684,23.708158465378506,1.0
leadtime_shock_50,no_intervention,84,8431259646.15724,16386.0,0.31388189633792424,16369.0,34180.5384508568,23.225541955737246,1.0
leadtime_shock_50,no_intervention,85,8462312323.894374,16387.0,0.3130183470375466,16367.0,34330.30415032655,23.73377408807768,1.0
leadtime_shock_50,no_intervention,86,8425662969.946473,16385.0,0.31401010686926023,16368.0,34135.60547713166,21.84452824575675,1.0
leadtime_shock_50,no_intervention,87,8473608520.443989,16389.0,0.31249858625652216,16367.0,34302.23918824125,22.620909068692352,1.0
leadtime_shock_50,no_intervention,88,8452384110.751394,16388.0,0.31265269060769907,16370.0,34268.074366290166,22.872173929478567,1.0
leadtime_shock_50,no_intervention,89,8460093531.540766,16383.0,0.31266428176846933,16369.0,34273.46407889331,23.55732744589829,1.0
leadtime_shock_50,no_intervention,90,8443557194.3544,16385.0,0.31373369567506565,16369.0,34258.85327563775,23.647285598496147,1.0
leadtime_shock_50,no_intervention,91,8451606989.396113,16387.0,0.31340146152547216,16372.0,34250.37923824859,23.86597671847625,1.0
leadtime_shock_50,no_intervention,92,8457832774.322811,16385.0,0.312172210382994,16367.0,34289.08836409751,23.7020726225865,1.0
leadtime_shock_50,no_intervention,93,8470578185.591256,16383.0,0.31238275503097584,16369.0,34353.994002162646,23.262822123678703,1.0
leadtime_shock_50,no_intervention,94,8454908441.810962,16385.0,0.31286858613436974,16368.0,34292.88344191682,23.770057760511904,1.0
leadtime_shock_50,no_intervention,95,8455405380.776856,16383.0,0.31219629329294224,16367.0,34301.85785128629,23.41521795936414,1.0
leadtime_shock_50,no_intervention,96,8459865800.104114,16386.0,0.3124802102534959,16369.0,34293.23213002558,23.363040435627006,1.0
leadtime_shock_50,no_intervention,97,8498835451.7663965,16388.0,0.3109321584136223,16369.0,34447.265626047825,23.70922274478105,1.0
leadtime_shock_50,no_intervention,98,8474760111.841033,16385.0,0.31094007947403657,16370.0,34399.389505497624,24.736177901099364,1.0
leadtime_shock_50,no_intervention,99,8457443826.943062,16382.0,0.3132771461570113,16368.0,34272.377938800506,23.499039386267622,1.0
leadtime_shock_50,no_intervention,100,8461280920.012171,16390.0,0.3116743562702439,16372.0,34295.473857711266,23.969356784225017,1.0
leadtime_shock_50,no_intervention,101,8459897884.936666,16386.0,0.31191773359150304,16372.0,34296.1058965059,23.326341955231943,1.0
leadtime_shock_50,no_intervention,102,8482314832.444863,16386.0,0.3110396913388166,16368.0,34371.35814577941,24.12982286917346,1.0
leadtime_shock_50,no_intervention,103,8452556099.996276,16386.0,0.31254055364354866,16368.0,34259.33148309604,23.69505007676647,1.0
leadtime_shock_50,no_intervention,104,8463760357.807318,16389.0,0.3115981119014747,16372.0,34350.89628105388,23.903028706072217,1.0
leadtime_shock_50,no_intervention,105,8465681640.622936,16384.0,0.31232096904050044,16369.0,34285.646155499635,23.04040285558724,1.0
leadtime_shock_50,no_intervention,106,8456989819.532297,16387.0,0.3116892533981105,16367.0,34304.45007096291,22.5101428567656,1.0
leadtime_shock_50,no_intervention,107,8453299388.456947,16386.0,0.31347771695806037,16366.0,34281.00719273461,23.886894658599864,1.0
leadtime_shock_50,no_intervention,108,8475294691.950961,16387.0,0.3118255697131297,16367.0,34366.24698961293,23.457324497944306,1.0
leadtime_shock_50,no_intervention,109,8444646475.225597,16389.0,0.31356496663839417,16369.0,34240.37849734979,22.900466584003883,1.0
leadtime_shock_50,no_intervention,110,8446841042.885869,16388.0,0.3138363946870249,16370.0,34244.63479203548,23.45019938337659,1.0
leadtime_shock_50,no_intervention,111,8522888838.21161,16386.0,0.30959114699329593,16370.0,34557.68411766803,23.911343385872513,1.0
leadtime_shock_50,no_intervention,112,8507709690.585884,16387.0,0.31044367939850775,16370.0,34525.3272225822,24.04795543759761,1.0
leadtime_shock_50,no_intervention,113,8482195124.557573,16387.0,0.31132923100991694,16368.0,34411.71542259603,24.41282848073448,1.0
leadtime_shock_50,no_intervention,114,8453244608.548344,16384.0,0.31295826546485683,16365.0,34279.787314927,23.681807353585622,2.0
leadtime_shock_50,no_intervention,115,8453220289.390336,16388.0,0.31345433203531503,16368.0,34270.071308652776,22.94049050417842,1.0
leadtime_shock_50,no_intervention,116,8458770110.668887,16385.0,0.3124316713591096,16370.0,34252.23564088783,23.02318289181269,1.0
leadtime_shock_50,no_intervention,117,8496531881.789097,16386.0,0.3099667283880647,16372.0,34423.50722821143,23.327088125816033,1.0
leadtime_shock_50,no_intervention,118,8451087711.168405,16388.0,0.3132184115874114,16370.0,34270.93561546036,23.942632035355444,1.0
leadtime_shock_50,no_intervention,119,8456752965.399185,16386.0,0.3130373922012813,16371.0,34273.89665058601,23.238398822410964,1.0
leadtime_shock_50,no_intervention,120,8473637882.803311,16387.0,0.31151627957079486,16370.0,34361.63493873792,23.10216069766928,1.0
leadtime_shock_50,no_intervention,121,8460938646.519402,16383.0,0.31302782333315005,16370.0,34330.30592915773,23.986772240026937,2.0
leadtime_shock_50,no_intervention,122,8454888435.938228,16383.0,0.31268429504463174,16367.0,34315.71541668343,23.65497412365227,1.0
leadtime_shock_50,no_intervention,123,8468474920.747577,16388.0,0.31166925642495785,16365.0,34410.728445139255,23.454136749139323,1.0
leadtime_shock_50,no_intervention,124,8472666837.828395,16387.0,0.31055032923322295,16367.0,34379.66607813539,23.860821642129483,1.0
leadtime_shock_50,no_intervention,125,8477927503.618496,16384.0,0.31134021275407475,16371.0,34392.127162286924,24.00228967314373,1.0
leadtime_shock_50,no_intervention,126,8474505587.573004,16388.0,0.31204667953862136,16370.0,34328.02824786261,22.889936592907354,1.0
leadtime_shock_50,no_intervention,127,8468937419.296775,16387.0,0.312780542486168,16371.0,34302.15057306848,23.064280157452448,1.0
leadtime_shock_50,no_intervention,128,8466865111.235499,16392.0,0.31282224276046244,16368.0,34324.7530862177,23.317539615864785,1.0
leadtime_shock_50,no_intervention,129,8469696829.527968,16391.0,0.31240316801891277,16371.0,34292.53911287563,24.101317366637186,1.0
leadtime_shock_50,no_intervention,130,8445690753.463924,16389.0,0.3131580971246852,16370.0,34260.96195827372,23.241645961377987,1.0
leadtime_shock_50,no_intervention,131,8463413899.664315,16388.0,0.31246035374373515,16365.0,34340.75813431855,23.550941995853528,1.0
leadtime_shock_50,no_intervention,132,8433159770.899655,16384.0,0.3125224187151264,16369.0,34218.654969444404,23.542072554204076,1.0
leadtime_shock_50,no_intervention,133,8464778483.990176,16388.0,0.3119963294005686,16368.0,34374.614470210276,23.97452617724496,1.0
leadtime_shock_50,no_intervention,134,8450029367.995743,16390.0,0.31374545462732684,16366.0,34253.89025860862,22.94048678319987,1.0
leadtime_shock_50,no_intervention,135,8465144471.065251,16387.0,0.3116765212808402,16368.0,34371.09386208214,23.956751708167598,1.0
leadtime_shock_50,no_intervention,136,8477963802.97346,16391.0,0.311087384231342,16372.0,34393.85796779693,23.844241790634385,1.0
leadtime_shock_50,no_intervention,137,8437379439.441797,16385.0,0.3131891418260937,16369.0,34184.00524620366,23.4055832727681,1.0
leadtime_shock_50,no_intervention,138,8462832829.426231,16386.0,0.31165734586851856,16368.0,34325.232052009575,23.60763367941028,1.0
leadtime_shock_50,no_intervention,139,8466662418.932311,16386.0,0.31195998268726366,16366.0,34360.170971108615,23.293340154294405,1.0
leadtime_shock_50,no_intervention,140,8457875217.34658,16384.0,0.3130117335612107,16369.0,34307.74690840563,22.869799993679443,1.0
leadtime_shock_50,no_intervention,141,8439438595.52164,16386.0,0.3137591491605163,16370.0,34208.10709756894,23.238672944702436,1.0
leadtime_shock_50,no_intervention,142,8472223017.726984,16384.0,0.31252557423363053,16371.0,34321.36310419489,23.413087457760007,1.0
leadtime_shock_50,no_intervention,143,8452328003.415001,16392.0,0.31313833132113833,16369.0,34300.936679867315,22.6911992905705,1.0
leadtime_shock_50,no_intervention,144,8461861574.72537,16389.0,0.3115076561331531,16369.0,34342.233710995584,23.794886009120354,1.0
leadtime_shock_50,no_intervention,145,8465855223.33975,16388.0,0.3119569516026935,16367.0,34310.97729545359,22.923441931060157,1.0
leadtime_shock_50,no_intervention,146,8488902924.84806,16391.0,0.3111636416597777,16374.0,34394.90098504135,23.891753771949432,1.0
leadtime_shock_50,no_intervention,147,8495927306.13413,16387.0,0.31139654326749516,16371.0,34440.617536062295,23.104760546459836,1.0
leadtime_shock_50,no_intervention,148,8459354001.113733,16383.0,0.3116171862351203,16369.0,34323.190643844166,24.428831632779694,2.0
leadtime_shock_50,no_intervention,149,8480364805.39162,16389.0,0.3107199795184142,16371.0,34398.180706691004,22.909084452639625,1.0
leadtime_shock_50,no_intervention,150,8483394501.6588125,16388.0,0.31187823443556817,16371.0,34332.65198428417,22.815925595874763,1.0
leadtime_shock_50,no_intervention,151,8472861407.817291,16386.0,0.3121964504374241,16368.0,34351.434295216546,23.6460735438929,1.0
leadtime_shock_50,no_intervention,152,8437397361.709716,16384.0,0.3125813098031701,16364.0,34256.13926189334,23.591506893410095,1.0
leadtime_shock_50,no_intervention,153,8477027761.334393,16386.0,0.3116703048646803,16372.0,34393.68642671903,23.303307393898866,1.0
leadtime_shock_50,no_intervention,154,8453931856.060657,16387.0,0.31301441180756645,16366.0,34292.36198959015,24.61601253328131,1.0
leadtime_shock_50,no_intervention,155,8461040011.4098625,16384.0,0.3117048981283857,16369.0,34327.69124257477,23.810417706417805,2.0
leadtime_shock_50,no_intervention,156,8451574811.155042,16388.0,0.31477031987026505,16367.0,34215.09415952468,23.114339988631617,1.0
leadtime_shock_50,no_intervention,157,8452332756.026147,16384.0,0.3120060426291071,16371.0,34329.09818207614,23.91470070974631,1.0
leadtime_shock_50,no_intervention,158,8478102664.606908,16386.0,0.3121671492533413,16369.0,34311.62647285809,23.699401462138272,1.0
leadtime_shock_50,no_intervention,159,8458861189.467743,16390.0,0.3122234303262256,16370.0,34319.32982011345,23.647214495441904,1.0
leadtime_shock_50,no_intervention,160,8447273247.817017,16387.0,0.31209476125814806,16368.0,34226.782404126374,23.741923308192565,1.0
leadtime_shock_50,no_intervention,161,8505958533.311041,16389.0,0.31002117457191763,16371.0,34539.60568769954,23.73858747743396,1.0
leadtime_shock_50,no_intervention,162,8441967991.890203,16386.0,0.31316638899679644,16368.0,34238.861186203525,22.887688963900402,1.0
leadtime_shock_50,no_intervention,163,8428052948.161176,16385.0,0.3137096173249363,16369.0,34207.39427871574,23.660769911016835,1.0
leadtime_shock_50,no_intervention,164,8448687346.638812,16389.0,0.31374028642310264,16370.0,34306.373132689536,22.979343363531896,1.0
leadtime_shock_50,no_intervention,165,8468719128.479583,16385.0,0.31103206870972805,16367.0,34330.00050027343,23.431228993996708,1.0
leadtime_shock_50,no_intervention,166,8465546768.514475,16384.0,0.3122420784179583,16370.0,34327.25550030671,23.519386349387442,1.0
leadtime_shock_50,no_intervention,167,8474063534.766584,16387.0,0.31258841168528845,16370.0,34320.30699492461,23.231036403668167,1.0
leadtime_shock_50,no_intervention,168,8467554246.952479,16389.0,0.3132728407945067,16368.0,34325.54725080714,23.829218528318073,1.0
leadtime_shock_50,no_intervention,169,8459213721.507142,16388.0,0.3122320380951896,16373.0,34287.45457108776,24.611227824131714,1.0
leadtime_shock_50,no_intervention,170,8477782591.872665,16388.0,0.31201976926791186,16369.0,34368.52901825312,23.128320754565703,1.0
leadtime_shock_50,no_intervention,171,8421805782.475504,16388.0,0.31441648699359503,16370.0,34129.60025008583,23.084108678281275,1.0
leadtime_shock_50,no_intervention,172,8466466666.867285,16384.0,0.31287412425765054,16371.0,34283.25952496675,22.123905847664226,1.0
leadtime_shock_50,no_intervention,173,8489806391.923411,16386.0,0.3114883313795668,16371.0,34385.3064633766,23.676640373230065,1.0
leadtime_shock_50,no_intervention,174,8447889918.48326,16385.0,0.31534317325197037,16367.0,34147.16140126189,23.27070726405521,1.0
leadtime_shock_50,no_intervention,175,8423045463.628281,16388.0,0.3135156830042708,16364.0,34204.99334842808,23.74259998272428,1.0
leadtime_shock_50,no_intervention,176,8437187954.716051,16386.0,0.3148096770355051,16370.0,34228.34220789545,22.968949169090813,1.0
leadtime_shock_50,no_intervention,177,8458399504.663435,16387.0,0.3127311397329628,16366.0,34292.68609417259,23.130106012247303,1.0
leadtime_shock_50,no_intervention,178,8457648600.204449,16387.0,0.3127205371852194,16368.0,34289.615028352084,23.165271147369957,1.0
leadtime_shock_50,no_intervention,179,8485862082.434631,16384.0,0.3111884620498934,16372.0,34407.56860953013,23.915794228313477,1.0
leadtime_shock_50,no_intervention,180,8477373102.202267,16383.0,0.31053571956618353,16369.0,34396.64379348186,24.12293400893744,1.0
leadtime_shock_50,no_intervention,181,8451346067.108858,16392.0,0.31205605946095955,16370.0,34248.85161666396,23.18059194775952,1.0
leadtime_shock_50,no_intervention,182,8459232025.482821,16387.0,0.31135248527836196,16368.0,34338.83831143181,23.12784183200291,1.0
leadtime_shock_50,no_intervention,183,8454633796.610974,16388.0,0.313528334844406,16371.0,34283.070138884184,23.943373189159978,1.0
leadtime_shock_50,no_intervention,184,8448839385.101601,16391.0,0.3126920626357157,16373.0,34267.74464900581,23.40105303756539,1.0
leadtime_shock_50,no_intervention,185,8476239182.703044,16394.0,0.3139006247809828,16370.0,34260.03139949192,22.897121963043542,1.0
leadtime_shock_50,no_intervention,186,8460230776.605828,16381.0,0.3122440053292125,16370.0,34281.181840368336,23.08084483342198,1.0
leadtime_shock_50,no_intervention,187,8470269671.438164,16388.0,0.3113298961029187,16370.0,34319.369560518135,23.631690670499253,1.0
leadtime_shock_50,no_intervention,188,8453359979.358188,16387.0,0.31338543862389445,16366.0,34277.16762900407,23.2155745538525,1.0
leadtime_shock_50,no_intervention,189,8450912759.738296,16387.0,0.31208344538306443,16367.0,34297.43040447773,23.59605774123874,1.0
leadtime_shock_50,no_intervention,190,8461497261.372742,16386.0,0.31224839742588634,16367.0,34324.48847556577,23.67105880635242,1.0
leadtime_shock_50,no_intervention,191,8463688667.304668,16385.0,0.31181444323013807,16371.0,34313.01862110972,23.96027038588415,1.0
leadtime_shock_50,no_intervention,192,8457222059.152768,16389.0,0.31252306443746103,16372.0,34309.813919962224,23.691062803408812,1.0
leadtime_shock_50,no_intervention,193,8456294305.919011,16389.0,0.31222078475567744,16373.0,34273.566560942476,24.779148044397676,1.0
leadtime_shock_50,no_intervention,194,8468991239.562016,16384.0,0.31177001302163443,16368.0,34366.004662678366,23.59772756229156,1.0
leadtime_shock_50,no_intervention,195,8456049756.813835,16387.0,0.3129294506802047,16369.0,34286.5896790821,23.279513023722583,1.0
leadtime_shock_50,no_intervention,196,8458545762.935798,16386.0,0.31328977612722997,16374.0,34294.10769127716,23.616350918584384,1.0
leadtime_shock_50,no_intervention,197,8451755495.348104,16384.0,0.3126834383941844,16363.0,34267.82112177656,24.03630072127953,1.0
leadtime_shock_50,no_intervention,198,8431737828.233754,16388.0,0.3140900371205562,16373.0,34211.49358211902,22.858330587391453,1.0
leadtime_shock_50,no_intervention,199,8473197496.652495,16388.0,0.31144417440853844,16370.0,34360.9565093231,23.9636454452988,1.0
leadtime_shock_50,no_intervention,200,8450340374.888155,16388.0,0.3134543757870378,16370.0,34253.09794909225,22.509985513052,1.0
leadtime_shock_50,no_intervention,201,8472978815.37189,16387.0,0.31194151228923406,16369.0,34360.381209422776,24.14396704584531,1.0
leadtime_shock_50,no_intervention,202,8486415166.360702,16384.0,0.3103594927550345,16368.0,34437.028989547296,23.920741026300036,1.0
leadtime_shock_50,no_intervention,203,8441449251.864912,16386.0,0.3129346912868057,16368.0,34298.6212567131,23.273285075078952,1.0
leadtime_shock_50,no_intervention,204,8451408023.099081,16386.0,0.31411161150638295,16365.0,34259.07328338267,23.229713975346183,1.0
leadtime_shock_50,no_intervention,205,8449921394.0657,16389.0,0.3128803023599794,16373.0,34269.07678414195,23.107096185944023,1.0
leadtime_shock_50,no_intervention,206,8493756729.997252,16388.0,0.30999161844242273,16368.0,34468.954493195386,24.161541547621,1.0
leadtime_shock_50,no_intervention,207,8476521944.926445,16392.0,0.3124129059043086,16374.0,34368.42900313741,24.230598750061628,1.0
leadtime_shock_50,no_intervention,208,8483945322.571858,16387.0,0.31074887943277746,16370.0,34419.4866527681,24.433330394810532,1.0
leadtime_shock_50,no_intervention,209,8471320168.609676,16386.0,0.31125811547251714,16364.0,34318.45950339861,23.213071938671995,1.0
leadtime_shock_50,no_intervention,210,8454786281.785329,16391.0,0.31139592681882766,16371.0,34287.79483560217,22.573593456538916,1.0
leadtime_shock_50,no_intervention,211,8454933900.903969,16387.0,0.3135501715067541,16367.0,34272.19280345582,23.7070936929815,1.0
leadtime_shock_50,no_intervention,212,8447084884.510651,16383.0,0.31339170185915577,16368.0,34218.29562869595,23.419391823256476,1.0
leadtime_shock_50,no_intervention,213,8473180209.504946,16385.0,0.3115654806581212,16369.0,34359.56993336701,23.62463621990904,1.0
leadtime_shock_50,no_intervention,214,8454766337.378841,16386.0,0.31193945872246115,16372.0,34270.8258406611,23.37192715867109,1.0
leadtime_shock_50,no_intervention,215,8466994299.120372,16387.0,0.31329334750088,16368.0,34316.793881548234,23.172650435967146,1.0
leadtime_shock_50,no_intervention,216,8467164131.45078,16386.0,0.312175966815264,16370.0,34333.59261492637,23.48970523448297,1.0
leadtime_shock_50,no_intervention,217,8433923580.524703,16385.0,0.31430557697321,16372.0,34166.52766227185,22.351108607231932,1.0
leadtime_shock_50,no_intervention,218,8430876938.311747,16393.0,0.31343980205332395,16372.0,34190.65496313483,23.036579233001554,1.0
leadtime_shock_50,no_intervention,219,8487479437.345671,16386.0,0.31164175923254983,16373.0,34399.95195422335,23.804010943436598,1.0
leadtime_shock_50,no_intervention,220,8477118587.062092,16394.0,0.3124752999443241,16369.0,34349.8580100064,24.308366131454168,1.0
leadtime_shock_50,no_intervention,221,8484020157.771743,16386.0,0.3115710910872342,16371.0,34372.600834886565,23.488491911583804,1.0
leadtime_shock_50,no_intervention,222,8416678402.355456,16388.0,0.31516423921975756,16369.0,34108.87020024742,23.065239117108646,1.0
leadtime_shock_50,no_intervention,223,8436371387.610493,16394.0,0.3142978158260875,16373.0,34154.03587103907,22.900314936979566,1.0
leadtime_shock_50,no_intervention,224,8460973213.780123,16383.0,0.31338805223821703,16366.0,34256.084975412086,23.61715146515778,1.0
leadtime_shock_50,no_intervention,225,8461920331.976096,16388.0,0.3115982576544292,16370.0,34319.58296487401,24.022549275786684,1.0
leadtime_shock_50,no_intervention,226,8428434404.3975115,16387.0,0.31374356029251327,16368.0,34187.930110423215,23.661975212952946,1.0
leadtime_shock_50,no_intervention,227,8482240483.309994,16387.0,0.31224435691862873,16372.0,34353.07705607193,24.194266628986114,1.0
leadtime_shock_50,no_intervention,228,8469437693.721602,16384.0,0.31120834675128695,16364.0,34399.02506798055,23.327062821693424,1.0
leadtime_shock_50,no_intervention,229,8448942506.818684,16387.0,0.31349063649674297,16366.0,34282.95532280509,23.502742250954423,1.0
leadtime_shock_50,no_intervention,230,8455410219.587402,16385.0,0.3115149928069034,16371.0,34285.34404273514,22.57093533900683,1.0
leadtime_shock_50,no_intervention,231,8470170721.3624115,16391.0,0.3112317422363902,16370.0,34376.456217799896,23.948694341426933,1.0
leadtime_shock_50,no_intervention,232,8477153896.945429,16387.0,0.3122588596559438,16369.0,34390.988638772935,23.452349116758995,1.0
leadtime_shock_50,no_intervention,233,8464143253.7864895,16387.0,0.31283740013275974,16368.0,34305.510378802486,24.02392635499795,1.0
leadtime_shock_50,no_intervention,234,8444792160.928519,16385.0,0.3130990295594777,16369.0,34277.57667564203,23.211319243410777,1.0
leadtime_shock_50,no_intervention,235,8460305524.564512,16384.0,0.3126264467517562,16365.0,34301.30884739159,23.369623095479657,1.0
leadtime_shock_50,no_intervention,236,8456110133.905217,16386.0,0.31247438440594344,16370.0,34307.48629281301,23.073753748609686,1.0
leadtime_shock_50,no_intervention,237,8451420737.704798,16387.0,0.3133455292086619,16373.0,34263.156331521895,23.474177580588673,1.0
leadtime_shock_50,no_intervention,238,8451310553.415176,16385.0,0.3127123652140016,16371.0,34323.18977931214,23.98974758877537,1.0
leadtime_shock_50,no_intervention,239,8480888154.762171,16385.0,0.3108130432355466,16364.0,34371.63529863857,23.393044834930684,1.0
leadtime_shock_50,no_intervention,240,8431670748.356848,16386.0,0.31342201324755115,16366.0,34202.287592779496,22.84368926978202,1.0
leadtime_shock_50,no_intervention,241,8465919633.965406,16386.0,0.31270536635703605,16369.0,34318.913323731686,23.50624553419691,1.0
leadtime_shock_50,no_intervention,242,8467701461.659447,16384.0,0.3103698509007137,16368.0,34384.570340444,24.240437886158425,1.0
leadtime_shock_50,no_intervention,243,8470043121.235335,16386.0,0.3108268462851091,16365.0,34389.17814367419,23.58648883034318,2.0
leadtime_shock_50,no_intervention,244,8454487997.762732,16387.0,0.3130398018846626,16372.0,34259.284842704285,24.015524387091595,1.0
leadtime_shock_50,no_intervention,245,8431474854.428949,16384.0,0.3137813110305763,16365.0,34179.00309302093,23.772505585476708,1.0
leadtime_shock_50,no_intervention,246,8444176734.873968,16387.0,0.3138229848855676,16371.0,34204.772825185886,22.253416080376272,1.0
leadtime_shock_50,no_intervention,247,8469493050.587144,16385.0,0.3120230612571405,16366.0,34339.59489882468,23.594886245521323,1.0
leadtime_shock_50,no_intervention,248,8453565080.301951,16386.0,0.31281939199469405,16370.0,34289.48215288679,23.446974985770314,1.0
leadtime_shock_50,no_intervention,249,8473599345.387118,16386.0,0.31280457858024746,16367.0,34349.41369536262,24.365119258447724,1.0
leadtime_shock_50,traditional,0,8253820293.1374855,16382.0,0.33156614100718873,16363.0,33279.48160281365,25.45853122178501,1.0
leadtime_shock_50,traditional,1,8229313631.131089,16384.0,0.3322293112519397,16361.0,33298.70829556422,25.066058618612228,1.0
leadtime_shock_50,traditional,2,8246235014.593769,16385.0,0.3308010106027318,16364.0,33342.29504760213,25.317720037559024,1.0
leadtime_shock_50,traditional,3,8277769310.906556,16381.0,0.329567941011084,16362.0,33475.62159249878,25.488812242518424,1.0
leadtime_shock_50,traditional,4,8272808988.003483,16384.0,0.3311369557808532,16366.0,33399.34665830946,26.220120242226578,1.0
leadtime_shock_50,traditional,5,8266548624.132619,16382.0,0.3302618614005931,16365.0,33415.4136191575,25.261165558104913,1.0
leadtime_shock_50,traditional,6,8276979194.312494,16384.0,0.32973913380816594,16361.0,33491.95488054263,27.213754073675872,1.0
leadtime_shock_50,traditional,7,8265319542.738879,16387.0,0.3306285181806378,16364.0,33444.86748857757,25.361570863914277,1.0
leadtime_shock_50,traditional,8,8293320374.694573,16386.0,0.32701154510200364,16360.0,33586.39958329342,26.882217718015887,1.0
leadtime_shock_50,traditional,9,8251595172.912231,16380.0,0.330110565759929,16362.0,33392.895354158274,26.41025668210557,1.0
leadtime_shock_50,traditional,10,8275370824.8147335,16385.0,0.32955546738793173,16367.0,33452.82399650463,26.133537277686482,1.0
leadtime_shock_50,traditional,11,8298991070.666693,16383.0,0.3288921369743787,16361.0,33560.36493867958,27.342324476631717,1.0
leadtime_shock_50,traditional,12,8258725360.677223,16383.0,0.3308552594632739,16365.0,33372.84081551326,25.509413608513572,1.0
leadtime_shock_50,traditional,13,8287458966.473134,16386.0,0.3298356096601104,16363.0,33456.73143285299,26.02189652406564,1.0
leadtime_shock_50,traditional,14,8283811197.023265,16384.0,0.32983658845407193,16361.0,33413.977472948485,26.750467188261773,1.0
leadtime_shock_50,traditional,15,8264292012.916885,16387.0,0.3304645686977898,16364.0,33419.825736405895,25.494801878442267,1.0
leadtime_shock_50,traditional,16,8282804206.859467,16382.0,0.3299016060664572,16365.0,33488.55723904862,26.415230976463917,1.0
leadtime_shock_50,traditional,17,8287808934.377479,16386.0,0.32898808357098186,16363.0,33498.0395847704,26.208390286984827,1.0
leadtime_shock_50,traditional,18,8254756603.102527,16383.0,0.33113463723693115,16365.0,33351.03287070136,25.557211951396305,1.0
leadtime_shock_50,traditional,19,8256839541.285691,16383.0,0.33063754815740304,16363.0,33417.72111309485,26.858113134337913,1.0
leadtime_shock_50,traditional,20,8290894353.34158,16386.0,0.32926750857018144,16365.0,33515.374292513865,26.47556205269507,1.0
leadtime_shock_50,traditional,21,8261860708.709653,16384.0,0.3304272017482092,16365.0,33420.58340264999,26.195472618901672,1.0
leadtime_shock_50,traditional,22,8248353108.090676,16379.0,0.3308225430680718,16359.0,33387.402899967325,25.600101043638247,2.0
leadtime_shock_50,traditional,23,8263518886.853017,16384.0,0.3301141431416582,16365.0,33413.79706895144,26.05793515702739,1.0
leadtime_shock_50,traditional,24,8264554650.212672,16384.0,0.33018507796259455,16359.0,33398.17858875096,26.38136838830441,1.0
leadtime_shock_50,traditional,25,8266859079.681306,16385.0,0.3299665532240498,16364.0,33389.26697041063,25.818743051422583,1.0
leadtime_shock_50,traditional,26,8291482617.358138,16386.0,0.32980388153662404,16362.0,33497.72064453698,25.244612996242733,1.0
leadtime_shock_50,traditional,27,8291312071.101536,16382.0,0.3300313022323288,16362.0,33455.164445886425,25.140269335063724,1.0
leadtime_shock_50,traditional,28,8268123983.542613,16383.0,0.330395615498188,16359.0,33403.627351368625,25.104442797289373,1.0
leadtime_shock_50,traditional,29,8262983022.683265,16386.0,0.3292235462862147,16365.0,33412.15261486938,26.730570202598223,1.0
leadtime_shock_50,traditional,30,8269858124.817446,16388.0,0.3289142799867305,16362.0,33439.950075896784,25.71606406160529,1.0
leadtime_shock_50,traditional,31,8276476469.23199,16388.0,0.3298433853727548,16364.0,33434.41878779899,25.972277208024657,1.0
leadtime_shock_50,traditional,32,8286349732.567935,16387.0,0.3291499027681177,16363.0,33530.63644576671,27.08697659426284,1.0
leadtime_shock_50,traditional,33,8279597758.418052,16381.0,0.32929944277405215,16362.0,33456.43809187778,26.053508520647572,1.0
leadtime_shock_50,traditional,34,8255893840.977461,16386.0,0.3300779134329057,16361.0,33381.2697110409,25.08434092125814,1.0
leadtime_shock_50,traditional,35,8262563219.135659,16386.0,0.3317603564165475,16364.0,33316.99362825509,25.77446302926495,1.0
leadtime_shock_50,traditional,36,8263557243.970451,16382.0,0.3297722087476209,16364.0,33373.905112804816,26.35690927223455,1.0
leadtime_shock_50,traditional,37,8263224245.873281,16389.0,0.33192362802037073,16363.0,33395.408426045986,25.42293992010673,1.0
leadtime_shock_50,traditional,38,8268965031.501196,16390.0,0.3306773756678016,16367.0,33410.19810452745,25.545070621181114,1.0
leadtime_shock_50,traditional,39,8232296885.261592,16380.0,0.3318190561096999,16359.0,33295.94872018241,26.309807473377326,1.0
leadtime_shock_50,traditional,40,8277680990.368486,16384.0,0.328436635636721,16366.0,33474.90243593523,26.442287448364596,1.0
leadtime_shock_50,traditional,41,8244367566.462981,16382.0,0.3302013382191808,16361.0,33354.612535181055,26.05312298791734,1.0
leadtime_shock_50,traditional,42,8280945906.014634,16381.0,0.32926793644752184,16365.0,33508.605986048016,26.50248743861306,1.0
leadtime_shock_50,traditional,43,8261016128.461549,16383.0,0.33089814067375256,16362.0,33370.85650642499,26.423426486837812,1.0
leadtime_shock_50,traditional,44,8303299581.089595,16386.0,0.32938877140058065,16367.0,33493.69328145641,26.145574841764475,1.0
leadtime_shock_50,traditional,45,8268956633.390127,16384.0,0.33003099475253733,16359.0,33458.283490174705,26.06416278512356,1.0
leadtime_shock_50,traditional,46,8273139732.459699,16385.0,0.3306907899473231,16366.0,33423.00901308393,25.73384662980221,1.0
leadtime_shock_50,traditional,47,8274592183.76565,16384.0,0.33020603533422477,16365.0,33418.025820583905,24.980662261349902,1.0
leadtime_shock_50,traditional,48,8258707079.424437,16383.0,0.3306498274062926,16364.0,33407.482453755925,25.30931708809892,1.0
leadtime_shock_50,traditional,49,8254622884.191497,16383.0,0.3311461557490197,16365.0,33305.31285585954,25.05658929404693,1.0
leadtime_shock_50,traditional,50,8277635075.5415325,16381.0,0.331573550621318,16363.0,33424.00488094186,25.238687971885152,1.0
leadtime_shock_50,traditional,51,8295333505.365505,16388.0,0.3281540870495456,16366.0,33530.98226533917,26.538564362692085,1.0
leadtime_shock_50,traditional,52,8275218502.2496,16382.0,0.3315014997775604,16362.0,33368.45874966246,26.078471548196717,1.0
leadtime_shock_50,traditional,53,8287206925.831633,16387.0,0.3297042563550666,16363.0,33472.62315983718,26.760040386653962,1.0
leadtime_shock_50,traditional,54,8258153657.304131,16385.0,0.3311114560259771,16363.0,33372.17113999233,26.76376458587573,1.0
leadtime_shock_50,traditional,55,8287588434.171204,16386.0,0.3286539110548911,16364.0,33494.93021433087,25.977104470150856,1.0
leadtime_shock_50,traditional,56,8252708127.283314,16380.0,0.33100870044174335,16360.0,33355.68939128903,25.667779728009428,2.0
leadtime_shock_50,traditional,57,8256172490.056051,16382.0,0.3297573809991,16358.0,33386.03172820452,25.826004247584248,1.0
leadtime_shock_50,traditional,58,8258742678.959442,16383.0,0.331153113139069,16353.0,33410.37525946614,26.192538223254136,1.0
leadtime_shock_50,traditional,59,8268000851.423902,16385.0,0.32991267646632677,16366.0,33449.89919138294,26.539376132992334,1.0
leadtime_shock_50,traditional,60,8284783388.394213,16384.0,0.3297905270518518,16363.0,33465.26848101981,26.243632128611814,1.0
leadtime_shock_50,traditional,61,8270544804.874355,16380.0,0.3305170441080994,16363.0,33467.922933232265,24.677420794704375,1.0
leadtime_shock_50,traditional,62,8262710827.896385,16382.0,0.32921234209107225,16359.0,33411.17769748936,25.52945350846466,1.0
leadtime_shock_50,traditional,63,8281834097.053495,16385.0,0.3284759322991657,16364.0,33492.75596997639,26.56315736037218,1.0
leadtime_shock_50,traditional,64,8280618577.689184,16385.0,0.328966860894465,16366.0,33514.5061486101,26.297216641345084,1.0
leadtime_shock_50,traditional,65,8232065621.775902,16384.0,0.33262289323333893,16363.0,33280.09084242382,25.328008753111757,1.0
leadtime_shock_50,traditional,66,8281158800.134922,16383.0,0.3297564194179931,16361.0,33437.31320949245,26.040788547035874,1.0
leadtime_shock_50,traditional,67,8278082671.595893,16384.0,0.3306055758878999,16364.0,33427.08547784915,25.885704614480336,1.0
leadtime_shock_50,traditional,68,8258397319.216291,16385.0,0.3292084893592271,16358.0,33386.675748970316,26.37042516778913,1.0
leadtime_shock_50,traditional,69,8263495334.3736515,16388.0,0.3306876597632508,16364.0,33401.386018600686,25.804587180773243,1.0
leadtime_shock_50,traditional,70,8261460149.618046,16382.0,0.3291929143509557,16364.0,33451.18191799355,26.124107631807455,1.0
leadtime_shock_50,traditional,71,8262324028.036171,16384.0,0.3303313969400409,16357.0,33352.72293238708,26.499921168415206,1.0
leadtime_shock_50,traditional,72,8289260275.2031975,16384.0,0.3294269044092838,16364.0,33515.80194576107,26.486641530356824,1.0
leadtime_shock_50,traditional,73,8252314526.080603,16381.0,0.3294375933886137,16362.0,33377.13312264513,25.22775020676213,1.0
leadtime_shock_50,traditional,74,8237919792.896038,16383.0,0.33257666763876365,16368.0,33319.29563820057,25.171798411174986,1.0
leadtime_shock_50,traditional,75,8252076493.114457,16384.0,0.33035054491757926,16364.0,33378.05891562959,25.871646732981233,1.0
leadtime_shock_50,traditional,76,8275559832.163836,16380.0,0.3290729558551368,16361.0,33426.5289705539,25.643831553544725,2.0
leadtime_shock_50,traditional,77,8265881536.005901,16384.0,0.3298654655075769,16367.0,33400.13197320605,25.758955576257737,1.0
leadtime_shock_50,traditional,78,8267615567.521097,16384.0,0.3295474138608761,16362.0,33449.77008052937,25.925902574865415,1.0
leadtime_shock_50,traditional,79,8279933563.248403,16380.0,0.32928807910448227,16362.0,33498.878461752785,26.29151395921118,1.0
leadtime_shock_50,traditional,80,8271027267.560973,16386.0,0.32958483286819634,16363.0,33444.26618950427,27.098403547691117,1.0
leadtime_shock_50,traditional,81,8281156443.416156,16384.0,0.32943832851062965,16361.0,33496.46249501347,26.715916956019527,1.0
leadtime_shock_50,traditional,82,8242207570.235091,16381.0,0.33243776506036377,16361.0,33277.383132216186,25.230044271787033,2.0
leadtime_shock_50,traditional,83,8253534236.905073,16385.0,0.33046402571593875,16366.0,33361.28640854954,25.37199686895782,1.0
leadtime_shock_50,traditional,84,8281296604.842469,16385.0,0.3296049875870887,16367.0,33485.41273975339,25.95752784288547,1.0
leadtime_shock_50,traditional,85,8283952288.833115,16386.0,0.32881216212956654,16361.0,33500.47462033002,26.231852675177787,1.0
leadtime_shock_50,traditional,86,8252865674.846776,16382.0,0.33106900008006923,16364.0,33322.97422709668,25.931554488821686,1.0
leadtime_shock_50,traditional,87,8282700969.84243,16384.0,0.3296384500870541,16361.0,33502.26953938661,26.39224540311402,1.0
leadtime_shock_50,traditional,88,8270164274.413594,16384.0,0.3290340941293451,16363.0,33428.35328430421,25.855463948039908,1.0
leadtime_shock_50,traditional,89,8313168479.090272,16384.0,0.3282609522471454,16365.0,33570.79428494322,25.46197848337491,1.0
leadtime_shock_50,traditional,90,8281841307.788906,16386.0,0.3297001252428558,16362.0,33462.84910718449,25.627147907586917,1.0
leadtime_shock_50,traditional,91,8259158896.08172,16381.0,0.33059054944073557,16360.0,33384.36895314044,25.973811172941783,2.0
leadtime_shock_50,traditional,92,8212460847.420105,16386.0,0.3338995057094968,16364.0,33199.07654907366,25.20385604862868,1.0
leadtime_shock_50,traditional,93,8282406571.93872,16382.0,0.32914609982150267,16365.0,33511.32402161883,25.85768708065307,1.0
leadtime_shock_50,traditional,94,8283317173.5980625,16383.0,0.3293821986531755,16365.0,33481.03840711203,26.32810888508491,1.0
leadtime_shock_50,traditional,95,8300094320.601067,16382.0,0.3279779733291566,16362.0,33527.57593242103,26.020748385352974,2.0
leadtime_shock_50,traditional,96,8259528783.11414,16386.0,0.3292946385948591,16365.0,33426.50682656821,26.54310035615559,1.0
leadtime_shock_50,traditional,97,8266410781.648609,16383.0,0.33087092493946296,16364.0,33377.32360722761,25.3469554458295,1.0
leadtime_shock_50,traditional,98,8230499709.032542,16382.0,0.33243809005557756,16365.0,33288.22383277134,26.22845507565221,1.0
leadtime_shock_50,traditional,99,8243413030.2104,16383.0,0.3300812476743377,16365.0,33366.21502898308,27.057430162332885,1.0
leadtime_shock_50,traditional,100,8265799371.712197,16388.0,0.3308820107769395,16363.0,33448.4598689748,25.414768374866263,1.0
leadtime_shock_50,traditional,101,8263655327.383434,16387.0,0.3305975900839533,16362.0,33403.844231388444,27.123891803354876,1.0
leadtime_shock_50,traditional,102,8271163081.37186,16390.0,0.3293889453870481,16368.0,33439.22155946065,26.85747080291979,1.0
leadtime_shock_50,traditional,103,8268969818.016918,16380.0,0.33015895187621286,16363.0,33418.44791051887,25.85064909791055,1.0
leadtime_shock_50,traditional,104,8256119518.045144,16385.0,0.3303105905930683,16361.0,33370.355904486954,26.339541623144754,1.0
leadtime_shock_50,traditional,105,8266530136.196954,16382.0,0.3302756264553151,16365.0,33421.19379017496,25.250122099739244,1.0
leadtime_shock_50,traditional,106,8306065514.651773,16382.0,0.32748826421582483,16368.0,33604.72527653461,26.402197033915893,1.0
leadtime_shock_50,traditional,107,8253933587.209796,16385.0,0.3292674591499262,16362.0,33421.88095642449,25.798109436967945,1.0
leadtime_shock_50,traditional,108,8284981529.002875,16387.0,0.3282996332813964,16362.0,33548.79537419692,26.06296200906845,1.0
leadtime_shock_50,traditional,109,8253225652.582572,16388.0,0.33122873957044635,16363.0,33399.19196832491,25.753810332620798,1.0
leadtime_shock_50,traditional,110,8265408934.120523,16386.0,0.32980466787018686,16368.0,33418.36881081864,24.994041632355778,1.0
leadtime_shock_50,traditional,111,8251374500.605142,16382.0,0.33021698252626847,16360.0,33354.728367860334,26.192656884824235,2.0
leadtime_shock_50,traditional,112,8264333982.204292,16385.0,0.33021078265505016,16360.0,33437.25652071829,26.05715779522106,1.0
leadtime_shock_50,traditional,113,8270283961.445934,16381.0,0.3292711287972018,16364.0,33439.55419700978,26.256208501148556,1.0
leadtime_shock_50,traditional,114,8272515486.504597,16385.0,0.33113386759594104,16365.0,33448.74485563423,25.118991460868536,1.0
leadtime_shock_50,traditional,115,8276035760.678442,16385.0,0.32982594665970927,16363.0,33424.42816270218,25.127162132223198,1.0
leadtime_shock_50,traditional,116,8240128971.608166,16386.0,0.33217668444106563,16363.0,33263.10724004905,24.944822872281716,1.0
leadtime_shock_50,traditional,117,8269777830.78749,16383.0,0.33058820374136194,16362.0,33458.901973237,26.801436829779696,1.0
leadtime_shock_50,traditional,118,8263316826.874839,16383.0,0.33115720341279836,16363.0,33423.01198760809,25.434689639874296,1.0
leadtime_shock_50,traditional,119,8260126807.776626,16380.0,0.3305241430720068,16362.0,33395.27074987175,25.352776704959744,1.0
leadtime_shock_50,traditional,120,8252425782.657216,16382.0,0.33176952177592434,16365.0,33353.65762342515,25.448385723014585,1.0
leadtime_shock_50,traditional,121,8226459852.08251,16382.0,0.3323696977227377,16362.0,33232.09246495013,24.879212068252478,1.0
leadtime_shock_50,traditional,122,8289101847.541334,16387.0,0.3290435282493765,16362.0,33502.68390814309,26.282704149909538,1.0
leadtime_shock_50,traditional,123,8257403090.484843,16382.0,0.3298046348668831,16360.0,33376.97650881409,24.900239779066734,1.0
leadtime_shock_50,traditional,124,8263798532.419287,16384.0,0.3312782077677498,16366.0,33372.74914167422,25.042455397965234,1.0
leadtime_shock_50,traditional,125,8291981777.906,16383.0,0.33029933745005036,16363.0,33473.135384734494,26.032835274172058,2.0
leadtime_shock_50,traditional,126,8281006882.427758,16384.0,0.32922858344168154,16363.0,33489.40750595916,26.645080231905975,1.0
leadtime_shock_50,traditional,127,8256639350.275983,16383.0,0.33137012498181817,16363.0,33324.413612746044,25.207972123710224,1.0
leadtime_shock_50,traditional,128,8277909941.538827,16387.0,0.32896619859190723,16368.0,33458.16532514584,26.421303436002553,1.0
leadtime_shock_50,traditional,129,8286530240.455172,16385.0,0.32980432429934814,16363.0,33476.771450153385,25.336231828913125,1.0
leadtime_shock_50,traditional,130,8242771077.247334,16381.0,0.3306598027389159,16364.0,33362.996057724675,25.415065453057395,1.0
leadtime_shock_50,traditional,131,8259281303.947444,16382.0,0.3296679923315765,16363.0,33410.4277444789,25.308529374775812,1.0
leadtime_shock_50,traditional,132,8271326327.550377,16382.0,0.32987542628840594,16361.0,33419.536958655255,25.945722232365522,1.0
leadtime_shock_50,traditional,133,8248693359.50274,16384.0,0.3312950338613713,16364.0,33351.13486139702,26.856019560039233,1.0
leadtime_shock_50,traditional,134,8278442456.256646,16382.0,0.33009005029487654,16369.0,33435.57654952177,24.608035355462928,1.0
leadtime_shock_50,traditional,135,8287426059.237646,16381.0,0.3297385277132905,16366.0,33495.68729899245,26.28925015458127,2.0
leadtime_shock_50,traditional,136,8257429749.480606,16381.0,0.3305213012598317,16361.0,33379.78824258045,26.26656891930525,2.0
leadtime_shock_50,traditional,137,8273104327.566299,16383.0,0.3297596557565047,16367.0,33451.85231307066,24.776723095176933,1.0
leadtime_shock_50,traditional,138,8272833093.35381,16384.0,0.32942918298030094,16367.0,33486.65159339934,26.407798764412586,1.0
leadtime_shock_50,traditional,139,8261321142.786696,16383.0,0.3307585800419677,16363.0,33412.92548675056,25.157542643777454,1.0
leadtime_shock_50,traditional,140,8270524936.124791,16382.0,0.3313397454630325,16363.0,33417.469255590746,25.71185716710454,1.0
leadtime_shock_50,traditional,141,8264259873.847145,16385.0,0.32977398484299203,16368.0,33440.96722759674,25.597848009520177,1.0
leadtime_shock_50,traditional,142,8292461547.193237,16383.0,0.3290119493204477,16358.0,33493.92828776661,27.5307973110665,1.0
leadtime_shock_50,traditional,143,8237928933.448274,16383.0,0.3309557534572624,16363.0,33335.34019768042,25.842167675900065,1.0
leadtime_shock_50,traditional,144,8298551407.836069,16387.0,0.32805593993869,16362.0,33538.37066060425,26.298461187581392,1.0
leadtime_shock_50,traditional,145,8289325556.130122,16388.0,0.32986597521673966,16364.0,33505.62935579988,26.89411850744693,1.0
leadtime_shock_50,traditional,146,8262447060.840687,16384.0,0.33039179972203947,16362.0,33391.68485430967,25.316590957835107,1.0
leadtime_shock_50,traditional,147,8263740520.035086,16382.0,0.3296081860798529,16363.0,33428.15246145506,25.074079233602365,2.0
leadtime_shock_50,traditional,148,8271017582.163351,16381.0,0.3304803138560441,16360.0,33440.40231436747,26.355711700665744,2.0
leadtime_shock_50,traditional,149,8256805339.323185,16385.0,0.33090111915026876,16366.0,33365.522681199895,26.070392605465234,1.0
leadtime_shock_50,traditional,150,8262464867.272291,16389.0,0.3311909987535861,16367.0,33367.95582696738,25.99635929177842,1.0
leadtime_shock_50,traditional,151,8296653743.432449,16388.0,0.32975780660913323,16367.0,33511.36693003112,25.891126103593223,1.0
leadtime_shock_50,traditional,152,8264277352.706659,16388.0,0.33032892956938326,16361.0,33422.7327105664,25.24659030346907,1.0
leadtime_shock_50,traditional,153,8273317060.208369,16381.0,0.32983091042905593,16361.0,33419.35401541501,24.99320797835396,1.0
leadtime_shock_50,traditional,154,8250076686.920216,16386.0,0.3315557485610667,16363.0,33372.45599184058,26.052067012948815,1.0
leadtime_shock_50,traditional,155,8267927624.752778,16384.0,0.33042137247252884,16363.0,33425.81991192499,25.955098029251634,1.0
leadtime_shock_50,traditional,156,8251578112.940309,16383.0,0.3304939484549692,16366.0,33408.68856648527,25.994106926778752,1.0
leadtime_shock_50,traditional,157,8279913461.654836,16386.0,0.3287192841009412,16364.0,33512.496030877446,25.98865432137747,1.0
leadtime_shock_50,traditional,158,8247123595.090603,16389.0,0.3302616156665504,16361.0,33372.92773301671,26.572905762418507,1.0
leadtime_shock_50,traditional,159,8295486581.393069,16384.0,0.32866018469501973,16365.0,33520.85321949985,26.111490515230518,1.0
leadtime_shock_50,traditional,160,8267715853.386523,16383.0,0.33015792104301284,16363.0,33415.69397449289,25.82677000312322,1.0
leadtime_shock_50,traditional,161,8259612282.425193,16383.0,0.32921560896498886,16364.0,33405.76677643778,26.00523378431023,1.0
leadtime_shock_50,traditional,162,8312303112.713754,16383.0,0.327419148623276,16362.0,33569.964804338706,26.196237868217995,1.0
leadtime_shock_50,traditional,163,8295748648.680283,16384.0,0.32887032774092506,16361.0,33546.720013854996,26.297114723876504,2.0
leadtime_shock_50,traditional,164,8271988819.447702,16385.0,0.3298312570632876,16365.0,33399.43023254264,25.44519527884853,1.0
leadtime_shock_50,traditional,165,8297808866.181974,16386.0,0.32865287354710165,16364.0,33552.76957588312,25.619913752581738,1.0
leadtime_shock_50,traditional,166,8252452618.807399,16386.0,0.33091285983174806,16365.0,33377.53626039938,25.516154932759115,1.0
leadtime_shock_50,traditional,167,8262885069.312956,16384.0,0.3303324325544236,16361.0,33430.05714563064,26.432673421132417,1.0
leadtime_shock_50,traditional,168,8258863705.268701,16382.0,0.3310904116167425,16361.0,33362.509625611514,25.52464195637631,1.0
leadtime_shock_50,traditional,169,8279214329.491866,16385.0,0.33031075676226324,16364.0,33476.36643483938,25.971409282739288,1.0
leadtime_shock_50,traditional,170,8276934600.600728,16381.0,0.3301231600019821,16362.0,33425.78832451942,25.738419730756018,1.0
leadtime_shock_50,traditional,171,8280613635.578161,16384.0,0.32891070582682835,16367.0,33495.5605581081,26.215539996709325,1.0
leadtime_shock_50,traditional,172,8223885597.961992,16384.0,0.3315731805648318,16366.0,33256.67675880634,25.968689685836665,1.0
leadtime_shock_50,traditional,173,8281979239.429327,16384.0,0.3288529485387677,16365.0,33508.24170717197,26.451090281176807,1.0
leadtime_shock_50,traditional,174,8253910243.315128,16384.0,0.3311444708210489,16364.0,33372.21120347339,26.486836784840946,1.0
leadtime_shock_50,traditional,175,8253522501.343098,16383.0,0.3309767358879306,16361.0,33362.79622865135,26.000833501269295,1.0
leadtime_shock_50,traditional,176,8243983346.714468,16384.0,0.33195410096154615,16365.0,33339.269425547296,25.24525950044243,1.0
leadtime_shock_50,traditional,177,8279129416.749205,16388.0,0.3305448173871989,16366.0,33461.24248095955,26.555872756358283,1.0
leadtime_shock_50,traditional,178,8284448090.043027,16384.0,0.32977779330484797,16361.0,33492.073129373646,25.37258327023958,1.0
leadtime_shock_50,traditional,179,8263053920.187248,16383.0,0.32979482432590185,16361.0,33470.88524610844,26.314747582040198,1.0
leadtime_shock_50,traditional,180,8256765259.80671,16383.0,0.33141627219709313,16365.0,33368.55765186454,25.312405436306403,1.0
leadtime_shock_50,traditional,181,8259073619.463258,16385.0,0.33115479657672203,16369.0,33360.76460104166,25.007906695134167,1.0
leadtime_shock_50,traditional,182,8282798529.912223,16385.0,0.3298466292704407,16363.0,33469.855868906685,25.803103565565355,1.0
leadtime_shock_50,traditional,183,8292972186.880569,16385.0,0.32884358533475727,16363.0,33506.76239874136,26.18907507393069,1.0
leadtime_shock_50,traditional,184,8285572656.362871,16382.0,0.3279136790817924,16365.0,33522.151727414464,26.16321226094299,1.0
leadtime_shock_50,traditional,185,8295383281.179777,16381.0,0.3274194151492299,16362.0,33548.931876240065,26.3861340197872,2.0
leadtime_shock_50,traditional,186,8268407839.591581,16383.0,0.3292668064090668,16362.0,33440.1601137408,25.797617843760268,1.0
leadtime_shock_50,traditional,187,8253505530.529061,16385.0,0.33104134408365893,16364.0,33380.7318970122,25.825619623357667,1.0
leadtime_shock_50,traditional,188,8259174714.279454,16385.0,0.33125771411442734,16361.0,33427.28554658783,25.85045022564367,1.0
leadtime_shock_50,traditional,189,8279658374.362486,16384.0,0.32939438661519693,16363.0,33468.445760005256,26.269402197884393,1.0
leadtime_shock_50,traditional,190,8275067942.4184,16380.0,0.3306654477753955,16364.0,33385.54630851216,25.132001219858445,1.0
leadtime_shock_50,traditional,191,8246604086.127215,16386.0,0.3310841664400559,16362.0,33328.23136350161,25.4080025739341,1.0
leadtime_shock_50,traditional,192,8280924980.611714,16382.0,0.32891641602626465,16358.0,33479.204101392315,25.756428053834203,1.0
leadtime_shock_50,traditional,193,8271845472.728009,16380.0,0.32932518674357597,16362.0,33422.88942159668,25.028878216412533,2.0
leadtime_shock_50,traditional,194,8273054335.162594,16386.0,0.3295308338832097,16367.0,33392.0837814732,25.681874931979035,1.0
leadtime_shock_50,traditional,195,8260300991.150401,16384.0,0.33014431239113134,16365.0,33435.7720075859,25.319659650121775,1.0
leadtime_shock_50,traditional,196,8247946493.890445,16383.0,0.3327914113955736,16365.0,33277.358431760564,25.07377663802802,1.0
leadtime_shock_50,traditional,197,8261075853.369412,16382.0,0.33011863197075625,16362.0,33399.23083832419,25.964542501232227,1.0
leadtime_shock_50,traditional,198,8265717171.167528,16383.0,0.3310382332762593,16363.0,33402.99765473117,26.75043741868445,1.0
leadtime_shock_50,traditional,199,8260794249.723976,16385.0,0.33083454222409153,16366.0,33359.012449985596,25.255272810452553,1.0
leadtime_shock_50,traditional,200,8262615980.60683,16380.0,0.33073406310589226,16370.0,33405.071262278674,26.254413902757506,1.0
leadtime_shock_50,traditional,201,8251319424.402348,16382.0,0.32986010875270416,16362.0,33372.60024679491,26.038186122817702,1.0
leadtime_shock_50,traditional,202,8291248417.140305,16384.0,0.32944263722449657,16360.0,33491.52559585198,25.653170854449815,1.0
leadtime_shock_50,traditional,203,8293620134.689677,16383.0,0.32824283787099695,16360.0,33516.29320532399,26.626259287515342,1.0
leadtime_shock_50,traditional,204,8279607891.012147,16383.0,0.32900877831093966,16363.0,33443.26292700059,26.016065500711083,1.0
leadtime_shock_50,traditional,205,8241345548.404286,16385.0,0.3314587687987321,16363.0,33331.82794887476,24.852112102001545,1.0
leadtime_shock_50,traditional,206,8245082773.877419,16384.0,0.33187300658371655,16364.0,33358.441869770475,25.01599422741265,1.0
leadtime_shock_50,traditional,207,8265142063.857336,16384.0,0.32955912575635793,16358.0,33408.595838978385,25.609383329600096,1.0
leadtime_shock_50,traditional,208,8292166741.500221,16385.0,0.33000859513243974,16361.0,33480.54641527586,25.975475730171873,1.0
leadtime_shock_50,traditional,209,8265796423.603612,16385.0,0.3299587651772281,16366.0,33391.52101601227,26.296274825862067,1.0
leadtime_shock_50,traditional,210,8271878656.783838,16389.0,0.32925256636404154,16370.0,33442.91122190789,25.499277247373257,1.0
leadtime_shock_50,traditional,211,8272222267.523861,16385.0,0.33127685950861574,16363.0,33440.605061938586,26.01983497130218,1.0
leadtime_shock_50,traditional,212,8261984169.749486,16386.0,0.3301945217279149,16363.0,33390.454119693204,26.087794355456875,1.0
leadtime_shock_50,traditional,213,8252959925.338438,16383.0,0.33066852431972177,16364.0,33373.42103000523,25.175382753998825,1.0
leadtime_shock_50,traditional,214,8275681430.627023,16383.0,0.3295030318096229,16365.0,33433.19491247708,26.619790744175702,1.0
leadtime_shock_50,traditional,215,8252567338.228619,16386.0,0.33066160383046717,16365.0,33348.46126465165,25.718305903016056,1.0
leadtime_shock_50,traditional,216,8288377302.062982,16383.0,0.3284533770364072,16369.0,33501.82861862321,26.059453843675882,1.0
leadtime_shock_50,traditional,217,8285657517.258308,16388.0,0.3298645926098365,16366.0,33435.91490394275,25.5237746456007,1.0
leadtime_shock_50,traditional,218,8240766827.502007,16385.0,0.3314899034540896,16366.0,33299.13778675938,25.386240666585245,1.0
leadtime_shock_50,traditional,219,8287854496.071001,16386.0,0.3284006262577561,16366.0,33553.334244642916,26.26660833562998,1.0
leadtime_shock_50,traditional,220,8252728978.890297,16385.0,0.3301526621712542,16368.0,33387.48999339778,25.992816888021363,1.0
leadtime_shock_50,traditional,221,8235243452.922431,16387.0,0.33148021479771866,16367.0,33298.33434949771,26.370341993737014,1.0
leadtime_shock_50,traditional,222,8269298416.593934,16385.0,0.3295100439965394,16362.0,33474.5481823288,26.69186666734486,1.0
leadtime_shock_50,traditional,223,8278286955.359357,16384.0,0.3291788559275726,16361.0,33475.18496741173,25.499353916634046,1.0
leadtime_shock_50,traditional,224,8266829361.994477,16385.0,0.3287556417774894,16367.0,33442.00446056132,25.494176697479528,1.0
leadtime_shock_50,traditional,225,8241423862.00017,16385.0,0.331421747057574,16366.0,33343.12559562804,25.784480793277137,1.0
leadtime_shock_50,traditional,226,8263473498.357828,16386.0,0.33054661907791016,16364.0,33389.286544102804,25.677722271978382,1.0
leadtime_shock_50,traditional,227,8283293262.844889,16385.0,0.3293789802581551,16362.0,33508.582156532415,25.855066117621135,1.0
leadtime_shock_50,traditional,228,8272439581.080781,16388.0,0.33056029473154686,16364.0,33396.69535721045,25.5071654220036,1.0
leadtime_shock_50,traditional,229,8294219508.002293,16388.0,0.32890820073989935,16360.0,33557.62762794768,25.687555286669117,1.0
leadtime_shock_50,traditional,230,8284266507.512081,16384.0,0.3287893722268119,16365.0,33473.63882277913,26.50960310122486,1.0
leadtime_shock_50,traditional,231,8273669492.453272,16380.0,0.33000824203639867,16363.0,33480.587169675666,25.834927854836863,1.0
leadtime_shock_50,traditional,232,8269471651.592797,16385.0,0.330321612707371,16362.0,33447.54303422162,26.452293424998302,1.0
leadtime_shock_50,traditional,233,8303719646.401984,16385.0,0.32859566450615285,16363.0,33515.79863612639,26.54557480658129,1.0
leadtime_shock_50,traditional,234,8259289468.725652,16386.0,0.3302202253215314,16363.0,33427.41131627978,25.618111362266983,1.0
leadtime_shock_50,traditional,235,8255820485.729686,16388.0,0.3301237047385223,16367.0,33396.53287094135,25.606627592239057,1.0
leadtime_shock_50,traditional,236,8262021580.815013,16382.0,0.33053228288551023,16361.0,33397.51997548852,26.7491173483274,1.0
leadtime_shock_50,traditional,237,8251937206.574556,16384.0,0.3301225885671992,16363.0,33388.590418801796,26.3272311793561,1.0
leadtime_shock_50,traditional,238,8269310880.630304,16382.0,0.33034493154859623,16363.0,33464.449409434514,26.757580638847305,1.0
leadtime_shock_50,traditional,239,8256681807.804946,16386.0,0.3297972524859439,16368.0,33414.31802919577,24.989174693733826,1.0
leadtime_shock_50,traditional,240,8287289077.829893,16387.0,0.32970106924524084,16364.0,33505.317138787934,25.929790168249333,1.0
leadtime_shock_50,traditional,241,8254912938.275462,16385.0,0.3305291374805492,16362.0,33374.78051278045,26.551382100368635,1.0
leadtime_shock_50,traditional,242,8247744517.946235,16385.0,0.3316298676390754,16367.0,33250.01619034796,25.88061907382545,1.0
leadtime_shock_50,traditional,243,8261338172.018332,16385.0,0.33168974512628663,16366.0,33384.08661361742,25.42015827991469,1.0
leadtime_shock_50,traditional,244,8250767655.424809,16379.0,0.33050753739253325,16364.0,33383.00864890231,25.891445681884836,2.0
leadtime_shock_50,traditional,245,8251370513.912761,16383.0,0.3317223816101586,16361.0,33369.38017551724,26.004302049508794,1.0
leadtime_shock_50,traditional,246,8259830167.195281,16382.0,0.33135063394798886,16360.0,33316.89531783344,24.662158585085965,1.0
leadtime_shock_50,traditional,247,8268598092.61305,16381.0,0.32970451498590275,16364.0,33466.03029579199,25.78662908739053,2.0
leadtime_shock_50,traditional,248,8280443959.485799,16384.0,0.3291271152339092,16363.0,33435.75735734476,26.045087008991835,1.0
leadtime_shock_50,traditional,249,8277505709.461823,16385.0,0.3300533251964887,16366.0,33445.31931240907,25.827791490163953,1.0
leadtime_shock_50,near_critical,0,8268879493.307337,16383.0,0.33010908334120226,16361.0,33458.5740276313,25.881525714975595,1.0
leadtime_shock_50,near_critical,1,8242338575.226735,16382.0,0.3305466983684112,16362.0,33363.15355484778,25.32385156667922,1.0
leadtime_shock_50,near_critical,2,8276460975.510523,16384.0,0.3295504659488847,16362.0,33492.14601525357,25.575428073510736,1.0
leadtime_shock_50,near_critical,3,8242682526.821796,16384.0,0.33283607282657,16363.0,33324.9276628913,26.422415981966346,1.0
leadtime_shock_50,near_critical,4,8227763603.313238,16384.0,0.3319758421992547,16364.0,33337.3694587988,25.726989231871848,1.0
leadtime_shock_50,near_critical,5,8257943155.037563,16381.0,0.32928512649486846,16360.0,33423.6271668903,25.3082374730392,2.0
leadtime_shock_50,near_critical,6,8231782656.647035,16385.0,0.3320521463186375,16361.0,33301.639526332336,24.315458400585364,1.0
leadtime_shock_50,near_critical,7,8247300504.402385,16382.0,0.331972209375395,16359.0,33319.32181822393,24.9754580534513,1.0
leadtime_shock_50,near_critical,8,8261878105.1162,16386.0,0.32989026658011966,16364.0,33452.738786863294,25.47011986020099,1.0
leadtime_shock_50,near_critical,9,8272888944.556638,16384.0,0.3302015831342486,16361.0,33508.58950313242,25.34978824093815,1.0
leadtime_shock_50,near_critical,10,8259796088.564783,16389.0,0.33111369051278955,16367.0,33376.31543537601,24.634055601297927,1.0
leadtime_shock_50,near_critical,11,8276043402.071876,16382.0,0.33010202557268953,16361.0,33460.01389732964,25.661884887862513,1.0
leadtime_shock_50,near_critical,12,8269766910.683817,16385.0,0.3302975118362066,16364.0,33439.524976553286,25.64930682545999,1.0
leadtime_shock_50,near_critical,13,8265364108.268984,16383.0,0.3295487395819282,16364.0,33448.961953467384,25.886241573254978,1.0
leadtime_shock_50,near_critical,14,8282241012.997111,16381.0,0.3302057356396418,16363.0,33456.20247126458,25.654279720791653,1.0
leadtime_shock_50,near_critical,15,8250106011.581276,16381.0,0.33025790088883283,16355.0,33401.49192065038,25.193964036675784,1.0
leadtime_shock_50,near_critical,16,8276506647.620833,16384.0,0.32960174729721287,16360.0,33470.96765228644,25.570114853515438,1.0
leadtime_shock_50,near_critical,17,8268666164.553063,16379.0,0.3295982324078513,16360.0,33451.70565147397,25.855319956407424,1.0
leadtime_shock_50,near_critical,18,8286752600.842117,16383.0,0.32895609131308035,16362.0,33523.46771066699,25.28413189257801,1.0
leadtime_shock_50,near_critical,19,8246200552.596521,16384.0,0.33085955783833154,16365.0,33337.239866108255,26.200006802871098,1.0
leadtime_shock_50,near_critical,20,8259695895.424001,16381.0,0.33045808232871077,16361.0,33393.94898911721,25.10313788648454,1.0
leadtime_shock_50,near_critical,21,8264739070.169727,16385.0,0.3290355555494979,16363.0,33454.534717617316,25.521112411866987,1.0
leadtime_shock_50,near_critical,22,8285240998.873898,16384.0,0.32883186874549014,16359.0,33490.7042512129,25.431104161765155,1.0
leadtime_shock_50,near_critical,23,8237546149.44704,16383.0,0.3322376797024408,16363.0,33289.383155808195,24.87704479996312,1.0
leadtime_shock_50,near_critical,24,8263516430.011219,16386.0,0.3307697396314409,16362.0,33401.05003274637,25.564015198549665,1.0
leadtime_shock_50,near_critical,25,8256169694.404602,16385.0,0.3307445109440333,16358.0,33370.60452177023,26.21158254739779,1.0
leadtime_shock_50,near_critical,26,8278550871.006803,16387.0,0.32975411268151955,16367.0,33481.979483061295,25.392846272368466,1.0
leadtime_shock_50,near_critical,27,8268973010.6642685,16383.0,0.3304160864952038,16363.0,33400.38739085196,25.223290077858415,1.0
leadtime_shock_50,near_critical,28,8231844209.052475,16382.0,0.3305636799942696,16362.0,33324.50505229668,25.619968708305894,1.0
leadtime_shock_50,near_critical,29,8227371014.951001,16385.0,0.33264531569062145,16366.0,33251.62182074295,25.596540922647357,1.0
leadtime_shock_50,near_critical,30,8282327820.798652,16383.0,0.3298313356553067,16367.0,33511.93385541422,25.650064996209675,1.0
leadtime_shock_50,near_critical,31,8251320717.835811,16381.0,0.33046733270313666,16364.0,33359.33366588621,25.698175134806736,1.0
leadtime_shock_50,near_critical,32,8256228974.349966,16384.0,0.33133138694482783,16363.0,33369.73474482783,25.476477871762544,1.0
leadtime_shock_50,near_critical,33,8239172167.536874,16382.0,0.3317283000088422,16366.0,33369.14774177835,26.052058959423366,1.0
leadtime_shock_50,near_critical,34,8258475680.876799,16385.0,0.3307709812342813,16360.0,33425.907458596696,25.307707081105075,1.0
leadtime_shock_50,near_critical,35,8213979380.547123,16384.0,0.3337792470210238,16364.0,33228.71675131462,25.421683613185106,1.0
leadtime_shock_50,near_critical,36,8248896030.70659,16385.0,0.3309275647683892,16361.0,33372.67692705331,25.13646986211637,1.0
leadtime_shock_50,near_critical,37,8268926488.421877,16383.0,0.3299848337938644,16362.0,33469.736250689726,25.96017626264857,1.0
leadtime_shock_50,near_critical,38,8269642521.965988,16387.0,0.32897049682106594,16362.0,33520.01218593747,25.64125659457868,1.0
leadtime_shock_50,near_critical,39,8263555606.842386,16381.0,0.32992150268272114,16359.0,33396.71381184522,25.233196316510057,1.0
leadtime_shock_50,near_critical,40,8282858672.184329,16383.0,0.32977798730638613,16361.0,33473.5508467491,25.470333845530167,1.0
leadtime_shock_50,near_critical,41,8251634477.79025,16385.0,0.3318563440381075,16358.0,33370.31816183451,25.115948743974208,1.0
leadtime_shock_50,near_critical,42,8276088099.536178,16387.0,0.32971045430724044,16370.0,33459.94305782803,25.64475119190227,1.0
leadtime_shock_50,near_critical,43,8236527078.148408,16383.0,0.3312124195502173,16358.0,33332.323916673,25.193972913013347,2.0
leadtime_shock_50,near_critical,44,8247853090.249616,16384.0,0.33103774210764036,16362.0,33361.99329295981,24.63155288044795,1.0
leadtime_shock_50,near_critical,45,8254910329.764148,16383.0,0.33112154289997875,16360.0,33415.69448288659,25.25874633491646,1.0
leadtime_shock_50,near_critical,46,8253191487.140605,16385.0,0.33090502684150797,16362.0,33372.76152207942,26.031527312492326,1.0
leadtime_shock_50,near_critical,47,8270612704.02446,16382.0,0.33021800867806617,16362.0,33421.93960536917,24.7660375728017,1.0
leadtime_shock_50,near_critical,48,8267458624.694575,16381.0,0.33050474533210195,16358.0,33472.20485075816,25.560176314633292,2.0
leadtime_shock_50,near_critical,49,8246083181.7677,16388.0,0.33177578274417135,16362.0,33328.23068859907,25.604628411710735,1.0
leadtime_shock_50,near_critical,50,8244324915.803868,16385.0,0.33098353729131275,16359.0,33379.82543830274,25.73559794568776,1.0
leadtime_shock_50,near_critical,51,8271465313.953917,16385.0,0.3304382777049416,16363.0,33458.22031670197,26.044755552528642,1.0
leadtime_shock_50,near_critical,52,8253471447.040591,16384.0,0.3308276010949756,16363.0,33383.05683933513,25.334765974330352,1.0
leadtime_shock_50,near_critical,53,8302175343.722257,16383.0,0.3293187554143622,16363.0,33574.01241262126,25.50266837761201,1.0
leadtime_shock_50,near_critical,54,8265674151.839871,16385.0,0.3308463054303485,16362.0,33435.394612586344,25.496679510634934,1.0
leadtime_shock_50,near_critical,55,8257571630.38836,16383.0,0.3305814132488896,16364.0,33414.01745602101,25.187567643491946,1.0
leadtime_shock_50,near_critical,56,8260098058.745338,16385.0,0.3298026405215884,16366.0,33430.36530675372,25.366196320645784,1.0
leadtime_shock_50,near_critical,57,8249931924.872267,16382.0,0.33192358513151066,16364.0,33289.02873376327,25.011702358905076,1.0
leadtime_shock_50,near_critical,58,8283894182.4606695,16387.0,0.32998283956077346,16364.0,33473.853045572476,24.848561140675976,1.0
leadtime_shock_50,near_critical,59,8260969196.092968,16387.0,0.32960694845850785,16362.0,33407.094533504736,25.436283378346175,1.0
leadtime_shock_50,near_critical,60,8238478461.408895,16381.0,0.3313763461324155,16361.0,33312.92744528177,24.92840173740112,1.0
leadtime_shock_50,near_critical,61,8237871184.756844,16387.0,0.33231231224052044,16362.0,33301.74676207829,25.375706773047273,1.0
leadtime_shock_50,near_critical,62,8247504664.832493,16384.0,0.33026461435544957,16366.0,33403.61645736785,25.855695317690518,1.0
leadtime_shock_50,near_critical,63,8248293591.058716,16385.0,0.3305125443289124,16361.0,33378.974890019854,26.03423250461846,1.0
leadtime_shock_50,near_critical,64,8262712107.339112,16384.0,0.3301751402281878,16361.0,33436.902623256574,25.589536290356392,1.0
leadtime_shock_50,near_critical,65,8232415045.332698,16385.0,0.33120406295109656,16365.0,33336.68122474345,25.63311515833244,1.0
leadtime_shock_50,near_critical,66,8262924285.651319,16383.0,0.3306309880422134,16360.0,33387.77522735064,25.65949807780204,1.0
leadtime_shock_50,near_critical,67,8251832621.6312685,16383.0,0.33112077083187125,16362.0,33365.14440274517,25.257760108521904,1.0
leadtime_shock_50,near_critical,68,8276207836.771945,16382.0,0.3294942676649954,16366.0,33448.72098036054,25.70860902885885,1.0
leadtime_shock_50,near_critical,69,8225708049.3982,16387.0,0.33250502477852373,16365.0,33257.167037450854,25.92105279750178,1.0
leadtime_shock_50,near_critical,70,8246601254.652656,16388.0,0.33076841914524424,16365.0,33363.87360327159,25.60300274739652,1.0
leadtime_shock_50,near_critical,71,8261410556.295933,16382.0,0.32990675704914124,16367.0,33412.113790374235,26.59394754511883,1.0
leadtime_shock_50,near_critical,72,8242225553.479402,16384.0,0.33138010160637205,16356.0,33354.01628408935,25.437157491664927,1.0
leadtime_shock_50,near_critical,73,8254188398.309357,16383.0,0.33295892113411346,16365.0,33383.926565460286,25.017654862120217,1.0
leadtime_shock_50,near_critical,74,8287347954.060362,16386.0,0.32987482114957806,16364.0,33446.031994655816,24.88303335702866,1.0
leadtime_shock_50,near_critical,75,8246345789.401237,16383.0,0.33132681305730394,16364.0,33334.01033739254,25.647813683614338,1.0
leadtime_shock_50,near_critical,76,8299838620.734283,16382.0,0.3294134469475744,16362.0,33531.714703756676,26.053938390815862,1.0
leadtime_shock_50,near_critical,77,8261611891.612487,16381.0,0.3302998138055935,16359.0,33397.566978735784,25.9347906067075,1.0
leadtime_shock_50,near_critical,78,8286273870.918219,16388.0,0.32982530802161814,16365.0,33486.303941961756,25.788041660091082,1.0
leadtime_shock_50,near_critical,79,8244892877.260753,16384.0,0.33124320639973903,16361.0,33328.22831700278,24.46626160584702,1.0
leadtime_shock_50,near_critical,80,8242863620.512511,16384.0,0.3316941037324158,16360.0,33352.60986342617,25.375352592212206,1.0
leadtime_shock_50,near_critical,81,8286413140.643063,16385.0,0.3291525568356432,16359.0,33474.454455765976,26.36608373511455,1.0
leadtime_shock_50,near_critical,82,8224811023.577895,16386.0,0.33113276053645063,16364.0,33313.89737647569,25.214486782048095,1.0
leadtime_shock_50,near_critical,83,8230870110.325863,16382.0,0.33168503047414344,16361.0,33294.26246520692,25.429666650512115,1.0
leadtime_shock_50,near_critical,84,8258995568.98403,16380.0,0.32927678358705775,16361.0,33435.357317501774,25.592062088919196,2.0
leadtime_shock_50,near_critical,85,8244414132.803422,16387.0,0.33309998045849337,16361.0,33362.760095999125,24.19847724541361,1.0
leadtime_shock_50,near_critical,86,8262707449.151515,16382.0,0.33061212216742675,16356.0,33422.42642700654,25.31198350007422,1.0
leadtime_shock_50,near_critical,87,8261783645.190235,16385.0,0.3309890198692467,16362.0,33375.57225858064,25.26809666892491,1.0
leadtime_shock_50,near_critical,88,8245823691.732328,16386.0,0.332361991900694,16364.0,33289.37151406977,24.43435933520893,1.0
leadtime_shock_50,near_critical,89,8238183075.964984,16381.0,0.3315650942965053,16363.0,33356.94087652811,25.538910353792264,1.0
leadtime_shock_50,near_critical,90,8263547248.696599,16386.0,0.3301280240858036,16361.0,33439.36443497574,25.56688347038658,1.0
leadtime_shock_50,near_critical,91,8248542861.394418,16386.0,0.33111044718813326,16360.0,33391.9652905456,25.621370554786427,1.0
leadtime_shock_50,near_critical,92,8249653482.253274,16383.0,0.33053591418875516,16367.0,33387.10047450821,25.829929289558713,1.0
leadtime_shock_50,near_critical,93,8260062650.370401,16386.0,0.3309915108531762,16363.0,33408.320833644735,26.063333823674846,1.0
leadtime_shock_50,near_critical,94,8273950056.792424,16384.0,0.33042100142660913,16361.0,33452.97506277215,25.91566197558587,1.0
leadtime_shock_50,near_critical,95,8264020034.115731,16382.0,0.33038837807994437,16360.0,33444.955046211115,25.345592674524003,1.0
leadtime_shock_50,near_critical,96,8237143858.426345,16381.0,0.33000675181215344,16359.0,33348.65157431869,25.12999181537353,1.0
leadtime_shock_50,near_critical,97,8230552850.137762,16383.0,0.3319636098291367,16362.0,33322.96011300604,25.441606431745974,1.0
leadtime_shock_50,near_critical,98,8254385135.9311285,16383.0,0.3296065089198411,16364.0,33399.46910460217,25.579224862308752,1.0
leadtime_shock_50,near_critical,99,8261951470.573496,16382.0,0.3297254501368789,16359.0,33435.305123464284,26.055792530790715,1.0
leadtime_shock_50,near_critical,100,8276238189.418025,16383.0,0.33045393745971696,16362.0,33498.204261226696,25.323817550629574,1.0
leadtime_shock_50,near_critical,101,8288447741.776268,16384.0,0.32797373279724223,16361.0,33531.12881902564,26.05864441365738,1.0
leadtime_shock_50,near_critical,102,8252013325.831761,16381.0,0.3314560548783175,16363.0,33399.78980427312,25.47696384357683,1.0
leadtime_shock_50,near_critical,103,8282509608.819203,16385.0,0.33019535037305814,16367.0,33486.50847180979,25.99069593750285,1.0
leadtime_shock_50,near_critical,104,8240149614.643722,16381.0,0.3319218822192487,16362.0,33320.098453750405,25.44670823044749,1.0
leadtime_shock_50,near_critical,105,8281705694.245827,16385.0,0.32943218962293214,16364.0,33508.73197484166,25.972129977106203,1.0
leadtime_shock_50,near_critical,106,8281919631.629862,16385.0,0.3287364347073835,16360.0,33512.025898939304,25.701547569531773,1.0
leadtime_shock_50,near_critical,107,8252264063.487842,16383.0,0.3312984592860374,16364.0,33392.542921268076,26.09008483398152,1.0
leadtime_shock_50,near_critical,108,8261047261.734527,16382.0,0.3300955384244675,16358.0,33416.91424200553,25.857149743796107,1.0
leadtime_shock_50,near_critical,109,8278036081.517826,16381.0,0.3293498132497498,16359.0,33455.829009725814,25.850352002515613,2.0
leadtime_shock_50,near_critical,110,8248247446.035879,16383.0,0.33036841113009086,16362.0,33358.23787368399,26.573324145577228,1.0
leadtime_shock_50,near_critical,111,8260769849.321146,16382.0,0.3311899553385978,16365.0,33380.789105406366,25.185300592947982,1.0
leadtime_shock_50,near_critical,112,8264523501.07355,16384.0,0.33046112984016934,16364.0,33411.934991711576,25.24994959446242,1.0
leadtime_shock_50,near_critical,113,8262892037.398427,16390.0,0.3308538453369647,16365.0,33397.11786121154,26.02623838484315,1.0
leadtime_shock_50,near_critical,114,8266876194.657733,16385.0,0.3309891404412163,16365.0,33394.75974637548,24.64135054602691,1.0
leadtime_shock_50,near_critical,115,8233453330.843641,16381.0,0.33156239235756674,16358.0,33344.98749449335,25.12823879390023,2.0
leadtime_shock_50,near_critical,116,8279838693.551429,16384.0,0.3290841818102897,16362.0,33509.72814567177,25.339745481322154,1.0
leadtime_shock_50,near_critical,117,8263560805.803411,16382.0,0.3292777058508996,16366.0,33396.65474666036,25.802884265072773,1.0
leadtime_shock_50,near_critical,118,8253591574.556142,16382.0,0.3316751199698438,16358.0,33384.430450568514,25.544076648714118,1.0
leadtime_shock_50,near_critical,119,8260357648.48589,16386.0,0.3308826887441208,16361.0,33434.460624012805,25.097011305308094,1.0
leadtime_shock_50,near_critical,120,8243912482.25325,16384.0,0.3307101664147637,16361.0,33359.28901595489,25.03902542415248,1.0
leadtime_shock_50,near_critical,121,8236863721.119906,16384.0,0.332437042965649,16366.0,33271.43424124905,24.69859058084281,1.0
leadtime_shock_50,near_critical,122,8238791664.50172,16383.0,0.33171014639744517,16365.0,33323.444048588535,25.267281507824624,1.0
leadtime_shock_50,near_critical,123,8257947569.757563,16383.0,0.3308801550468744,16362.0,33429.23352163942,25.73593770657803,1.0
leadtime_shock_50,near_critical,124,8270399690.122865,16384.0,0.33050946835941525,16357.0,33432.98675761851,26.32228067250691,1.0
leadtime_shock_50,near_critical,125,8255593249.747852,16385.0,0.3313518063281035,16357.0,33312.3167499997,25.794843882973737,1.0
leadtime_shock_50,near_critical,126,8262947361.145631,16384.0,0.3305525910911894,16361.0,33422.77773663238,26.18945968393194,1.0
leadtime_shock_50,near_critical,127,8248603038.072613,16382.0,0.3299248608640112,16365.0,33407.00121285521,25.115054838955356,1.0
leadtime_shock_50,near_critical,128,8288446022.307552,16386.0,0.32876878325676284,16364.0,33549.43922940856,25.40908754148972,1.0
leadtime_shock_50,near_critical,129,8240992780.457883,16386.0,0.3317856582674422,16364.0,33327.64891332222,24.594973757248088,1.0
leadtime_shock_50,near_critical,130,8286343604.605665,16385.0,0.33023985149018176,16362.0,33444.565748071596,25.660784419964497,1.0
leadtime_shock_50,near_critical,131,8272466209.844486,16386.0,0.3296361514731741,16362.0,33445.35454503657,26.021860987047006,1.0
leadtime_shock_50,near_critical,132,8240689474.170534,16386.0,0.3319649994105007,16363.0,33353.2923761512,25.39396924807996,1.0
leadtime_shock_50,near_critical,133,8249384474.604704,16381.0,0.3302247677079843,16361.0,33429.22725720213,26.088484719871964,2.0
leadtime_shock_50,near_critical,134,8266850211.411814,16384.0,0.3303712962068886,16361.0,33435.094601650584,24.930671903379203,1.0
leadtime_shock_50,near_critical,135,8255220831.164525,16385.0,0.33071450857869616,16364.0,33391.499004180376,25.593407446444438,1.0
leadtime_shock_50,near_critical,136,8222646714.706471,16385.0,0.3310249339554429,16355.0,33281.81248178004,24.55324272697061,1.0
leadtime_shock_50,near_critical,137,8261847042.135644,16384.0,0.330598913234496,16359.0,33402.17738606445,25.419841345603295,1.0
leadtime_shock_50,near_critical,138,8279738497.256386,16382.0,0.32978947670744707,16364.0,33453.672447670135,25.4916547973406,1.0
leadtime_shock_50,near_critical,139,8241028657.620175,16385.0,0.33203550109392294,16362.0,33251.99351388038,25.15848559240353,1.0
leadtime_shock_50,near_critical,140,8242199639.360854,16379.0,0.3311510798189529,16359.0,33320.07810202549,24.722994601180343,2.0
leadtime_shock_50,near_critical,141,8250238707.980409,16383.0,0.33108968633477237,16357.0,33383.90264006056,25.058855621843055,1.0
leadtime_shock_50,near_critical,142,8286176395.900173,16384.0,0.33013107778038076,16363.0,33507.48424832067,25.410494190714527,1.0
leadtime_shock_50,near_critical,143,8281945264.269089,16386.0,0.32957123558382617,16356.0,33481.39231799476,27.174804636049828,1.0
leadtime_shock_50,near_critical,144,8251030322.862149,16385.0,0.3317617219172718,16364.0,33403.03632477716,25.484033060667855,1.0
leadtime_shock_50,near_critical,145,8268596508.254079,16380.0,0.33010662439879307,16360.0,33413.744508108844,25.79247050857658,1.0
leadtime_shock_50,near_critical,146,8293665856.045504,16384.0,0.32986502087019787,16363.0,33522.001902382486,25.041203247185024,1.0
leadtime_shock_50,near_critical,147,8264182648.412905,16384.0,0.32911047749834144,16362.0,33476.52518788201,26.323549947540137,1.0
leadtime_shock_50,near_critical,148,8263274584.062902,16379.0,0.33130081516155535,16360.0,33405.32123537689,25.687859624184007,2.0
leadtime_shock_50,near_critical,149,8235963978.478752,16383.0,0.33109913900466414,16358.0,33344.79140655382,25.25065799362038,1.0
leadtime_shock_50,near_critical,150,8270629549.401578,16383.0,0.33070115467447836,16363.0,33434.98945665019,25.37504162295288,1.0
leadtime_shock_50,near_critical,151,8242137806.063161,16380.0,0.33230710829982757,16365.0,33341.747547659914,24.040551518192373,1.0
leadtime_shock_50,near_critical,152,8271628313.246523,16383.0,0.33033129999640815,16365.0,33439.10377314038,25.96659506303683,1.0
leadtime_shock_50,near_critical,153,8282246201.312259,16383.0,0.3287523698515648,16364.0,33473.724587632816,25.415126278195977,1.0
leadtime_shock_50,near_critical,154,8272529769.333438,16385.0,0.3297184482314627,16360.0,33464.88318930955,26.269418233698335,1.0
leadtime_shock_50,near_critical,155,8260719057.195677,16386.0,0.3304336745414404,16367.0,33413.098270068556,25.347756499327964,1.0
leadtime_shock_50,near_critical,156,8267715394.792086,16385.0,0.3301820093958671,16360.0,33411.16652842,26.078559722436815,1.0
leadtime_shock_50,near_critical,157,8265252999.702958,16380.0,0.32996794958594794,16363.0,33438.24261092929,25.635021132123523,2.0
leadtime_shock_50,near_critical,158,8259536117.603486,16380.0,0.3299790993570643,16361.0,33426.929469034665,26.15046782369748,2.0
leadtime_shock_50,near_critical,159,8253294347.719419,16383.0,0.330692163194156,16358.0,33370.616639841544,26.055481857478956,1.0
leadtime_shock_50,near_critical,160,8250539091.373806,16382.0,0.33113916741983124,16361.0,33396.923690042146,25.61311480646414,1.0
leadtime_shock_50,near_critical,161,8228372801.782371,16383.0,0.3320526751965802,16360.0,33323.67339799538,24.189993747764134,1.0
leadtime_shock_50,near_critical,162,8248221552.958558,16385.0,0.32979017576884306,16361.0,33377.08003871609,25.994457780317813,1.0
leadtime_shock_50,near_critical,163,8270180638.745789,16383.0,0.32978670536081256,16363.0,33467.59774838901,26.034837477980076,1.0
leadtime_shock_50,near_critical,164,8271141402.947901,16387.0,0.3308365733357013,16363.0,33391.00143249597,25.478856255274657,1.0
leadtime_shock_50,near_critical,165,8234709258.424146,16382.0,0.33197059929009665,16365.0,33313.82493539565,26.0027695235785,1.0
leadtime_shock_50,near_critical,166,8276782696.648573,16379.0,0.32915596527803787,16359.0,33493.65680894548,25.33206958804151,1.0
leadtime_shock_50,near_critical,167,8266245517.765948,16386.0,0.3304227288345809,16366.0,33438.373638691686,24.74370789540166,1.0
leadtime_shock_50,near_critical,168,8256234090.223155,16387.0,0.3304681678490516,16361.0,33384.4480331482,25.0300936504699,1.0
leadtime_shock_50,near_critical,169,8226449272.9274,16387.0,0.33300342435115876,16363.0,33254.978977932435,25.076339801550812,1.0
leadtime_shock_50,near_critical,170,8259867131.170235,16384.0,0.3311464042694539,16361.0,33385.03284094349,25.117315152718366,1.0
leadtime_shock_50,near_critical,171,8243214686.993927,16383.0,0.3302817139126764,16361.0,33367.58957057596,25.03651359944601,1.0
leadtime_shock_50,near_critical,172,8222962347.457832,16384.0,0.3327769246104655,16358.0,33267.31397746975,24.151910454756337,1.0
leadtime_shock_50,near_critical,173,8260458728.656076,16383.0,0.33040458974790415,16364.0,33409.842730414544,25.734359778849242,1.0
leadtime_shock_50,near_critical,174,8274553482.120558,16386.0,0.3304376994632782,16365.0,33471.721559654616,26.622801085907014,1.0
leadtime_shock_50,near_critical,175,8243341875.414716,16382.0,0.33093870167637657,16360.0,33401.66069435465,25.915524142179898,1.0
leadtime_shock_50,near_critical,176,8264713886.614445,16382.0,0.3299417846428561,16362.0,33459.21331371013,25.171128628847207,1.0
leadtime_shock_50,near_critical,177,8289876665.711554,16383.0,0.3281994704771966,16370.0,33564.821796518336,25.247034191098606,1.0
leadtime_shock_50,near_critical,178,8244770304.113293,16382.0,0.33112529705190674,16361.0,33359.796714426346,25.44802007629165,1.0
leadtime_shock_50,near_critical,179,8263935387.536121,16384.0,0.3301069290832838,16367.0,33440.156466184766,25.491401296592322,1.0
leadtime_shock_50,near_critical,180,8263422128.337108,16386.0,0.3294189859892429,16361.0,33419.86717074367,25.492991849970878,1.0
leadtime_shock_50,near_critical,181,8285370685.547055,16385.0,0.3302543331275431,16361.0,33502.27569586951,24.703276973559966,1.0
leadtime_shock_50,near_critical,182,8258510338.338838,16386.0,0.32983702034376955,16360.0,33448.4417653881,26.58841959434306,1.0
leadtime_shock_50,near_critical,183,8254871777.857389,16383.0,0.33019358931490644,16366.0,33408.519183347744,24.83578484791641,1.0
leadtime_shock_50,near_critical,184,8246379317.577918,16384.0,0.33129001009839554,16360.0,33308.90617696613,24.681678191684675,1.0
leadtime_shock_50,near_critical,185,8258074388.444288,16384.0,0.33061962897794894,16363.0,33357.84404492504,27.036252680641958,1.0
leadtime_shock_50,near_critical,186,8256557098.654655,16387.0,0.3317311279859706,16364.0,33397.38564777676,24.41216312534606,1.0
leadtime_shock_50,near_critical,187,8215541450.10601,16386.0,0.3331195773576632,16364.0,33236.42624891056,23.889292018541692,1.0
leadtime_shock_50,near_critical,188,8245387422.904199,16384.0,0.3313614753919222,16363.0,33328.673060190755,25.051515228209183,1.0
leadtime_shock_50,near_critical,189,8260935015.606287,16382.0,0.3300090643317585,16361.0,33418.90343944725,25.60848071126617,1.0
leadtime_shock_50,near_critical,190,8234270563.051684,16385.0,0.3315099224380152,16362.0,33305.8661074295,25.711761335792435,1.0
leadtime_shock_50,near_critical,191,8255662582.708874,16381.0,0.3305606511360544,16360.0,33407.644526018266,25.531278203113867,1.0
leadtime_shock_50,near_critical,192,8215981193.221248,16386.0,0.33216093944652975,16365.0,33263.33216050976,25.28466995155085,1.0
leadtime_shock_50,near_critical,193,8262545852.232299,16387.0,0.33032149680252926,16363.0,33447.05655414388,25.287511548010198,1.0
leadtime_shock_50,near_critical,194,8279325456.741644,16386.0,0.32940880833200115,16365.0,33516.079006451146,25.166885634569585,1.0
leadtime_shock_50,near_critical,195,8328574530.911415,16386.0,0.3275257270863403,16365.0,33662.77761392085,26.279167209652993,1.0
leadtime_shock_50,near_critical,196,8248199232.477249,16388.0,0.3319335029662804,16362.0,33352.612595361956,25.408086723146813,1.0
leadtime_shock_50,near_critical,197,8271802925.91173,16382.0,0.3291707185035131,16362.0,33476.872324177544,25.73872603828972,1.0
leadtime_shock_50,near_critical,198,8255558201.566175,16388.0,0.331568224725295,16364.0,33338.90773899444,25.937192379434983,1.0
leadtime_shock_50,near_critical,199,8260918252.454092,16381.0,0.3309406115713176,16361.0,33372.407754402724,25.99245847504067,1.0
leadtime_shock_50,near_critical,200,8257535194.781443,16380.0,0.3307970499012468,16359.0,33383.605096410014,25.135097704555896,2.0
leadtime_shock_50,near_critical,201,8249437472.890645,16380.0,0.3311033354574758,16363.0,33406.83330425723,25.63424123932843,1.0
leadtime_shock_50,near_critical,202,8261986345.1115,16383.0,0.3301733304495354,16367.0,33422.703788157014,25.45109147078144,1.0
leadtime_shock_50,near_critical,203,8247468820.575724,16384.0,0.32986373391089724,16360.0,33406.17130214806,24.621704149696242,1.0
leadtime_shock_50,near_critical,204,8237304775.894525,16380.0,0.33233570171111126,16362.0,33339.667805209196,25.052098992225783,2.0
leadtime_shock_50,near_critical,205,8280234106.508822,16382.0,0.3293994748330719,16362.0,33472.90797543186,24.954755974200516,1.0
leadtime_shock_50,near_critical,206,8242984317.079346,16384.0,0.3310057170338757,16366.0,33347.743640130015,24.781387054785135,1.0
leadtime_shock_50,near_critical,207,8262243139.064862,16383.0,0.32899911039139357,16360.0,33414.354928968205,25.731544092885645,1.0
leadtime_shock_50,near_critical,208,8271535471.875484,16382.0,0.3311201477653858,16362.0,33420.77484566578,25.237717399006918,2.0
leadtime_shock_50,near_critical,209,8243030564.546349,16380.0,0.33109135967154035,16363.0,33337.42314817388,25.32498406665274,1.0
leadtime_shock_50,near_critical,210,8268648069.873004,16381.0,0.3307144385860321,16363.0,33431.50620037513,25.61451968311544,1.0
leadtime_shock_50,near_critical,211,8235839326.079462,16383.0,0.3309635354920183,16364.0,33313.099699157785,25.22739734978297,1.0
leadtime_shock_50,near_critical,212,8270849331.791179,16382.0,0.3300205207084205,16365.0,33477.84789147503,25.7710350205727,1.0
leadtime_shock_50,near_critical,213,8271003412.685645,16384.0,0.32902651487898477,16367.0,33451.08402600189,26.618888373412148,1.0
leadtime_shock_50,near_critical,214,8258782593.12368,16382.0,0.33023754610861716,16361.0,33408.66903140092,24.63094846732069,1.0
leadtime_shock_50,near_critical,215,8253087442.989842,16385.0,0.3307069729584217,16362.0,33390.51760555327,25.567093126417536,1.0
leadtime_shock_50,near_critical,216,8261288037.339033,16383.0,0.3308520813954263,16360.0,33420.48189030058,25.81936325661769,1.0
leadtime_shock_50,near_critical,217,8278893436.573437,16384.0,0.3310234450535079,16359.0,33436.66721608956,25.90672177225886,1.0
leadtime_shock_50,near_critical,218,8268768030.289148,16384.0,0.3300327187448985,16364.0,33499.62507323258,25.40716676601062,1.0
leadtime_shock_50,near_critical,219,8261580126.456714,16388.0,0.3294449244284576,16363.0,33447.79132218731,25.958187418594015,1.0
leadtime_shock_50,near_critical,220,8256713396.11407,16384.0,0.33025112856999034,16362.0,33386.01995198274,24.995331544407488,1.0
leadtime_shock_50,near_critical,221,8268693963.404873,16385.0,0.330371543524608,16365.0,33396.792925320085,25.298468909977725,1.0
leadtime_shock_50,near_critical,222,8271960570.785342,16384.0,0.330583688195852,16366.0,33426.4791587302,25.434317221569337,1.0
leadtime_shock_50,near_critical,223,8275714171.653301,16385.0,0.33002052308848134,16362.0,33487.689652386594,24.967898484174768,1.0
leadtime_shock_50,near_critical,224,8239202248.441751,16383.0,0.331404398410609,16361.0,33288.61597714926,26.042468052170054,1.0
leadtime_shock_50,near_critical,225,8264611111.682073,16384.0,0.32974916244914343,16359.0,33450.73811839835,25.715363008434366,1.0
leadtime_shock_50,near_critical,226,8264840831.77426,16383.0,0.3316423167813494,16363.0,33408.88726562798,25.37853869550109,1.0
leadtime_shock_50,near_critical,227,8281465215.325352,16386.0,0.3292737640372503,16360.0,33478.85882521151,26.185382266180028,1.0
leadtime_shock_50,near_critical,228,8263590260.73535,16386.0,0.3302050712857515,16361.0,33384.44835216884,25.589127317146396,1.0
leadtime_shock_50,near_critical,229,8270651703.874114,16384.0,0.32832417331541225,16359.0,33516.87446522846,25.463243575263697,1.0
leadtime_shock_50,near_critical,230,8251621638.544174,16385.0,0.3313866015115892,16363.0,33387.689576996396,25.396763449639177,1.0
leadtime_shock_50,near_critical,231,8256261884.155575,16383.0,0.3304946288680124,16362.0,33402.110240069436,25.68386826424362,1.0
leadtime_shock_50,near_critical,232,8256606800.5741,16385.0,0.3303548599736289,16365.0,33400.47835135695,25.68494746118673,1.0
leadtime_shock_50,near_critical,233,8232229255.683818,16386.0,0.3311578293927701,16365.0,33341.670056408584,26.27908177499585,1.0
leadtime_shock_50,near_critical,234,8265820084.764169,16384.0,0.3325238051889131,16363.0,33362.9459057203,25.038929658019597,1.0
leadtime_shock_50,near_critical,235,8268459771.4588585,16387.0,0.33104046744605503,16360.0,33415.9991163882,26.546776279525215,1.0
leadtime_shock_50,near_critical,236,8270495405.932259,16383.0,0.32959205173133144,16363.0,33441.94908031988,25.486308708394294,1.0
leadtime_shock_50,near_critical,237,8242725321.406058,16388.0,0.3301984321975994,16366.0,33375.33411401505,25.715156127903008,1.0
leadtime_shock_50,near_critical,238,8237750948.810561,16383.0,0.3304789250918424,16359.0,33353.31143067114,25.038979033288083,1.0
leadtime_shock_50,near_critical,239,8260539374.258681,16386.0,0.3312993659244065,16364.0,33349.26976368642,24.792451532121298,1.0
leadtime_shock_50,near_critical,240,8266969240.067709,16383.0,0.3303913427502761,16363.0,33454.853842774326,26.351580560722233,1.0
leadtime_shock_50,near_critical,241,8240646727.477317,16381.0,0.3324119318799845,16364.0,33326.28327358396,25.348220058352105,1.0
leadtime_shock_50,near_critical,242,8256032350.314962,16383.0,0.3294576566609962,16361.0,33417.37142963654,25.592122462243726,1.0
leadtime_shock_50,near_critical,243,8263285520.752546,16382.0,0.3300343287364661,16365.0,33417.05753845416,25.044341206424853,1.0
leadtime_shock_50,near_critical,244,8239031201.29605,16385.0,0.3321804943698035,16362.0,33330.61425508394,25.412613053957873,1.0
leadtime_shock_50,near_critical,245,8246432504.297423,16385.0,0.3320989228500709,16361.0,33316.02393688815,24.92795215130832,1.0
leadtime_shock_50,near_critical,246,8236971013.22299,16384.0,0.3318978014469514,16362.0,33277.09766304048,25.616475844449905,1.0
leadtime_shock_50,near_critical,247,8259755888.619771,16383.0,0.3300922049203521,16364.0,33402.83809744472,25.394947259987674,1.0
leadtime_shock_50,near_critical,248,8264474289.434061,16388.0,0.33156213879204927,16362.0,33380.858027817754,26.115374472913803,1.0
leadtime_shock_50,near_critical,249,8256447630.528162,16382.0,0.3296180815196479,16364.0,33446.824892224024,26.04878756607578,1.0
crisis_failures_2x,no_intervention,0,7854164759.897031,16393.0,0.3603662487512535,16368.0,31854.27020551329,38.26507096106181,1.0
crisis_failures_2x,no_intervention,1,7869751576.617441,16392.0,0.36132072246895963,16371.0,31883.524403085616,37.47050049459184,1.0
crisis_failures_2x,no_intervention,2,7880311797.335341,16393.0,0.36109686564173693,16370.0,31891.75908772033,37.80530871617155,1.0
crisis_failures_2x,no_intervention,3,7849398138.644147,16392.0,0.3603669743790434,16366.0,31881.433641210602,37.076361654555456,1.0
crisis_failures_2x,no_intervention,4,7881694835.697069,16385.0,0.3588295180918896,16364.0,32001.184796802936,38.85626184439849,1.0
crisis_failures_2x,no_intervention,5,7875230705.664097,16389.0,0.3596855261071749,16362.0,31955.071192823314,38.781944868230525,1.0
crisis_failures_2x,no_intervention,6,7857823740.107638,16392.0,0.3604777394893405,16372.0,31887.82171743145,38.27975162601894,1.0
crisis_failures_2x,no_intervention,7,7852019462.408655,16392.0,0.3617836148724611,16369.0,31814.88359825606,38.02191489166024,1.0
crisis_failures_2x,no_intervention,8,7849535116.155403,16387.0,0.36171206470009953,16363.0,31870.830432766834,36.9082718502414,1.0
crisis_failures_2x,no_intervention,9,7858951362.8501425,16390.0,0.35948517547755404,16362.0,31903.618497599648,37.80477014490189,1.0
crisis_failures_2x,no_intervention,10,7881789129.528306,16390.0,0.3605406499306937,16368.0,31948.00623070336,37.56943288887748,1.0
crisis_failures_2x,no_intervention,11,7863962210.457834,16394.0,0.35911728052998604,16367.0,31946.35158193513,38.919657720712685,1.0
crisis_failures_2x,no_intervention,12,7884228368.400544,16385.0,0.35972402772948237,16368.0,32024.279650812947,38.97155624112019,1.0
crisis_failures_2x,no_intervention,13,7842359512.293361,16392.0,0.36189818800956697,16364.0,31798.495875159173,36.62313614310979,1.0
crisis_failures_2x,no_intervention,14,7875112300.332639,16395.0,0.3597094507845387,16361.0,31934.80417348915,38.345004689869455,1.0
crisis_failures_2x,no_intervention,15,7849968683.978362,16395.0,0.36197390864703716,16366.0,31825.64169203572,37.56078107244302,1.0
crisis_failures_2x,no_intervention,16,7860838580.020529,16382.0,0.36052595199922394,16366.0,31886.578501628246,37.99980998370367,1.0
crisis_failures_2x,no_intervention,17,7872809325.03441,16388.0,0.36055493385357057,16366.0,31922.2214338617,38.25846604059265,1.0
crisis_failures_2x,no_intervention,18,7854392007.846064,16387.0,0.36018728765572966,16364.0,31893.537235803255,37.9913799601475,1.0
crisis_failures_2x,no_intervention,19,7862647005.001966,16390.0,0.360967156990299,16373.0,31886.42359442747,37.99619318604,1.0
crisis_failures_2x,no_intervention,20,7881000154.165426,16391.0,0.3591996415951582,16363.0,31993.337962198053,38.576815134722295,1.0
crisis_failures_2x,no_intervention,21,7886522442.481026,16390.0,0.35844671985284626,16363.0,32032.37230533989,38.461746202182084,1.0
crisis_failures_2x,no_intervention,22,7861207716.125656,16390.0,0.3610045226032372,16370.0,31920.39040188292,39.93982338811558,1.0
crisis_failures_2x,no_intervention,23,7857686038.435038,16391.0,0.36123191725746556,16365.0,31875.525533435204,38.17788638219923,1.0
crisis_failures_2x,no_intervention,24,7845380409.852402,16394.0,0.3627479957128308,16362.0,31811.480814913717,38.2715614196053,1.0
crisis_failures_2x,no_intervention,25,7892641046.606916,16388.0,0.3601021797162485,16369.0,31966.40662698064,37.27833267358285,1.0
crisis_failures_2x,no_intervention,26,7875466912.609519,16389.0,0.35825947507673744,16363.0,31944.40060493001,38.922244067636015,1.0
crisis_failures_2x,no_intervention,27,7875702214.685977,16392.0,0.3609268815025773,16369.0,31910.05835323944,38.2004843697642,1.0
crisis_failures_2x,no_intervention,28,7877593413.003487,16388.0,0.36052686150214125,16364.0,31937.594561641796,36.58140776173256,1.0
crisis_failures_2x,no_intervention,29,7896660909.837211,16394.0,0.35860813646545714,16366.0,32039.02892170209,38.706306767827535,1.0
crisis_failures_2x,no_intervention,30,7871614989.935226,16391.0,0.36075422482406794,16369.0,31907.89970828845,39.22012009290568,1.0
crisis_failures_2x,no_intervention,31,7868621387.907429,16391.0,0.3602351635048268,16365.0,31926.88437423909,38.42106683656211,1.0
crisis_failures_2x,no_intervention,32,7845638529.969588,16389.0,0.36203455837161574,16364.0,31809.363773318473,37.44828283754549,1.0
crisis_failures_2x,no_intervention,33,7880674097.0984535,16389.0,0.35712148556528484,16361.0,32020.042756082887,39.27821352949591,1.0
crisis_failures_2x,no_intervention,34,7841781658.078072,16385.0,0.3608854934642694,16363.0,31789.07786734297,38.113210593813186,1.0
crisis_failures_2x,no_intervention,35,7912909910.701463,16389.0,0.35917189657993065,16364.0,32121.483909164825,38.558574696103406,1.0
crisis_failures_2x,no_intervention,36,7817060567.130135,16392.0,0.3627904140836972,16370.0,31756.11407588333,37.90344833913194,1.0
crisis_failures_2x,no_intervention,37,7893182109.832596,16386.0,0.3588830810194393,16366.0,31997.51765847376,37.9937420778271,1.0
crisis_failures_2x,no_intervention,38,7859159521.755138,16392.0,0.3613330316750632,16375.0,31872.087265693135,36.73344280440722,1.0
crisis_failures_2x,no_intervention,39,7865135747.618373,16387.0,0.36014540339634477,16366.0,31967.170095135294,38.21504575977236,1.0
crisis_failures_2x,no_intervention,40,7861224744.575449,16392.0,0.35951285429723895,16369.0,31922.982038492206,37.24272760494846,1.0
crisis_failures_2x,no_intervention,41,7866956716.755391,16390.0,0.3611784535400804,16365.0,31848.848582795516,37.55432378744655,1.0
crisis_failures_2x,no_intervention,42,7887321867.69139,16391.0,0.35828947949612583,16372.0,32040.623029859777,40.01929297493919,1.0
crisis_failures_2x,no_intervention,43,7880414709.527083,16391.0,0.3596786711588194,16368.0,31989.05541241378,38.275430694447934,1.0
crisis_failures_2x,no_intervention,44,7869764872.335396,16395.0,0.36031156242596046,16369.0,32001.958803245147,39.86828148355572,1.0
crisis_failures_2x,no_intervention,45,7855581204.026355,16393.0,0.3619726994689145,16370.0,31862.926661316345,37.06452827068674,1.0
crisis_failures_2x,no_intervention,46,7867270781.5406275,16390.0,0.3597815092992688,16366.0,31926.686825126533,38.75274418557717,1.0
crisis_failures_2x,no_intervention,47,7860206048.99304,16389.0,0.3603406147645673,16369.0,31911.044634584014,36.27000970957045,1.0
crisis_failures_2x,no_intervention,48,7866813107.486624,16389.0,0.3613523771956706,16365.0,31893.359396762662,38.41059724999642,1.0
crisis_failures_2x,no_intervention,49,7839257038.4581,16390.0,0.36142587573568785,16367.0,31833.35974944738,38.732548702719,1.0
crisis_failures_2x,no_intervention,50,7850881375.874817,16385.0,0.3627687021467907,16365.0,31833.87869458256,36.778380947794005,1.0
crisis_failures_2x,no_intervention,51,7900018278.791762,16390.0,0.3582188111897899,16364.0,32035.494063658894,38.70939204483111,1.0
crisis_failures_2x,no_intervention,52,7874196048.995112,16390.0,0.3585048570088306,16367.0,31965.081421913696,38.6702430266784,1.0
crisis_failures_2x,no_intervention,53,7852027398.78639,16392.0,0.3615990555472034,16365.0,31770.752771660762,38.403310838462524,1.0
crisis_failures_2x,no_intervention,54,7850906292.497007,16388.0,0.3603037697289845,16360.0,31882.76699013269,39.250470184951666,1.0
crisis_failures_2x,no_intervention,55,7852770592.163368,16386.0,0.3603673975024507,16360.0,31893.91719459247,37.51603000598713,1.0
crisis_failures_2x,no_intervention,56,7871782707.082845,16389.0,0.35796623728180293,16365.0,31987.605115108134,38.772004449807135,1.0
crisis_failures_2x,no_intervention,57,7856623030.273657,16388.0,0.3594122925530951,16365.0,31940.81760893043,39.261229777827594,1.0
crisis_failures_2x,no_intervention,58,7907527473.2562685,16390.0,0.35765872728124964,16371.0,32089.46927674416,38.76201815387612,1.0
crisis_failures_2x,no_intervention,59,7839584829.086187,16389.0,0.3615548453146514,16367.0,31770.266136401613,37.58605821999212,1.0
crisis_failures_2x,no_intervention,60,7904621690.679569,16393.0,0.3579465958351962,16372.0,32067.82345463947,38.60726313135979,1.0
crisis_failures_2x,no_intervention,61,7890196835.78706,16387.0,0.3594488231038703,16367.0,31972.255456999224,37.61139501790747,1.0
crisis_failures_2x,no_intervention,62,7857458527.285867,16392.0,0.36115238693990265,16367.0,31925.15881944268,37.84164271047044,1.0
crisis_failures_2x,no_intervention,63,7849875209.876284,16387.0,0.3599250193842226,16364.0,31896.239605444895,39.16999386494216,1.0
crisis_failures_2x,no_intervention,64,7896365317.532912,16387.0,0.35852026159488304,16370.0,32039.921201184312,38.29407360671466,1.0
crisis_failures_2x,no_intervention,65,7861305070.892915,16387.0,0.36086206461263404,16360.0,31932.82537972784,36.761075025957965,1.0
crisis_failures_2x,no_intervention,66,7859697561.552693,16388.0,0.36165855003797515,16370.0,31864.225008808153,38.49972929287753,1.0
crisis_failures_2x,no_intervention,67,7848554640.236953,16387.0,0.36054372810593577,16370.0,31823.26676029247,37.990863684893256,1.0
crisis_failures_2x,no_intervention,68,7872968411.618374,16390.0,0.3610826844261899,16364.0,31879.252015635324,38.76876984064596,1.0
crisis_failures_2x,no_intervention,69,7874286795.825658,16395.0,0.36017697721443104,16367.0,31923.585631927654,37.979778353537085,1.0
crisis_failures_2x,no_intervention,70,7861747380.358693,16392.0,0.3600426881967164,16366.0,31886.301881456937,37.35192928609508,1.0
crisis_failures_2x,no_intervention,71,7859427074.125549,16393.0,0.3603284216638168,16366.0,31885.869131974247,38.549306003134674,1.0
crisis_failures_2x,no_intervention,72,7890822828.53465,16385.0,0.3591837390588684,16368.0,32019.321136861512,37.152049583878025,1.0
crisis_failures_2x,no_intervention,73,7869012389.864698,16389.0,0.35914877554508895,16370.0,31967.756571652833,37.51170752481265,1.0
crisis_failures_2x,no_intervention,74,7891457139.806255,16395.0,0.3594081402719962,16366.0,31991.791688132027,37.747368106700506,1.0
crisis_failures_2x,no_intervention,75,7866854372.42843,16385.0,0.3602344108048349,16362.0,31927.545180447003,39.02823394405299,1.0
crisis_failures_2x,no_intervention,76,7890160305.374851,16392.0,0.358501892596885,16369.0,31979.809033794783,38.008932124356576,1.0
crisis_failures_2x,no_intervention,77,7857074773.369395,16395.0,0.3602646166503158,16374.0,31809.178525822652,38.186233311539496,1.0
crisis_failures_2x,no_intervention,78,7879379184.251741,16388.0,0.3598158960649103,16365.0,31985.32807295055,38.70683307733075,1.0
crisis_failures_2x,no_intervention,79,7899203936.664537,16393.0,0.3593197044724389,16371.0,32053.838288557115,38.332697031570454,1.0
crisis_failures_2x,no_intervention,80,7848982896.368675,16386.0,0.3610587233082578,16358.0,31807.988006375534,38.18119001924933,1.0
crisis_failures_2x,no_intervention,81,7874331880.496093,16385.0,0.3597917714812086,16362.0,31956.49912046343,37.764129443468526,1.0
crisis_failures_2x,no_intervention,82,7885858739.720712,16392.0,0.3584676052348113,16373.0,32014.124956136035,38.77216461139367,1.0
crisis_failures_2x,no_intervention,83,7902349349.071672,16386.0,0.3594050849283892,16364.0,32042.085031557883,37.840210523528995,1.0
crisis_failures_2x,no_intervention,84,7863439379.06865,16394.0,0.36026756547728833,16364.0,31938.300596494988,37.91747665424108,1.0
crisis_failures_2x,no_intervention,85,7876626559.24365,16390.0,0.3585019138969187,16365.0,32021.42933412873,37.989069786463546,1.0
crisis_failures_2x,no_intervention,86,7915240033.991227,16391.0,0.35667011000714705,16365.0,32088.069309889222,38.50097514241986,1.0
crisis_failures_2x,no_intervention,87,7885909768.136022,16391.0,0.35867845610059,16363.0,31964.339090211986,37.85092313264909,1.0
crisis_failures_2x,no_intervention,88,7853755241.281091,16392.0,0.3597630458576599,16364.0,31896.335990962547,38.252132978249364,1.0
crisis_failures_2x,no_intervention,89,7840038912.172282,16394.0,0.36161168901025276,16362.0,31756.17974317441,38.075389174564044,1.0
crisis_failures_2x,no_intervention,90,7881113087.258859,16389.0,0.3590341874817513,16364.0,31915.15879777558,39.069326654975384,1.0
crisis_failures_2x,no_intervention,91,7881368341.924708,16393.0,0.360837859470452,16372.0,31902.92620611244,37.890794211041666,1.0
crisis_failures_2x,no_intervention,92,7882039569.91921,16393.0,0.359134151473659,16367.0,31955.73437871376,37.42846962759825,1.0
crisis_failures_2x,no_intervention,93,7861020727.659393,16387.0,0.36000449842601967,16369.0,31928.273420105244,38.32909703857813,1.0
crisis_failures_2x,no_intervention,94,7855553691.134419,16389.0,0.35971506763381766,16360.0,31909.612838089717,38.84099165678371,1.0
crisis_failures_2x,no_intervention,95,7857465372.49143,16386.0,0.35974683106283933,16364.0,31851.623213039096,38.613949212461975,1.0
crisis_failures_2x,no_intervention,96,7858598536.099783,16391.0,0.3604938916358278,16371.0,31909.945174478387,37.05974306724258,1.0
crisis_failures_2x,no_intervention,97,7858599283.960701,16394.0,0.3611487246201552,16362.0,31879.618526109047,37.32113764349377,1.0
crisis_failures_2x,no_intervention,98,7856908948.704315,16390.0,0.36039872197162975,16368.0,31888.83192172052,38.35692082853913,1.0
crisis_failures_2x,no_intervention,99,7848813322.105141,16389.0,0.3628152736182421,16368.0,31801.003188650542,37.00209639064365,1.0
crisis_failures_2x,no_intervention,100,7886590746.935247,16392.0,0.35871305542316123,16359.0,31987.56941792504,37.84212488319658,1.0
crisis_failures_2x,no_intervention,101,7869636515.598532,16389.0,0.3611586859983412,16369.0,31937.23068089356,38.131554269740064,1.0
crisis_failures_2x,no_intervention,102,7840094701.477483,16389.0,0.36186253162976123,16362.0,31791.969036911803,36.79190744081455,1.0
crisis_failures_2x,no_intervention,103,7874847400.023646,16389.0,0.359287430027307,16367.0,31944.563935829447,39.243233410780554,1.0
crisis_failures_2x,no_intervention,104,7866066741.302966,16390.0,0.3605138471656726,16369.0,31903.86999133279,37.62597496221887,1.0
crisis_failures_2x,no_intervention,105,7876656410.431841,16393.0,0.3598342145524403,16364.0,31946.992586475986,38.61253006721298,1.0
crisis_failures_2x,no_intervention,106,7903992264.664041,16393.0,0.35888784355387815,16362.0,32071.480565461883,38.031953060522575,1.0
crisis_failures_2x,no_intervention,107,7857843437.180359,16389.0,0.36112840850064193,16370.0,31875.86201476926,37.40761513714548,1.0
crisis_failures_2x,no_intervention,108,7878178786.146422,16393.0,0.3602008343365483,16370.0,31939.67648060271,38.20573959925183,1.0
crisis_failures_2x,no_intervention,109,7865115909.998581,16389.0,0.36059063129789815,16365.0,31929.71602085425,38.194829825412164,1.0
crisis_failures_2x,no_intervention,110,7858130476.230781,16388.0,0.3608950409180254,16369.0,31862.35553916721,39.30491186041058,1.0
crisis_failures_2x,no_intervention,111,7853255307.988673,16391.0,0.3615217080822073,16366.0,31775.601222557052,37.81829755223194,1.0
crisis_failures_2x,no_intervention,112,7854009955.804336,16384.0,0.3611285130609019,16361.0,31858.036722400368,35.93034787572024,1.0
crisis_failures_2x,no_intervention,113,7880238791.861455,16391.0,0.3599662291979243,16372.0,31973.36487290546,37.349150743844945,1.0
crisis_failures_2x,no_intervention,114,7838316928.799903,16390.0,0.36160984361619763,16365.0,31792.823280971777,38.15209752121135,1.0
crisis_failures_2x,no_intervention,115,7896475015.679121,16390.0,0.358364068425082,16365.0,32015.75726182105,38.14728180045465,1.0
crisis_failures_2x,no_intervention,116,7842410346.608727,16387.0,0.36048683798066167,16364.0,31834.735606651055,37.92070428496002,1.0
crisis_failures_2x,no_intervention,117,7845384882.029877,16393.0,0.3617979279849338,16371.0,31857.697672802897,37.587361410925546,1.0
crisis_failures_2x,no_intervention,118,7850128300.165547,16387.0,0.36076176666129306,16363.0,31878.33637857563,37.126373406442944,1.0
crisis_failures_2x,no_intervention,119,7888049846.682448,16392.0,0.35744510182747724,16361.0,31998.02255924641,38.981291368566616,1.0
crisis_failures_2x,no_intervention,120,7902374484.5852785,16393.0,0.3579230491746272,16369.0,32022.762897925484,39.10821465080172,1.0
crisis_failures_2x,no_intervention,121,7880322883.59253,16387.0,0.36058765281491995,16356.0,31981.89725744561,37.466187178833366,1.0
crisis_failures_2x,no_intervention,122,7897569214.908393,16388.0,0.3591458674426198,16356.0,32015.64686687674,37.993316797008575,1.0
crisis_failures_2x,no_intervention,123,7873656341.445411,16387.0,0.3597590309507405,16365.0,31958.456547957583,37.82589669879665,1.0
crisis_failures_2x,no_intervention,124,7916157940.26177,16394.0,0.35813720025995427,16365.0,32087.293843734442,38.55492830455603,1.0
crisis_failures_2x,no_intervention,125,7868619365.407065,16391.0,0.35987339985080513,16368.0,31978.863784831618,38.05726965576399,1.0
crisis_failures_2x,no_intervention,126,7858339684.166517,16386.0,0.36162631367345877,16366.0,31842.77933616383,37.9513597426714,1.0
crisis_failures_2x,no_intervention,127,7860678809.515976,16390.0,0.35979129158611417,16370.0,31924.483814201183,38.50880896475032,1.0
crisis_failures_2x,no_intervention,128,7858678417.2372,16390.0,0.3600150841474585,16358.0,31902.5583969506,38.36450473033512,1.0
crisis_failures_2x,no_intervention,129,7863426345.517139,16392.0,0.3607877521615835,16367.0,31902.75572946854,39.345209734972585,1.0
crisis_failures_2x,no_intervention,130,7879234185.593414,16390.0,0.3587390585973746,16363.0,31991.55038877892,39.92714302612002,1.0
crisis_failures_2x,no_intervention,131,7846516967.737161,16389.0,0.3611225928626156,16366.0,31882.26611509609,38.436031474575216,1.0
crisis_failures_2x,no_intervention,132,7873278835.929854,16387.0,0.3611754736117678,16369.0,31925.988601325433,37.31035848458842,1.0
crisis_failures_2x,no_intervention,133,7890814162.580557,16388.0,0.36068741533989446,16369.0,31983.52480488957,38.434250329178646,1.0
crisis_failures_2x,no_intervention,134,7836941793.596222,16388.0,0.36224179169641835,16368.0,31813.447273881127,38.72389638353203,1.0
crisis_failures_2x,no_intervention,135,7862001677.070315,16394.0,0.35948123049463626,16369.0,31903.787579216172,38.68473054062539,1.0
crisis_failures_2x,no_intervention,136,7891329053.3496,16389.0,0.35913501022655986,16363.0,31961.53286380789,38.73029077501724,1.0
crisis_failures_2x,no_intervention,137,7832059173.22949,16393.0,0.36122874057934484,16371.0,31828.032511816964,37.4061244644218,1.0
crisis_failures_2x,no_intervention,138,7856101673.309237,16393.0,0.36101576081579795,16366.0,31870.371365341718,37.7670557415258,1.0
crisis_failures_2x,no_intervention,139,7873170887.377888,16389.0,0.3585031671151875,16372.0,31940.268907087357,38.39136464980775,1.0
crisis_failures_2x,no_intervention,140,7896235880.45028,16391.0,0.3602648337035626,16368.0,32039.235538702065,37.791757139366794,1.0
crisis_failures_2x,no_intervention,141,7860160283.778581,16387.0,0.3598332410536461,16365.0,31921.551597399783,38.77022019519326,1.0
crisis_failures_2x,no_intervention,142,7904184731.326576,16386.0,0.3565423705227586,16372.0,32050.208784159084,39.35517245471088,1.0
crisis_failures_2x,no_intervention,143,7846012455.600652,16389.0,0.3626705098929034,16370.0,31767.90757598873,37.036543521677686,1.0
crisis_failures_2x,no_intervention,144,7855847104.541455,16390.0,0.3609564828670439,16370.0,31886.824993571016,38.08664385225394,1.0
crisis_failures_2x,no_intervention,145,7897722468.137947,16384.0,0.3602660188759286,16366.0,32047.55715898321,39.30748416503753,1.0
crisis_failures_2x,no_intervention,146,7865353671.775795,16394.0,0.36059016730400684,16369.0,31917.30202545498,37.318642669089634,1.0
crisis_failures_2x,no_intervention,147,7850666947.90732,16387.0,0.35984865738730926,16359.0,31886.89611429754,38.770891093054715,1.0
crisis_failures_2x,no_intervention,148,7843761233.588492,16383.0,0.36186143878813815,16363.0,31792.1219883273,38.77339621226042,1.0
crisis_failures_2x,no_intervention,149,7875013604.427397,16387.0,0.359657024603564,16366.0,32004.615773891113,36.79009383897857,1.0
crisis_failures_2x,no_intervention,150,7892321127.359366,16386.0,0.3589715214598002,16368.0,31995.832591370614,38.922256711307995,1.0
crisis_failures_2x,no_intervention,151,7881885641.996253,16389.0,0.3606604507921853,16368.0,31959.72083245485,38.33671320260632,1.0
crisis_failures_2x,no_intervention,152,7839525603.029681,16387.0,0.3609738860115991,16359.0,31847.129791197633,38.20260538122647,1.0
crisis_failures_2x,no_intervention,153,7857601177.588905,16392.0,0.3611931263773547,16371.0,31888.04533595087,38.25072222628526,1.0
crisis_failures_2x,no_intervention,154,7899290595.401326,16388.0,0.35948284638106986,16367.0,32043.536037094684,38.45647300681244,1.0
crisis_failures_2x,no_intervention,155,7890375304.435396,16392.0,0.3598478311988168,16364.0,31958.03669911642,38.22628211166077,1.0
crisis_failures_2x,no_intervention,156,7859742437.998449,16390.0,0.3607774503232365,16367.0,31874.94545640979,37.31186522198403,1.0
crisis_failures_2x,no_intervention,157,7858214706.586647,16388.0,0.36034173270561465,16371.0,31927.057891861547,38.36328394117258,1.0
crisis_failures_2x,no_intervention,158,7881415109.137838,16394.0,0.359746231410089,16370.0,31964.87699282132,38.049157211712526,1.0
crisis_failures_2x,no_intervention,159,7839909366.419895,16390.0,0.36227136300855584,16362.0,31806.401855684147,37.33007390380336,1.0
crisis_failures_2x,no_intervention,160,7860813378.784327,16388.0,0.35894379542340776,16367.0,31930.72030856175,39.42977014278094,1.0
crisis_failures_2x,no_intervention,161,7893610108.319856,16388.0,0.3582680451365679,16358.0,32075.28594648077,38.573543368026016,1.0
crisis_failures_2x,no_intervention,162,7853448124.349341,16389.0,0.3604222270824555,16368.0,31883.508427881137,38.430572173093715,1.0
crisis_failures_2x,no_intervention,163,7860973161.081928,16391.0,0.36033964747998704,16369.0,31907.132936348098,38.73654275168654,1.0
crisis_failures_2x,no_intervention,164,7877293426.364266,16394.0,0.359926212667306,16366.0,31924.508316464508,38.93090510452525,1.0
crisis_failures_2x,no_intervention,165,7906654100.192181,16393.0,0.3599586247374194,16367.0,32002.73703039418,37.730298553653014,1.0
crisis_failures_2x,no_intervention,166,7875572213.218282,16391.0,0.3610731181068312,16364.0,31940.413430755943,37.44905744150007,1.0
crisis_failures_2x,no_intervention,167,7870603123.685002,16388.0,0.3606103031917621,16361.0,31938.239849653608,38.10773423480645,1.0
crisis_failures_2x,no_intervention,168,7875546840.108281,16386.0,0.3589518528127763,16362.0,31949.904508524305,39.04410792125557,1.0
crisis_failures_2x,no_intervention,169,7895073888.756628,16399.0,0.3581672327947904,16372.0,31988.402844682005,40.41367031284466,1.0
crisis_failures_2x,no_intervention,170,7890718538.577632,16388.0,0.3576478610810295,16366.0,32047.470913718214,39.037946610706726,1.0
crisis_failures_2x,no_intervention,171,7870273567.9051895,16395.0,0.3591332640985653,16367.0,31993.435201314798,38.00697134198082,1.0
crisis_failures_2x,no_intervention,172,7884325316.018682,16394.0,0.35911624953028426,16365.0,31977.79360852972,38.562019197074214,1.0
crisis_failures_2x,no_intervention,173,7839579630.943284,16390.0,0.3630495060570509,16372.0,31768.19985817071,37.977081395914645,1.0
crisis_failures_2x,no_intervention,174,7881243419.809482,16388.0,0.359509900584788,16368.0,31989.255090025617,38.03879684856387,1.0
crisis_failures_2x,no_intervention,175,7883985307.095617,16392.0,0.35953813632973053,16371.0,32020.288415691433,38.36664073877664,1.0
crisis_failures_2x,no_intervention,176,7878780963.229693,16388.0,0.36124741182541753,16365.0,31930.165848058616,37.6169140288075,1.0
crisis_failures_2x,no_intervention,177,7885996925.519477,16392.0,0.35849828593844046,16366.0,32002.338423031295,38.50971774394959,1.0
crisis_failures_2x,no_intervention,178,7855106385.121658,16389.0,0.36127717316966396,16365.0,31887.450179360443,37.85960648137206,1.0
crisis_failures_2x,no_intervention,179,7883106585.586511,16390.0,0.35865555229417506,16373.0,31962.694076313364,38.280216279071645,1.0
crisis_failures_2x,no_intervention,180,7890788982.208876,16390.0,0.3578416755352767,16363.0,32020.297818185165,38.7995595016395,1.0
crisis_failures_2x,no_intervention,181,7889101352.045522,16393.0,0.3596124558499529,16362.0,32020.451136642077,38.492698971073736,1.0
crisis_failures_2x,no_intervention,182,7890156491.312393,16390.0,0.3590900021854091,16370.0,32044.05698987937,39.540768262514234,1.0
crisis_failures_2x,no_intervention,183,7885372583.660819,16389.0,0.3594997652192722,16360.0,31998.996443099946,37.228087199813565,1.0
crisis_failures_2x,no_intervention,184,7862262712.760682,16389.0,0.3599433432145733,16369.0,31940.23597931621,38.98210622481184,1.0
crisis_failures_2x,no_intervention,185,7861238149.173085,16390.0,0.3613382557748065,16366.0,31871.876623220163,37.698493871074724,1.0
crisis_failures_2x,no_intervention,186,7869019577.151499,16387.0,0.36068800575575494,16362.0,31864.791494907793,36.67071626956182,1.0
crisis_failures_2x,no_intervention,187,7872346648.073829,16388.0,0.36104274983144724,16374.0,31914.781159972692,37.950324013986005,1.0
crisis_failures_2x,no_intervention,188,7891821995.562819,16389.0,0.3576844400930221,16362.0,32042.825356450576,38.56683919096368,1.0
crisis_failures_2x,no_intervention,189,7842431578.346454,16390.0,0.3589859757753753,16371.0,31903.082264893586,38.02890425919802,1.0
crisis_failures_2x,no_intervention,190,7880398289.3005905,16391.0,0.3596555061574811,16366.0,31976.083974321915,38.761424273374686,1.0
crisis_failures_2x,no_intervention,191,7868652014.533782,16389.0,0.3618309666703807,16355.0,31798.867331261794,37.68897686786132,1.0
crisis_failures_2x,no_intervention,192,7886082965.232379,16392.0,0.35815436492569225,16369.0,32051.075090319377,39.54070795194416,1.0
crisis_failures_2x,no_intervention,193,7914924765.641778,16384.0,0.358262910186508,16364.0,32095.147566283973,38.02125538814182,1.0
crisis_failures_2x,no_intervention,194,7858730565.313674,16391.0,0.36024344925505025,16364.0,31912.633496876544,38.04180517523229,1.0
crisis_failures_2x,no_intervention,195,7847885711.730654,16386.0,0.36161219594520466,16362.0,31830.994694529338,37.044370914790065,1.0
crisis_failures_2x,no_intervention,196,7858579359.073914,16395.0,0.3605132597134234,16365.0,31845.659954154522,38.93098435228657,1.0
crisis_failures_2x,no_intervention,197,7921154056.710215,16388.0,0.35814459960864076,16365.0,32087.85144272815,38.18247488916519,1.0
crisis_failures_2x,no_intervention,198,7856690302.285547,16385.0,0.3612071539868412,16357.0,31859.764720965322,37.16575361189371,1.0
crisis_failures_2x,no_intervention,199,7897433660.105605,16390.0,0.3587893192361076,16366.0,32011.224261711388,38.97458901948484,1.0
crisis_failures_2x,no_intervention,200,7909552878.335849,16395.0,0.35820379512696654,16365.0,32082.44151086122,38.48345701724461,1.0
crisis_failures_2x,no_intervention,201,7875225074.840766,16387.0,0.35965488509524374,16362.0,31928.82789605684,38.128468739742374,1.0
crisis_failures_2x,no_intervention,202,7868107471.261376,16390.0,0.3604658416831962,16369.0,31899.534479806258,38.079083124712405,1.0
crisis_failures_2x,no_intervention,203,7864466929.502365,16392.0,0.36093689817418784,16361.0,31879.870922491988,36.9652906614041,1.0
crisis_failures_2x,no_intervention,204,7887852427.120977,16390.0,0.36094035814078185,16369.0,31925.086686142422,37.945548671504355,1.0
crisis_failures_2x,no_intervention,205,7875342828.287234,16385.0,0.36121374707610243,16366.0,31949.611735314607,37.705056687332466,1.0
crisis_failures_2x,no_intervention,206,7843616726.553371,16388.0,0.3617948781219816,16369.0,31838.95065169862,37.048170533459974,1.0
crisis_failures_2x,no_intervention,207,7872472980.618599,16386.0,0.3608683141594938,16364.0,31936.917927533876,39.22494533067713,1.0
crisis_failures_2x,no_intervention,208,7873725555.475321,16391.0,0.35798810299032485,16373.0,32005.6814086546,40.20310293491364,1.0
crisis_failures_2x,no_intervention,209,7879202667.908057,16390.0,0.3592978486359879,16371.0,31946.401954173176,39.44720367999269,1.0
crisis_failures_2x,no_intervention,210,7858986246.017335,16390.0,0.36000448150497627,16364.0,31844.325874741426,37.754410918210795,1.0
crisis_failures_2x,no_intervention,211,7878362343.477839,16387.0,0.35911040569016517,16365.0,31983.017896615478,37.88087386764702,1.0
crisis_failures_2x,no_intervention,212,7881492008.798252,16393.0,0.35846232407229633,16367.0,32000.551163342563,38.47689072579934,1.0
crisis_failures_2x,no_intervention,213,7826764254.77017,16390.0,0.36284015128724595,16364.0,31755.229620599108,37.817049290597865,1.0
crisis_failures_2x,no_intervention,214,7860149968.351227,16385.0,0.35990270869340496,16366.0,31911.234982965845,37.84297683527109,1.0
crisis_failures_2x,no_intervention,215,7900219308.500577,16389.0,0.35916404789646894,16367.0,32073.82476423623,38.068161773612594,1.0
crisis_failures_2x,no_intervention,216,7836185794.529724,16384.0,0.36191648434390306,16360.0,31733.805294282964,36.97567134901903,1.0
crisis_failures_2x,no_intervention,217,7894569829.45102,16388.0,0.3570790390129625,16366.0,32064.39728732076,38.92172993470937,1.0
crisis_failures_2x,no_intervention,218,7860820959.130697,16390.0,0.3603304378453433,16367.0,31910.402844103777,37.707224789763714,1.0
crisis_failures_2x,no_intervention,219,7860426616.531516,16392.0,0.3613950072164536,16370.0,31877.86057697814,38.584400122123846,1.0
crisis_failures_2x,no_intervention,220,7863801132.064554,16389.0,0.3604402100307527,16370.0,31848.049431620115,38.12499279498711,1.0
crisis_failures_2x,no_intervention,221,7818757011.110759,16385.0,0.36207665069015876,16359.0,31756.648469168107,36.51688128584368,1.0
crisis_failures_2x,no_intervention,222,7903912020.953938,16394.0,0.358329139486377,16372.0,32057.404623475995,38.588056250509034,1.0
crisis_failures_2x,no_intervention,223,7870414408.713566,16390.0,0.3596473177040146,16365.0,31965.192542804572,36.70094463535381,1.0
crisis_failures_2x,no_intervention,224,7885547938.595076,16394.0,0.3591758085525888,16364.0,31990.905623113158,39.068232620431445,1.0
crisis_failures_2x,no_intervention,225,7832037607.702521,16390.0,0.3608155931455916,16365.0,31838.838793071387,38.363862672239264,1.0
crisis_failures_2x,no_intervention,226,7874384080.894427,16387.0,0.36084842364511716,16362.0,31926.966842954007,37.51294445459243,1.0
crisis_failures_2x,no_intervention,227,7869617974.108693,16391.0,0.35924246244563285,16364.0,31960.803286992457,39.01406471045121,1.0
crisis_failures_2x,no_intervention,228,7931596574.044988,16391.0,0.3579496641280096,16369.0,32172.3422987733,38.184966929422046,1.0
crisis_failures_2x,no_intervention,229,7851041969.69224,16387.0,0.36139122791171174,16365.0,31826.48930741834,37.98578304046799,1.0
crisis_failures_2x,no_intervention,230,7872202434.502148,16390.0,0.3602814899095762,16364.0,31895.216749012518,37.78254191313826,1.0
crisis_failures_2x,no_intervention,231,7886398054.748319,16391.0,0.35943539927511076,16370.0,31972.83597687742,38.18046630422662,1.0
crisis_failures_2x,no_intervention,232,7860887609.067619,16389.0,0.3606674469042753,16365.0,31863.086238317937,38.65000477517724,1.0
crisis_failures_2x,no_intervention,233,7883728660.291048,16388.0,0.35792620012186077,16369.0,32056.5635076372,38.42216195237018,1.0
crisis_failures_2x,no_intervention,234,7892057414.486504,16390.0,0.35771400262817554,16368.0,32017.04922081704,38.34272159834069,1.0
crisis_failures_2x,no_intervention,235,7842602329.966945,16390.0,0.36040477047367914,16370.0,31854.396338506886,37.543592225717575,1.0
crisis_failures_2x,no_intervention,236,7867564582.349558,16392.0,0.3600089882158816,16363.0,31938.40209681719,38.611361863449325,1.0
crisis_failures_2x,no_intervention,237,7866003200.1653385,16390.0,0.3605469379936293,16368.0,31890.521069470575,36.85315111980469,1.0
crisis_failures_2x,no_intervention,238,7901519233.815603,16389.0,0.3583285343022472,16367.0,32048.91374250929,37.760062727390334,1.0
crisis_failures_2x,no_intervention,239,7871639049.760167,16390.0,0.35954952568218396,16368.0,31887.906684124497,37.3438573061928,1.0
crisis_failures_2x,no_intervention,240,7875638280.426616,16385.0,0.35943498669688057,16367.0,31932.567872235337,38.921594003853656,1.0
crisis_failures_2x,no_intervention,241,7913073224.1367,16391.0,0.35717430133256506,16366.0,32136.8241311944,37.39990505050001,1.0
crisis_failures_2x,no_intervention,242,7843915997.126716,16387.0,0.36124883092541754,16361.0,31844.979059306173,38.69838540326632,1.0
crisis_failures_2x,no_intervention,243,7895838247.619355,16390.0,0.3591413253339555,16360.0,32066.761593385356,37.34349897017745,1.0
crisis_failures_2x,no_intervention,244,7861678384.515775,16392.0,0.3614849497586734,16366.0,31858.36210744887,37.75248831250181,1.0
crisis_failures_2x,no_intervention,245,7905824179.995463,16393.0,0.35718528340584615,16361.0,32070.87423773828,37.7974243968985,1.0
crisis_failures_2x,no_intervention,246,7848755566.585533,16392.0,0.3609811428188284,16367.0,31826.39383893503,37.946198999709715,1.0
crisis_failures_2x,no_intervention,247,7876365019.137982,16389.0,0.36040899705013335,16366.0,31980.51179042281,38.6746880281312,1.0
crisis_failures_2x,no_intervention,248,7845513862.274947,16387.0,0.361726655812359,16364.0,31796.75750751981,37.50874317584236,1.0
crisis_failures_2x,no_intervention,249,7847485595.704906,16390.0,0.35933243532731807,16363.0,31915.70194669889,38.63903529624786,1.0
crisis_failures_2x,traditional,0,7608942462.979957,16386.0,0.381693583778671,16357.0,30714.699088876478,39.471702874903144,1.0
crisis_failures_2x,traditional,1,7643075352.4333,16386.0,0.381162426865334,16358.0,30883.1721294046,40.67191769185688,1.0
crisis_failures_2x,traditional,2,7680404923.028388,16386.0,0.3796451419461645,16359.0,30990.340407086373,39.254170564785134,1.0
crisis_failures_2x,traditional,3,7628114644.805852,16388.0,0.3802735879907967,16360.0,30867.31469379894,40.09970879068956,1.0
crisis_failures_2x,traditional,4,7652339297.8457985,16389.0,0.37977572043567276,16359.0,30883.34553056842,39.73264668901104,1.0
crisis_failures_2x,traditional,5,7686086110.10645,16387.0,0.3794087452316174,16362.0,31008.456002330993,40.61961627521745,1.0
crisis_failures_2x,traditional,6,7638806306.03121,16385.0,0.3817679483410283,16366.0,30893.59803456393,39.04413954594935,1.0
crisis_failures_2x,traditional,7,7641028070.422434,16387.0,0.3800045351529527,16360.0,30917.116450873727,41.24187400182943,1.0
crisis_failures_2x,traditional,8,7659335924.607885,16390.0,0.38053154929453414,16361.0,30961.79075041082,40.2613203212349,1.0
crisis_failures_2x,traditional,9,7657385263.737394,16383.0,0.3812706331155011,16359.0,30928.39493937698,41.401949256899044,1.0
crisis_failures_2x,traditional,10,7638697595.443949,16392.0,0.381486413942577,16357.0,30854.516110369263,39.039664357241946,1.0
crisis_failures_2x,traditional,11,7645954514.369582,16383.0,0.37991095435606637,16362.0,30893.961960423203,41.101710082491444,1.0
crisis_failures_2x,traditional,12,7620880616.569607,16384.0,0.38086654569017087,16366.0,30814.888000705825,40.442742849544544,1.0
crisis_failures_2x,traditional,13,7602509857.092828,16386.0,0.38407764059239397,16358.0,30705.680055638542,40.24250072484598,1.0
crisis_failures_2x,traditional,14,7635685276.557706,16387.0,0.38218742426181557,16364.0,30885.225680838867,40.46240371664031,1.0
crisis_failures_2x,traditional,15,7632951482.775077,16390.0,0.3817458689485515,16362.0,30817.349384650817,39.966499210228044,1.0
crisis_failures_2x,traditional,16,7618454520.885297,16388.0,0.3827187858257145,16363.0,30828.150380402392,40.934084228697415,1.0
crisis_failures_2x,traditional,17,7641901240.669596,16384.0,0.3798873634608981,16357.0,30886.463947086573,40.00095938598889,1.0
crisis_failures_2x,traditional,18,7653764004.3583555,16382.0,0.3805056739985713,16360.0,30914.06023515142,40.231488313422204,1.0
crisis_failures_2x,traditional,19,7664230838.73175,16388.0,0.38071794780676393,16357.0,30934.12289900155,40.517130913730064,1.0
crisis_failures_2x,traditional,20,7627876832.381523,16383.0,0.38210686876424305,16350.0,30797.778117808393,39.69395920324439,1.0
crisis_failures_2x,traditional,21,7644980874.552433,16383.0,0.38240891893376766,16358.0,30879.610752219396,39.58602765509065,1.0
crisis_failures_2x,traditional,22,7663934294.048199,16388.0,0.37792310633235693,16360.0,30963.34243354217,41.69085084054635,1.0
crisis_failures_2x,traditional,23,7652994282.698101,16386.0,0.3799504257264731,16360.0,30929.45565824824,40.579676104859224,1.0
crisis_failures_2x,traditional,24,7642638900.467542,16389.0,0.38092053047395436,16363.0,30893.110500771676,40.27546280950839,1.0
crisis_failures_2x,traditional,25,7648957130.390923,16385.0,0.38137008098298,16360.0,30918.961676654213,39.78555316564804,1.0
crisis_failures_2x,traditional,26,7624739762.262541,16388.0,0.38173252493320653,16356.0,30884.313978544236,39.530158706058636,1.0
crisis_failures_2x,traditional,27,7681150055.995584,16384.0,0.37851661118096824,16364.0,31016.68297211891,42.25962938106108,1.0
crisis_failures_2x,traditional,28,7619866091.169259,16388.0,0.3832534363059112,16362.0,30775.406894572938,40.70098592573645,1.0
crisis_failures_2x,traditional,29,7662749361.605234,16386.0,0.3800404526959268,16359.0,30963.623221784143,40.06293587971245,1.0
crisis_failures_2x,traditional,30,7644183485.430558,16387.0,0.3788684078652515,16360.0,30951.236269252,40.13460997343727,1.0
crisis_failures_2x,traditional,31,7596821850.057027,16387.0,0.38301057661288956,16357.0,30710.958044589126,39.88565400073967,1.0
crisis_failures_2x,traditional,32,7662483490.0052,16386.0,0.38086587788510384,16357.0,30944.865592535007,40.420086391862945,1.0
crisis_failures_2x,traditional,33,7641000618.48297,16387.0,0.38222984884882244,16365.0,30802.566478367422,40.809562829085905,1.0
crisis_failures_2x,traditional,34,7637887280.271403,16389.0,0.3817210319047431,16362.0,30875.14971207261,40.21568666252441,1.0
crisis_failures_2x,traditional,35,7667356819.223648,16385.0,0.3806134239886932,16356.0,30961.778985841236,41.08706340168242,1.0
crisis_failures_2x,traditional,36,7660815827.29036,16386.0,0.38030472374861257,16359.0,30921.86045881676,39.44025168904248,1.0
crisis_failures_2x,traditional,37,7635692910.133954,16390.0,0.3810762337844345,16361.0,30928.114742023023,39.86940581807914,1.0
crisis_failures_2x,traditional,38,7636060019.238309,16388.0,0.381916937384344,16361.0,30869.506129797996,40.107502253819064,1.0
crisis_failures_2x,traditional,39,7633407206.454322,16390.0,0.3815017683207813,16363.0,30824.375712348097,39.43224380878496,1.0
crisis_failures_2x,traditional,40,7655020702.135563,16387.0,0.38145005046499864,16362.0,30898.384989610822,39.73879414085108,1.0
crisis_failures_2x,traditional,41,7625224248.101223,16386.0,0.38285214695802605,16356.0,30806.211647725446,40.25482955574081,1.0
crisis_failures_2x,traditional,42,7646336716.282595,16384.0,0.3822179730495026,16361.0,30819.585100917488,38.59517084296075,1.0
crisis_failures_2x,traditional,43,7637108385.247403,16391.0,0.38123369764255616,16357.0,30855.14895511154,41.99222481039705,1.0
crisis_failures_2x,traditional,44,7637127798.833305,16390.0,0.3817878989483618,16366.0,30833.58269150239,39.80063994727591,1.0
crisis_failures_2x,traditional,45,7627975998.379127,16383.0,0.38175586053286714,16354.0,30824.95844913381,40.05977794791425,1.0
crisis_failures_2x,traditional,46,7629875052.828528,16388.0,0.38172120931375936,16359.0,30879.58078401622,39.87602102106562,1.0
crisis_failures_2x,traditional,47,7644402082.382529,16386.0,0.38127288160101125,16357.0,30896.22257804485,40.34175663546338,1.0
crisis_failures_2x,traditional,48,7628868729.906868,16385.0,0.38291949979341877,16357.0,30781.854113597383,39.08257690371345,1.0
crisis_failures_2x,traditional,49,7664931337.748788,16387.0,0.38012347544503094,16365.0,30968.795246346257,40.89275665234257,1.0
crisis_failures_2x,traditional,50,7632065229.578926,16388.0,0.38207114297426814,16359.0,30871.358077919715,40.08011714045117,1.0
crisis_failures_2x,traditional,51,7633072719.097676,16383.0,0.38239595167552815,16354.0,30858.184677538244,40.6783513981018,1.0
crisis_failures_2x,traditional,52,7680074661.801438,16388.0,0.3790590114719342,16364.0,31000.47525918412,40.83180886355724,1.0
crisis_failures_2x,traditional,53,7651703865.674317,16386.0,0.3803037856857439,16357.0,30907.273335462356,40.33028204498826,1.0
crisis_failures_2x,traditional,54,7651761548.168059,16385.0,0.3804713154508307,16356.0,30928.129927224363,40.343453469391356,1.0
crisis_failures_2x,traditional,55,7655076620.573659,16390.0,0.38103911355645803,16362.0,30946.688328031887,41.350441698951386,1.0
crisis_failures_2x,traditional,56,7602990891.0918,16390.0,0.38177626799119146,16362.0,30761.569501082115,38.871888886691266,1.0
crisis_failures_2x,traditional,57,7628683290.747433,16388.0,0.38053237417992986,16362.0,30870.367775341485,40.50288634355834,1.0
crisis_failures_2x,traditional,58,7650355875.549252,16389.0,0.3834688049580028,16362.0,30865.832381911063,40.31320475293064,1.0
crisis_failures_2x,traditional,59,7651773324.8755045,16384.0,0.38178032851420973,16358.0,30909.323139509805,39.985095910151934,1.0
crisis_failures_2x,traditional,60,7631145907.146679,16388.0,0.3826956244945173,16361.0,30838.138309430306,39.92299653657689,1.0
crisis_failures_2x,traditional,61,7625490996.166327,16387.0,0.38103325730291054,16358.0,30864.890406817773,39.895427443464186,1.0
crisis_failures_2x,traditional,62,7652298217.342936,16387.0,0.37997881237653797,16363.0,30912.095352379238,40.73926065763613,1.0
crisis_failures_2x,traditional,63,7626262040.984978,16384.0,0.38192404089243787,16367.0,30829.383938549396,39.62568243937893,1.0
crisis_failures_2x,traditional,64,7637084912.581949,16393.0,0.38109539994288255,16368.0,30907.82495659032,41.47072893196105,1.0
crisis_failures_2x,traditional,65,7632565711.006593,16385.0,0.3851207752085363,16357.0,30736.30689636069,40.022061290542325,1.0
crisis_failures_2x,traditional,66,7617097079.315664,16384.0,0.3823232889694799,16361.0,30781.337029722486,40.48529827074832,1.0
crisis_failures_2x,traditional,67,7642520468.748607,16385.0,0.38187454961326744,16360.0,30865.189383497585,41.08645253681549,1.0
crisis_failures_2x,traditional,68,7687828344.255527,16386.0,0.37859500366023724,16355.0,31026.967791722687,41.784245226190194,1.0
crisis_failures_2x,traditional,69,7628096526.069504,16384.0,0.383121838928067,16357.0,30782.761620440975,40.600919874511405,1.0
crisis_failures_2x,traditional,70,7623544180.611689,16392.0,0.3826428471385471,16367.0,30777.293929798223,39.90615240857277,1.0
crisis_failures_2x,traditional,71,7616086129.483053,16386.0,0.38085213508536714,16360.0,30844.6180277181,40.518711100422735,1.0
crisis_failures_2x,traditional,72,7644538537.431541,16387.0,0.3813911875148231,16364.0,30908.871808874395,40.90683318963218,1.0
crisis_failures_2x,traditional,73,7645809910.183943,16383.0,0.38076012143954285,16358.0,30918.57352067524,41.01956389383699,1.0
crisis_failures_2x,traditional,74,7643850707.186956,16386.0,0.37962226581034764,16361.0,30876.04508381226,41.34433313646064,1.0
crisis_failures_2x,traditional,75,7688631212.732294,16390.0,0.3793405320920721,16362.0,31042.02721351106,40.9250132759638,1.0
crisis_failures_2x,traditional,76,7629975226.03434,16384.0,0.3809402985172514,16357.0,30902.087409757485,40.09997490054986,1.0
crisis_failures_2x,traditional,77,7613050164.428248,16388.0,0.38105874401269346,16361.0,30793.38942514809,40.02363709091475,1.0
crisis_failures_2x,traditional,78,7624292396.378315,16386.0,0.38216191440262126,16363.0,30805.671972832417,39.58287824324816,1.0
crisis_failures_2x,traditional,79,7649788782.70542,16388.0,0.3786130478064435,16359.0,30931.84546776591,40.06229501919568,1.0
crisis_failures_2x,traditional,80,7655983452.547634,16390.0,0.37997142899359804,16363.0,30964.883534285385,40.77137146542061,1.0
crisis_failures_2x,traditional,81,7660811825.7572155,16385.0,0.37983730879533656,16364.0,30956.72735090255,40.04611093453066,1.0
crisis_failures_2x,traditional,82,7647528710.824746,16384.0,0.3806144044081775,16354.0,30886.344516765086,41.08284378726821,1.0
crisis_failures_2x,traditional,83,7635884313.015671,16385.0,0.38247664410730514,16366.0,30833.226855771543,41.10929924735053,1.0
crisis_failures_2x,traditional,84,7595896929.693705,16389.0,0.3833719817053642,16364.0,30776.52679691919,40.08423191424009,1.0
crisis_failures_2x,traditional,85,7665460327.92568,16385.0,0.380067492730178,16356.0,30953.28995644684,40.52261509500779,1.0
crisis_failures_2x,traditional,86,7657267566.755363,16384.0,0.38003538884317606,16360.0,30932.958299301965,41.81099735260934,1.0
crisis_failures_2x,traditional,87,7662786993.922643,16386.0,0.3808256955893151,16364.0,30929.096032290574,40.48321877864169,1.0
crisis_failures_2x,traditional,88,7636808274.195387,16382.0,0.3816614179043893,16356.0,30854.295281559815,40.830764549162915,1.0
crisis_failures_2x,traditional,89,7607273725.403907,16393.0,0.3802817030574459,16363.0,30760.552219449906,39.5767372377246,1.0
crisis_failures_2x,traditional,90,7636799271.48132,16385.0,0.3805517684247157,16364.0,30903.63269486767,41.172085232916274,1.0
crisis_failures_2x,traditional,91,7650671837.1813965,16389.0,0.3811373244363515,16361.0,30890.669427556582,39.64155015299653,1.0
crisis_failures_2x,traditional,92,7628687313.792742,16387.0,0.3799781750773626,16360.0,30896.78005261559,39.59396559040776,1.0
crisis_failures_2x,traditional,93,7663590471.327773,16385.0,0.3803550860202907,16357.0,30960.44393337105,40.54126840448151,1.0
crisis_failures_2x,traditional,94,7648538855.386494,16383.0,0.3820969072346546,16364.0,30883.515169075978,40.51176214879678,1.0
crisis_failures_2x,traditional,95,7672177227.447625,16387.0,0.38091099140504314,16361.0,30966.982959607576,40.549707725585755,1.0
crisis_failures_2x,traditional,96,7639136620.669836,16391.0,0.38084006850069824,16362.0,30852.585362803267,39.850499647984684,1.0
crisis_failures_2x,traditional,97,7614303406.317192,16387.0,0.3820353009737956,16357.0,30832.75425739701,39.861446507803365,1.0
crisis_failures_2x,traditional,98,7659597002.846207,16388.0,0.3813110259485564,16356.0,30893.699866640043,39.48219205798496,1.0
crisis_failures_2x,traditional,99,7647730405.878523,16388.0,0.38193937026592606,16362.0,30830.78612236479,38.81542383294576,1.0
crisis_failures_2x,traditional,100,7660261756.0318575,16385.0,0.3792910851700905,16363.0,30972.138325440446,40.607160251745796,1.0
crisis_failures_2x,traditional,101,7618815275.863249,16388.0,0.3826984829787223,16359.0,30748.97553039877,38.432142699196014,1.0
crisis_failures_2x,traditional,102,7679188437.762022,16390.0,0.37877776660558954,16363.0,31062.95901330922,40.754272301786784,1.0
crisis_failures_2x,traditional,103,7656210416.913387,16388.0,0.37986553078235663,16365.0,30950.5330907313,41.03368757823977,1.0
crisis_failures_2x,traditional,104,7637051786.3839035,16390.0,0.38275376513310577,16358.0,30839.04686892139,40.22841784029488,1.0
crisis_failures_2x,traditional,105,7653597619.515579,16385.0,0.37974587822746253,16358.0,30933.592752834444,40.12007467934592,1.0
crisis_failures_2x,traditional,106,7667155448.581835,16387.0,0.38049369789458487,16365.0,30984.18616618443,41.3544061738575,1.0
crisis_failures_2x,traditional,107,7606122310.701512,16386.0,0.3835791369059954,16360.0,30727.48200685928,39.34382217033549,1.0
crisis_failures_2x,traditional,108,7605108934.637894,16391.0,0.38183252095884174,16367.0,30797.836056439344,38.72661164954909,1.0
crisis_failures_2x,traditional,109,7624702184.251113,16386.0,0.3817857257941679,16364.0,30824.443805284856,40.67377520572917,1.0
crisis_failures_2x,traditional,110,7688514766.822911,16385.0,0.3782425914716776,16362.0,31079.369183314233,41.19882195220125,1.0
crisis_failures_2x,traditional,111,7665569311.925696,16384.0,0.3808585406496726,16355.0,30988.16318727326,40.78444261188908,1.0
crisis_failures_2x,traditional,112,7623531771.260631,16385.0,0.38140631919870766,16361.0,30855.96894825263,40.85926300823092,1.0
crisis_failures_2x,traditional,113,7584461156.001171,16385.0,0.38305949270134215,16363.0,30695.982663453324,40.85574598768286,1.0
crisis_failures_2x,traditional,114,7684991170.509911,16392.0,0.3776805748157357,16369.0,31098.019527645865,41.31307384098152,1.0
crisis_failures_2x,traditional,115,7633881799.045334,16388.0,0.38234081791676033,16366.0,30835.733048419843,39.897702450603894,1.0
crisis_failures_2x,traditional,116,7650987252.843532,16393.0,0.3812778947603919,16368.0,30928.676430035528,39.95403618820129,1.0
crisis_failures_2x,traditional,117,7666525654.267338,16390.0,0.38014073390463554,16365.0,31019.061900917208,41.03960674533883,1.0
crisis_failures_2x,traditional,118,7602819251.032661,16387.0,0.3837129210106811,16355.0,30683.368312486833,38.62747130593159,1.0
crisis_failures_2x,traditional,119,7659714095.981308,16391.0,0.38043216317915807,16368.0,30969.30602023202,40.640667094024835,1.0
crisis_failures_2x,traditional,120,7630513974.533143,16390.0,0.38180921093799114,16365.0,30830.765079289118,41.1008596819387,1.0
crisis_failures_2x,traditional,121,7657158368.417385,16388.0,0.3810197920337218,16355.0,30922.40659673643,40.48546679689423,1.0
crisis_failures_2x,traditional,122,7692569784.48327,16387.0,0.3793174862993671,16359.0,31035.207548431797,38.5479890089113,1.0
crisis_failures_2x,traditional,123,7601000668.692968,16389.0,0.3833992072786898,16359.0,30697.803407099665,39.649644794067626,1.0
crisis_failures_2x,traditional,124,7675207974.513026,16386.0,0.37935465097492455,16350.0,30947.128291135905,41.078347149632464,1.0
crisis_failures_2x,traditional,125,7597563741.5885935,16387.0,0.3842587806655606,16360.0,30703.11726258364,39.104142659830536,1.0
crisis_failures_2x,traditional,126,7658211337.082448,16384.0,0.380453987844978,16358.0,30931.51089102161,39.94648634614444,1.0
crisis_failures_2x,traditional,127,7634748814.138877,16386.0,0.3817928036402688,16353.0,30820.14297734353,39.02024629693709,1.0
crisis_failures_2x,traditional,128,7661922821.242,16387.0,0.3793751959141377,16359.0,30969.01681521138,41.39285621336257,1.0
crisis_failures_2x,traditional,129,7655736479.474949,16388.0,0.38011332006640974,16361.0,30946.28546549189,39.78020840703218,1.0
crisis_failures_2x,traditional,130,7670629925.614614,16393.0,0.378476360115549,16364.0,30974.566837470476,41.00031383452557,1.0
crisis_failures_2x,traditional,131,7616775351.927657,16388.0,0.3817113250358465,16362.0,30810.524465160404,40.2841992743877,1.0
crisis_failures_2x,traditional,132,7658761328.0097885,16391.0,0.3814143881192638,16361.0,30928.00951272138,40.75434574835958,1.0
crisis_failures_2x,traditional,133,7623767543.707638,16385.0,0.3823999850029639,16355.0,30803.8372072481,39.16932365296847,1.0
crisis_failures_2x,traditional,134,7633939321.160974,16389.0,0.38117572342353334,16352.0,30790.06429548695,39.657213927856596,1.0
crisis_failures_2x,traditional,135,7601920207.7417,16387.0,0.38329070122859604,16364.0,30742.02226860821,39.55135745286058,1.0
crisis_failures_2x,traditional,136,7652980377.143377,16387.0,0.3786046576699448,16360.0,30967.036864434278,40.05212486251671,1.0
crisis_failures_2x,traditional,137,7635257587.710109,16384.0,0.3810888092973206,16352.0,30877.83125296668,39.544993098829615,1.0
crisis_failures_2x,traditional,138,7591371627.794408,16386.0,0.38430115800421877,16359.0,30702.486007635864,39.22121774821627,1.0
crisis_failures_2x,traditional,139,7646852010.843385,16386.0,0.38089022063099753,16361.0,30897.989408900958,41.0845317220927,1.0
crisis_failures_2x,traditional,140,7602928998.689569,16383.0,0.38321467598216413,16359.0,30754.55981388071,39.730251667521216,1.0
crisis_failures_2x,traditional,141,7677246024.417796,16391.0,0.37752641269085757,16362.0,31080.625650798516,41.41748107932588,1.0
crisis_failures_2x,traditional,142,7631295179.563992,16388.0,0.38221440545388435,16361.0,30855.787515911823,40.35859668674789,1.0
crisis_failures_2x,traditional,143,7658482697.172484,16390.0,0.38075955355139346,16366.0,30958.57427871568,40.6825167324268,1.0
crisis_failures_2x,traditional,144,7629871383.4011965,16390.0,0.3833037309872398,16359.0,30769.083004855955,39.60947637310439,1.0
crisis_failures_2x,traditional,145,7635276724.726137,16388.0,0.3830136573693792,16365.0,30836.75576433206,39.8043228229082,1.0
crisis_failures_2x,traditional,146,7663418517.239241,16390.0,0.38057905358630234,16361.0,31002.173380809698,39.813492903604555,1.0
crisis_failures_2x,traditional,147,7638151115.181063,16389.0,0.38161295791083005,16358.0,30841.862247773675,40.600171697189225,1.0
crisis_failures_2x,traditional,148,7668017128.117867,16386.0,0.3793484529524003,16359.0,30993.139738667047,40.89387121856732,1.0
crisis_failures_2x,traditional,149,7663299500.392131,16386.0,0.3784865450607921,16359.0,31002.952660006522,40.992540713027765,1.0
crisis_failures_2x,traditional,150,7674582926.639342,16385.0,0.3778238712667145,16366.0,31057.93166211125,40.79591603768479,1.0
crisis_failures_2x,traditional,151,7636893838.130727,16391.0,0.3809546345223031,16366.0,30850.51134767257,39.07605986590932,1.0
crisis_failures_2x,traditional,152,7649760093.826316,16386.0,0.37971661104181703,16355.0,30921.507211340497,41.27593715096402,1.0
crisis_failures_2x,traditional,153,7650899547.733606,16392.0,0.3806957488210922,16359.0,30958.52051015129,39.45517170414177,1.0
crisis_failures_2x,traditional,154,7664907813.332609,16388.0,0.3809260131211583,16367.0,30989.236822478364,38.89942393765569,1.0
crisis_failures_2x,traditional,155,7596734336.251095,16386.0,0.3828625997855268,16359.0,30765.681965374162,40.44985036129175,1.0
crisis_failures_2x,traditional,156,7625527590.029059,16383.0,0.38122990590865713,16358.0,30823.770481686108,40.75593637217194,1.0
crisis_failures_2x,traditional,157,7675754709.373656,16386.0,0.37947698417935216,16361.0,31057.883415409608,39.80561692042114,1.0
crisis_failures_2x,traditional,158,7619515773.636506,16386.0,0.38133340922527686,16362.0,30832.16469058852,40.13299654248419,1.0
crisis_failures_2x,traditional,159,7687985711.618671,16387.0,0.3786313527677705,16362.0,31081.4499560165,41.26675188636903,1.0
crisis_failures_2x,traditional,160,7664784821.395402,16391.0,0.38163847462007766,16365.0,30881.836574460744,40.461245707670535,1.0
crisis_failures_2x,traditional,161,7672937522.562932,16395.0,0.38075550899276456,16369.0,30976.834767468245,39.52487629369959,1.0
crisis_failures_2x,traditional,162,7633277210.105908,16387.0,0.38036244660152535,16361.0,30921.017398798216,39.90708407761733,1.0
crisis_failures_2x,traditional,163,7622483403.520855,16387.0,0.38299841221514336,16363.0,30756.782342271013,39.175154231581104,1.0
crisis_failures_2x,traditional,164,7652771758.224775,16383.0,0.3807004943538637,16352.0,30877.034752911248,40.67522348479017,1.0
crisis_failures_2x,traditional,165,7632825272.210109,16390.0,0.38120425230696675,16362.0,30829.292812479132,40.794895076803435,1.0
crisis_failures_2x,traditional,166,7648349643.821741,16386.0,0.3808809259654575,16357.0,30890.26635704047,39.855335138647554,1.0
crisis_failures_2x,traditional,167,7679317640.813976,16385.0,0.3797575276901702,16362.0,30955.119731801948,41.19719799082175,1.0
crisis_failures_2x,traditional,168,7628746553.041518,16382.0,0.3812107492179227,16355.0,30798.6920370105,40.02310935533336,1.0
crisis_failures_2x,traditional,169,7617985919.037496,16387.0,0.38259342278485464,16350.0,30807.3991502272,41.81334177249235,1.0
crisis_failures_2x,traditional,170,7626415258.213344,16388.0,0.38174135146652266,16361.0,30829.021928846265,39.5568898849841,1.0
crisis_failures_2x,traditional,171,7608315639.471376,16387.0,0.38223818004144766,16358.0,30799.862381490235,39.14404266533239,1.0
crisis_failures_2x,traditional,172,7649354114.726637,16387.0,0.38027861164573024,16364.0,30919.27186205673,41.089494632455995,1.0
crisis_failures_2x,traditional,173,7644677828.423285,16386.0,0.3804035357538373,16364.0,30917.039508362574,40.57489582778075,1.0
crisis_failures_2x,traditional,174,7635297620.563801,16384.0,0.38145891829376743,16361.0,30851.946264705675,42.0300920279109,1.0
crisis_failures_2x,traditional,175,7655717402.687507,16393.0,0.3810696112914481,16363.0,30911.30235643161,39.67744909821599,1.0
crisis_failures_2x,traditional,176,7660524172.029901,16385.0,0.3807987229629242,16356.0,30934.274572543494,40.11126957459115,1.0
crisis_failures_2x,traditional,177,7668584345.902909,16385.0,0.38025076934337865,16361.0,30971.25835417204,41.063858555776,1.0
crisis_failures_2x,traditional,178,7640983470.628481,16389.0,0.3816065935308658,16365.0,30855.53995156057,39.42220182017564,1.0
crisis_failures_2x,traditional,179,7620180615.018154,16383.0,0.38251234072439033,16353.0,30779.072583302703,38.9138983626437,1.0
crisis_failures_2x,traditional,180,7658959734.466436,16390.0,0.3806327183302588,16362.0,30969.32641110771,41.560186268490625,1.0
crisis_failures_2x,traditional,181,7633736538.036003,16388.0,0.3815983327868207,16365.0,30816.10316763889,39.26824130921702,1.0
crisis_failures_2x,traditional,182,7623815385.456507,16385.0,0.38147034425584436,16362.0,30848.626133463575,40.13114837132297,1.0
crisis_failures_2x,traditional,183,7656007682.793243,16387.0,0.380002738656734,16355.0,30969.854240108518,40.30403915519402,1.0
crisis_failures_2x,traditional,184,7662717996.798372,16384.0,0.3796237239161251,16362.0,30935.4257271234,39.40526703578705,1.0
crisis_failures_2x,traditional,185,7662953490.320959,16392.0,0.3803649305360091,16362.0,30954.547810043023,40.07240030949509,1.0
crisis_failures_2x,traditional,186,7649757982.560439,16390.0,0.38063790119931656,16364.0,30854.66503869871,41.11092564161748,1.0
crisis_failures_2x,traditional,187,7627106301.171269,16390.0,0.3835540979106008,16364.0,30728.587369214092,39.95027137211803,1.0
crisis_failures_2x,traditional,188,7653966734.547346,16389.0,0.37875579181656277,16365.0,30985.025557222154,41.140538852388886,1.0
crisis_failures_2x,traditional,189,7671152948.276568,16386.0,0.3797904855607436,16363.0,30989.321657146706,39.96113311755222,1.0
crisis_failures_2x,traditional,190,7634325154.570481,16387.0,0.38054558485671836,16358.0,30877.153832069598,40.49910910240527,1.0
crisis_failures_2x,traditional,191,7630648037.897769,16389.0,0.38221887264085536,16362.0,30786.922588379413,39.57798523087081,1.0
crisis_failures_2x,traditional,192,7632149037.420783,16390.0,0.3819228008620807,16355.0,30828.500789200232,40.354333188158925,1.0
crisis_failures_2x,traditional,193,7677669445.996389,16385.0,0.3792611202417294,16359.0,31017.807760825992,41.222404653691605,1.0
crisis_failures_2x,traditional,194,7637652500.985118,16390.0,0.38221924473141233,16367.0,30840.9536189784,40.32563765829515,1.0
crisis_failures_2x,traditional,195,7652849200.106885,16388.0,0.38036370418245574,16363.0,30938.941682429697,39.78304225988613,1.0
crisis_failures_2x,traditional,196,7665020704.608841,16387.0,0.3796607146196622,16361.0,30979.75113835146,41.36960549796663,1.0
crisis_failures_2x,traditional,197,7627556733.335686,16387.0,0.38103925410405104,16349.0,30795.179154522233,41.08854261282171,1.0
crisis_failures_2x,traditional,198,7629865019.252579,16389.0,0.38172617666376696,16361.0,30825.224587353645,41.86814144254887,1.0
crisis_failures_2x,traditional,199,7596627558.695748,16387.0,0.38412173726870047,16357.0,30660.8616559758,39.356001862190745,1.0
crisis_failures_2x,traditional,200,7625759416.657136,16384.0,0.38265242310698533,16360.0,30782.916719965186,40.7578924701673,1.0
crisis_failures_2x,traditional,201,7610755056.841531,16383.0,0.3817277439233239,16355.0,30762.177104060942,40.83485163314072,1.0
crisis_failures_2x,traditional,202,7614487547.078196,16384.0,0.3820516273438338,16358.0,30700.301152924465,40.58272012292921,1.0
crisis_failures_2x,traditional,203,7619134917.010328,16385.0,0.38083462029933535,16362.0,30771.223833710974,40.53049792184766,1.0
crisis_failures_2x,traditional,204,7635539562.193158,16392.0,0.3809315739518682,16366.0,30850.83953313311,41.1325196131981,1.0
crisis_failures_2x,traditional,205,7640005927.366098,16385.0,0.3806783517809321,16358.0,30891.41996100295,40.19903553683135,1.0
crisis_failures_2x,traditional,206,7644085156.895831,16383.0,0.38143517749686356,16359.0,30824.141884639655,40.97192720207549,1.0
crisis_failures_2x,traditional,207,7635796681.525369,16386.0,0.38133003233442747,16360.0,30809.166231769836,39.57718485258706,1.0
crisis_failures_2x,traditional,208,7665909818.525353,16389.0,0.3793057150814901,16360.0,31023.215300226348,41.127232529506095,1.0
crisis_failures_2x,traditional,209,7617636304.02877,16384.0,0.38236413395477964,16351.0,30770.589128726453,40.05460886746341,1.0
crisis_failures_2x,traditional,210,7643056812.179106,16388.0,0.3807843353384014,16360.0,30884.389789885285,40.92459110975454,1.0
crisis_failures_2x,traditional,211,7667495476.433863,16385.0,0.37952790295777106,16360.0,30977.23895412527,40.89070195022242,1.0
crisis_failures_2x,traditional,212,7643318143.6981125,16385.0,0.37950600526254047,16359.0,30890.68720462098,40.864982609598684,1.0
crisis_failures_2x,traditional,213,7648885117.551508,16386.0,0.3811787939562702,16364.0,30932.91206844262,41.4299495768138,1.0
crisis_failures_2x,traditional,214,7648858961.8570595,16387.0,0.37913747169564344,16362.0,30937.18493942189,41.27328372907851,1.0
crisis_failures_2x,traditional,215,7635683922.565825,16388.0,0.3809478907605834,16356.0,30888.707561012026,41.21341462247131,1.0
crisis_failures_2x,traditional,216,7610089822.651808,16388.0,0.38409832088193363,16368.0,30747.041299578526,38.9093032947236,1.0
crisis_failures_2x,traditional,217,7656375674.392299,16387.0,0.3802577147465539,16361.0,30962.144016331433,41.75142162932669,1.0
crisis_failures_2x,traditional,218,7630903047.2177,16382.0,0.3817144447968669,16357.0,30797.72269091018,40.73619414895888,1.0
crisis_failures_2x,traditional,219,7677007708.104012,16389.0,0.380211496083696,16371.0,31016.592506180146,42.20457088603058,1.0
crisis_failures_2x,traditional,220,7637312485.371912,16387.0,0.38141307288988235,16362.0,30851.824591886256,39.37337224526401,1.0
crisis_failures_2x,traditional,221,7627114695.001308,16388.0,0.3818654331583016,16362.0,30800.81160484353,38.409758737261164,1.0
crisis_failures_2x,traditional,222,7646181066.067277,16387.0,0.3817051129224589,16360.0,30911.44205206542,41.28633487347761,1.0
crisis_failures_2x,traditional,223,7653883133.446847,16387.0,0.38131504781830466,16362.0,30886.049598245838,39.617602479257826,1.0
crisis_failures_2x,traditional,224,7622333459.721203,16388.0,0.38234664480659336,16361.0,30839.6351117652,39.93159300373918,1.0
crisis_failures_2x,traditional,225,7635301942.373185,16385.0,0.3829568681748008,16360.0,30784.429499100635,39.985995974271454,1.0
crisis_failures_2x,traditional,226,7661315982.049955,16389.0,0.37984856431234376,16364.0,30955.735539611916,40.52965852419671,1.0
crisis_failures_2x,traditional,227,7651142610.315325,16384.0,0.3807319310803961,16359.0,30920.02034321203,41.0751237075479,1.0
crisis_failures_2x,traditional,228,7641862124.883998,16387.0,0.3815591621537575,16365.0,30856.781029735324,39.32793057334726,1.0
crisis_failures_2x,traditional,229,7654653854.072964,16390.0,0.3807533407751444,16365.0,30869.477548776107,41.070867788713905,1.0
crisis_failures_2x,traditional,230,7605777970.192187,16385.0,0.3834946585798894,16359.0,30745.744610487207,40.581209628076124,1.0
crisis_failures_2x,traditional,231,7634150479.632772,16385.0,0.3809488844688785,16357.0,30852.042167624142,39.72794096252439,1.0
crisis_failures_2x,traditional,232,7665275332.488919,16384.0,0.3801491261382596,16357.0,31010.19722797425,39.55133879811795,1.0
crisis_failures_2x,traditional,233,7630129925.329842,16386.0,0.38086545030301566,16354.0,30856.46921460167,40.50359341339982,1.0
crisis_failures_2x,traditional,234,7618588380.199512,16384.0,0.382092775750895,16358.0,30802.618087408835,40.3191098065495,1.0
crisis_failures_2x,traditional,235,7668370598.252987,16389.0,0.37878510148486566,16365.0,31010.300300725266,41.93139808555085,1.0
crisis_failures_2x,traditional,236,7658132267.189865,16385.0,0.3794875481930684,16357.0,30937.356541728925,40.92759801698424,1.0
crisis_failures_2x,traditional,237,7678486614.728501,16389.0,0.38031823184917457,16355.0,31019.35555798279,39.379136552502935,1.0
crisis_failures_2x,traditional,238,7657851547.395849,16384.0,0.379988156128899,16359.0,30932.13665815645,40.317301300421114,1.0
crisis_failures_2x,traditional,239,7624956022.106716,16385.0,0.38252387812840655,16367.0,30880.58144317208,39.481316686040486,1.0
crisis_failures_2x,traditional,240,7662380088.369902,16390.0,0.3792524199020822,16364.0,30990.76739867354,41.298326194592775,1.0
crisis_failures_2x,traditional,241,7616507118.019159,16387.0,0.3838546792149025,16357.0,30774.35727130825,39.83637087238862,1.0
crisis_failures_2x,traditional,242,7635156599.200665,16388.0,0.3810651018512909,16363.0,30891.84862083017,39.77745038606215,1.0
crisis_failures_2x,traditional,243,7633496104.513458,16390.0,0.3806224194577225,16352.0,30809.75721590733,38.949881452287684,1.0
crisis_failures_2x,traditional,244,7642701309.785998,16388.0,0.38145822574456045,16362.0,30862.735589052063,40.445933340215134,1.0
crisis_failures_2x,traditional,245,7627866160.182933,16389.0,0.3815310393695388,16364.0,30826.40314841895,39.88347380083631,1.0
crisis_failures_2x,traditional,246,7647974752.715176,16384.0,0.3815184119199061,16362.0,30901.1395154041,40.71245429277025,1.0
crisis_failures_2x,traditional,247,7672721729.761752,16383.0,0.37954611350219275,16361.0,31017.276626951643,40.05565256905153,1.0
crisis_failures_2x,traditional,248,7658656282.826883,16385.0,0.3814824630364059,16364.0,30942.46765512132,41.29702331670978,1.0
crisis_failures_2x,traditional,249,7648595898.874236,16387.0,0.3814131940843216,16358.0,30922.30808056085,41.184801138948885,1.0
crisis_failures_2x,near_critical,0,7641280583.992789,16388.0,0.38124681650590286,16360.0,30843.48000126573,39.76343281234478,1.0
crisis_failures_2x,near_critical,1,7599615252.297101,16386.0,0.3829936657346391,16356.0,30734.120282149164,38.79561075752132,1.0
crisis_failures_2x,near_critical,2,7689485299.360717,16384.0,0.3787749924924126,16357.0,31086.22851508065,40.35254964825052,1.0
crisis_failures_2x,near_critical,3,7580283330.543877,16382.0,0.38470019629583424,16359.0,30650.48273792557,38.38324948700768,1.0
crisis_failures_2x,near_critical,4,7622497932.229391,16393.0,0.38120004189706,16362.0,30834.831269990314,41.15412320420683,1.0
crisis_failures_2x,near_critical,5,7641398281.608946,16386.0,0.3814575553715119,16361.0,30861.562948648378,40.457095486287336,1.0
crisis_failures_2x,near_critical,6,7637597505.399333,16381.0,0.3821487905512204,16354.0,30830.28566563873,40.12326278961928,1.0
crisis_failures_2x,near_critical,7,7606151918.195606,16384.0,0.3847532236607438,16357.0,30722.899192349454,38.67393465846779,1.0
crisis_failures_2x,near_critical,8,7627865634.013794,16386.0,0.3822047966774771,16352.0,30827.233917667672,40.37331543658372,1.0
crisis_failures_2x,near_critical,9,7666424209.806597,16390.0,0.38037818403793844,16361.0,30941.654157299956,40.33086914978145,1.0
crisis_failures_2x,near_critical,10,7620127829.234521,16386.0,0.38341154675226624,16358.0,30758.994893833817,40.528574042101745,1.0
crisis_failures_2x,near_critical,11,7672151031.623295,16385.0,0.37985832174897716,16360.0,30994.646191045467,40.52114542603604,1.0
crisis_failures_2x,near_critical,12,7651404289.141945,16387.0,0.38175071037728575,16368.0,30909.149088279864,38.68880088095719,1.0
crisis_failures_2x,near_critical,13,7613100828.323995,16386.0,0.3826633828815997,16362.0,30791.024670812083,41.123965112492726,1.0
crisis_failures_2x,near_critical,14,7637770159.027917,16392.0,0.38158225979085547,16360.0,30833.46080831806,41.189383925882694,1.0
crisis_failures_2x,near_critical,15,7618173012.4028635,16388.0,0.38343029145301716,16354.0,30759.538770609895,39.210001357546744,1.0
crisis_failures_2x,near_critical,16,7634760120.834571,16387.0,0.38236196380230986,16354.0,30827.37745332148,39.35247211640562,1.0
crisis_failures_2x,near_critical,17,7655078569.400552,16382.0,0.3804900038854953,16360.0,30940.598573065647,40.66936320261581,1.0
crisis_failures_2x,near_critical,18,7649853759.185302,16388.0,0.3791467207884013,16360.0,30978.423662498048,40.80487967940718,1.0
crisis_failures_2x,near_critical,19,7656357553.3728075,16382.0,0.3811726920493143,16353.0,30911.70409690985,40.545988102479164,1.0
crisis_failures_2x,near_critical,20,7619651538.981964,16390.0,0.3839825565681134,16360.0,30722.652972809607,39.76201022772415,1.0
crisis_failures_2x,near_critical,21,7637543624.615796,16390.0,0.382370315987352,16359.0,30866.021882402263,40.94263186302542,1.0
crisis_failures_2x,near_critical,22,7613532888.475392,16394.0,0.3813125430042705,16364.0,30783.93671541578,40.54261175061453,1.0
crisis_failures_2x,near_critical,23,7587646633.305385,16387.0,0.38354464014367934,16361.0,30690.747594929857,40.353163946767665,1.0
crisis_failures_2x,near_critical,24,7665266646.361889,16386.0,0.379972401665364,16356.0,30978.255290117304,40.08541818242384,1.0
crisis_failures_2x,near_critical,25,7646421717.456685,16387.0,0.3824695746959471,16358.0,30798.862809592083,38.901062153649534,1.0
crisis_failures_2x,near_critical,26,7646776406.998533,16386.0,0.3797005091012009,16362.0,30909.605995092068,40.87341531904415,1.0
crisis_failures_2x,near_critical,27,7651247505.939759,16386.0,0.3808276382480663,16364.0,30957.037743067875,40.81739013380478,1.0
crisis_failures_2x,near_critical,28,7617046477.187691,16388.0,0.382956714792924,16359.0,30773.657501325662,39.68596735965902,1.0
crisis_failures_2x,near_critical,29,7615999977.472724,16385.0,0.3838569796184213,16359.0,30786.77617142225,38.34625732657368,1.0
crisis_failures_2x,near_critical,30,7638796079.455204,16390.0,0.3814277505663377,16365.0,30889.480541480352,39.80685205201434,1.0
crisis_failures_2x,near_critical,31,7612401398.913611,16384.0,0.38212025213239775,16357.0,30781.08613748122,39.538090351774336,1.0
crisis_failures_2x,near_critical,32,7636489515.198782,16384.0,0.3815737268353708,16358.0,30897.18217541007,40.35563704868984,1.0
crisis_failures_2x,near_critical,33,7626053920.222173,16383.0,0.381906535274304,16360.0,30778.999187069978,41.30768084865697,1.0
crisis_failures_2x,near_critical,34,7651798346.090237,16386.0,0.38064449216358814,16363.0,30966.63929486717,40.4547626670337,1.0
crisis_failures_2x,near_critical,35,7644726364.30086,16385.0,0.3808684177838241,16351.0,30873.707719467857,39.22706930792695,1.0
crisis_failures_2x,near_critical,36,7570130083.060179,16383.0,0.3850063270268665,16350.0,30632.126200839055,39.18852289901719,1.0
crisis_failures_2x,near_critical,37,7626917291.661735,16387.0,0.38230593551666897,16355.0,30801.28802993461,39.87408125006602,1.0
crisis_failures_2x,near_critical,38,7632601814.3836,16384.0,0.38203322035548276,16359.0,30855.91329800078,39.904758309432516,1.0
crisis_failures_2x,near_critical,39,7624281929.671173,16385.0,0.38052821177447443,16361.0,30867.478994471352,40.79714151157419,1.0
crisis_failures_2x,near_critical,40,7624394856.231316,16386.0,0.3823655959609684,16358.0,30826.590820848956,39.43261353778116,1.0
crisis_failures_2x,near_critical,41,7627835657.217794,16386.0,0.3813953168034723,16357.0,30833.351363788053,39.618367837624106,1.0
crisis_failures_2x,near_critical,42,7657450628.980847,16388.0,0.380958448188874,16361.0,30898.453070883912,41.03679271372093,1.0
crisis_failures_2x,near_critical,43,7632171713.328718,16385.0,0.3805708303557581,16357.0,30944.487994369265,40.05976525598422,1.0
crisis_failures_2x,near_critical,44,7616487884.486923,16387.0,0.38227568514294463,16354.0,30754.408601361192,40.35354361259284,1.0
crisis_failures_2x,near_critical,45,7618478921.68473,16384.0,0.3828479266206333,16348.0,30772.585929720986,40.31654517060835,1.0
crisis_failures_2x,near_critical,46,7616768905.728769,16387.0,0.3831265798068559,16362.0,30753.307004412436,39.25416383979363,1.0
crisis_failures_2x,near_critical,47,7619798632.57421,16385.0,0.3807747784238422,16363.0,30831.094902385154,41.56161082993242,1.0
crisis_failures_2x,near_critical,48,7650091864.645044,16386.0,0.3819794876711421,16360.0,30854.25148285866,40.09167175719759,1.0
crisis_failures_2x,near_critical,49,7621068859.4756,16389.0,0.3826568162512241,16359.0,30844.145797149587,39.970785473656534,1.0
crisis_failures_2x,near_critical,50,7587372941.989411,16388.0,0.38419160646820677,16364.0,30638.853015273668,39.706251316424805,1.0
crisis_failures_2x,near_critical,51,7633713578.861305,16383.0,0.3817933229259407,16351.0,30868.056796758054,40.0842389191287,1.0
crisis_failures_2x,near_critical,52,7606798053.878221,16385.0,0.38361233316539556,16361.0,30797.98079347053,39.931022824086234,1.0
crisis_failures_2x,near_critical,53,7636213758.327455,16392.0,0.3840122214175303,16357.0,30755.584857524707,41.437641242331594,1.0
crisis_failures_2x,near_critical,54,7641169082.902318,16388.0,0.3814685547237103,16364.0,30914.228592456046,40.50339036527958,1.0
crisis_failures_2x,near_critical,55,7645864578.905891,16388.0,0.38173190987742883,16363.0,30902.81736149528,38.52744433645744,1.0
crisis_failures_2x,near_critical,56,7647561565.269108,16385.0,0.38163151700506465,16355.0,30886.625989706517,40.61886104231762,1.0
crisis_failures_2x,near_critical,57,7611147255.216554,16387.0,0.3829125899247955,16356.0,30754.897302219488,41.23767458424612,1.0
crisis_failures_2x,near_critical,58,7615513644.599147,16385.0,0.3834325949369965,16356.0,30800.362915651956,39.69246918920784,1.0
crisis_failures_2x,near_critical,59,7669958495.130545,16387.0,0.37967881547981686,16361.0,30967.384809212905,40.878158213075295,1.0
crisis_failures_2x,near_critical,60,7661739575.345956,16387.0,0.38132718111237035,16358.0,30957.88626691294,40.145707130709944,1.0
crisis_failures_2x,near_critical,61,7633122949.761791,16386.0,0.38079019306885026,16359.0,30864.661762865555,40.003991335387326,1.0
crisis_failures_2x,near_critical,62,7639938854.449703,16383.0,0.38167840619422017,16359.0,30839.89935917589,40.51600542939969,1.0
crisis_failures_2x,near_critical,63,7643027970.721514,16392.0,0.382260029589733,16365.0,30903.91960635714,40.70248285895562,1.0
crisis_failures_2x,near_critical,64,7620390110.708639,16388.0,0.3828425616533146,16361.0,30805.57908039453,40.14827283107613,1.0
crisis_failures_2x,near_critical,65,7654869432.79859,16388.0,0.38106346347894876,16359.0,30962.745104056346,39.274187858640026,1.0
crisis_failures_2x,near_critical,66,7675796769.250146,16386.0,0.3804295142820743,16364.0,31023.66543191646,39.108738559884024,1.0
crisis_failures_2x,near_critical,67,7634656988.104003,16387.0,0.38114913858311317,16355.0,30852.782931999274,39.875296319663846,1.0
crisis_failures_2x,near_critical,68,7621815088.869832,16387.0,0.3833490385261816,16359.0,30796.62438852212,39.80533367894962,1.0
crisis_failures_2x,near_critical,69,7640351809.557506,16386.0,0.38247066348242237,16361.0,30835.882064760965,39.249810113552066,1.0
crisis_failures_2x,near_critical,70,7609510236.327902,16384.0,0.38314161632858834,16356.0,30748.67874769426,39.99952000397618,1.0
crisis_failures_2x,near_critical,71,7637479759.81602,16387.0,0.38159784078144654,16355.0,30807.703025799474,38.913877019441735,1.0
crisis_failures_2x,near_critical,72,7618710662.389762,16389.0,0.38330654879125875,16362.0,30759.45301199167,40.36024498961316,1.0
crisis_failures_2x,near_critical,73,7623999970.01376,16389.0,0.3824159379207872,16354.0,30851.53521164535,40.169522057694486,1.0
crisis_failures_2x,near_critical,74,7629660956.878469,16385.0,0.38257186405466437,16361.0,30752.989598086762,40.65329500305214,1.0
crisis_failures_2x,near_critical,75,7615399606.513589,16385.0,0.38371342053668855,16358.0,30802.37646694142,40.77152402830899,1.0
crisis_failures_2x,near_critical,76,7645185241.822661,16385.0,0.3814373856221833,16363.0,30886.744397023453,39.71823053156774,1.0
crisis_failures_2x,near_critical,77,7634609537.115249,16381.0,0.3820428619841264,16352.0,30857.99109551342,39.995501714124195,1.0
crisis_failures_2x,near_critical,78,7606884774.011518,16388.0,0.38337208592140565,16359.0,30746.25683721026,40.58307388915184,1.0
crisis_failures_2x,near_critical,79,7604350322.677429,16383.0,0.38305734591554624,16358.0,30735.436899711207,39.848577244416134,1.0
crisis_failures_2x,near_critical,80,7645198250.222602,16384.0,0.3814346491556136,16346.0,30901.828363173383,40.39459858113194,1.0
crisis_failures_2x,near_critical,81,7652774638.805501,16385.0,0.3794022947351003,16353.0,30966.877737301005,40.46833052520036,1.0
crisis_failures_2x,near_critical,82,7592314495.642728,16389.0,0.3821712996053941,16363.0,30688.5762338197,39.57125142626748,1.0
crisis_failures_2x,near_critical,83,7635203443.924429,16386.0,0.38349728614683554,16357.0,30810.66754408899,39.57058923778466,1.0
crisis_failures_2x,near_critical,84,7596043354.769171,16387.0,0.3818405863650915,16349.0,30722.923196803826,40.145145865707065,1.0
crisis_failures_2x,near_critical,85,7602488257.243948,16387.0,0.38485670959783075,16358.0,30697.251298827345,39.010940023763816,1.0
crisis_failures_2x,near_critical,86,7642578913.477194,16386.0,0.38229068296316776,16362.0,30860.72981439918,40.34087838250546,1.0
crisis_failures_2x,near_critical,87,7605695412.484915,16382.0,0.3829676023995149,16356.0,30753.538442351826,40.153914497764674,1.0
crisis_failures_2x,near_critical,88,7648093464.429558,16387.0,0.3825664581699388,16362.0,30903.25794125631,40.51526254544402,1.0
crisis_failures_2x,near_critical,89,7622042583.560825,16382.0,0.38268828072778355,16358.0,30817.769361124978,40.415027792308976,1.0
crisis_failures_2x,near_critical,90,7627085400.632244,16387.0,0.38118554829816276,16357.0,30849.159296131213,41.15311373531195,1.0
crisis_failures_2x,near_critical,91,7629965567.828398,16389.0,0.38057554001607335,16363.0,30867.050885603418,39.36580090960327,1.0
crisis_failures_2x,near_critical,92,7612387614.967919,16383.0,0.3828120273419443,16356.0,30780.911349269034,39.107250431682544,1.0
crisis_failures_2x,near_critical,93,7612497551.846274,16385.0,0.383242194765319,16366.0,30752.064097194256,39.59705030085182,1.0
crisis_failures_2x,near_critical,94,7626241988.7430525,16389.0,0.3814477584082358,16364.0,30857.944610149552,39.11124310692083,1.0
crisis_failures_2x,near_critical,95,7678656177.717559,16384.0,0.3797947239173772,16355.0,30967.3976585609,40.166456476632874,1.0
crisis_failures_2x,near_critical,96,7660913458.382511,16384.0,0.3800218463405765,16360.0,30987.107340389186,40.49230006376166,1.0
crisis_failures_2x,near_critical,97,7639903241.293915,16386.0,0.38065431714824216,16360.0,30939.60662232681,40.252528035923866,1.0
crisis_failures_2x,near_critical,98,7647970500.006954,16390.0,0.38098952505813066,16355.0,30898.377599121835,40.81280202084178,1.0
crisis_failures_2x,near_critical,99,7629952633.260878,16388.0,0.38178328248969046,16355.0,30857.870387520044,40.134490915027826,1.0
crisis_failures_2x,near_critical,100,7638261264.943412,16386.0,0.3803994908184781,16363.0,30895.144280117678,38.88871240262754,1.0
crisis_failures_2x,near_critical,101,7593963783.282644,16383.0,0.38281755939822254,16359.0,30708.121301471034,40.31376046732206,1.0
crisis_failures_2x,near_critical,102,7624758508.868569,16388.0,0.3825224303354846,16361.0,30787.383047190167,39.53023452683379,1.0
crisis_failures_2x,near_critical,103,7615239308.80362,16384.0,0.38146302235967217,16355.0,30859.489764508202,40.73199012001752,1.0
crisis_failures_2x,near_critical,104,7656593175.459441,16390.0,0.3806027794492683,16363.0,30981.080002736366,39.67236842768386,1.0
crisis_failures_2x,near_critical,105,7656996540.627492,16385.0,0.3803972422843637,16358.0,30957.244362634214,40.73210934823043,1.0
crisis_failures_2x,near_critical,106,7612327220.654218,16383.0,0.3829535321303642,16353.0,30737.030285605342,38.94887937022076,1.0
crisis_failures_2x,near_critical,107,7670626428.680078,16386.0,0.3814652131569006,16361.0,30970.550488935554,39.984800941301046,1.0
crisis_failures_2x,near_critical,108,7625844350.294746,16387.0,0.38218801588768797,16357.0,30797.6816707739,39.33695958456838,1.0
crisis_failures_2x,near_critical,109,7671033342.336656,16387.0,0.38034812619451974,16370.0,30971.3647084235,39.58869360985446,1.0
crisis_failures_2x,near_critical,110,7659560402.433657,16389.0,0.37925803540648295,16358.0,31006.528186417647,40.49843413634312,1.0
crisis_failures_2x,near_critical,111,7628424783.893945,16386.0,0.3813763401033696,16361.0,30872.055790940696,39.87241301837379,1.0
crisis_failures_2x,near_critical,112,7591513274.760731,16390.0,0.3845485645230653,16357.0,30670.82761254935,38.741761508926295,1.0
crisis_failures_2x,near_critical,113,7628139299.885913,16390.0,0.382068658961706,16361.0,30834.0652016269,40.84871759679188,1.0
crisis_failures_2x,near_critical,114,7654394057.707907,16384.0,0.38181885128258725,16360.0,30889.914986110423,40.579070315090675,1.0
crisis_failures_2x,near_critical,115,7615804138.831784,16384.0,0.3833482517581925,16351.0,30743.40503462073,40.16184541169569,1.0
crisis_failures_2x,near_critical,116,7670283598.210246,16389.0,0.3799148948154263,16353.0,30985.559632805176,39.20039076398614,1.0
crisis_failures_2x,near_critical,117,7628388480.223048,16386.0,0.38175801075626636,16349.0,30812.47979475065,40.23427457089785,1.0
crisis_failures_2x,near_critical,118,7641389959.510749,16389.0,0.3810490529049562,16359.0,30862.51603570172,40.09978103351275,1.0
crisis_failures_2x,near_critical,119,7598720726.67186,16387.0,0.3849160938908622,16354.0,30695.362511221363,39.09594193133602,1.0
crisis_failures_2x,near_critical,120,7635969440.88364,16386.0,0.3816222404214257,16358.0,30924.10233003915,39.877430310551134,1.0
crisis_failures_2x,near_critical,121,7633002508.21773,16385.0,0.3830169114447933,16357.0,30787.737881625904,40.12643543600041,1.0
crisis_failures_2x,near_critical,122,7703960385.278084,16395.0,0.3789158748072357,16363.0,31094.472422973384,41.917284106712806,1.0
crisis_failures_2x,near_critical,123,7587284820.27579,16385.0,0.3848406921926327,16356.0,30667.984410963254,40.287388974839615,1.0
crisis_failures_2x,near_critical,124,7660712907.891814,16390.0,0.3809732564703824,16367.0,30984.54580965122,40.035843479565706,1.0
crisis_failures_2x,near_critical,125,7666635411.993261,16381.0,0.3812070052652716,16359.0,30947.44456430297,39.68171874370125,1.0
crisis_failures_2x,near_critical,126,7615831036.565162,16388.0,0.382545247999314,16360.0,30774.406860168438,40.44833413803798,1.0
crisis_failures_2x,near_critical,127,7648492095.989225,16383.0,0.3818461717722486,16361.0,30887.57662813289,40.005168776541055,1.0
crisis_failures_2x,near_critical,128,7641251096.11303,16383.0,0.38109791731445863,16350.0,30924.099481912497,41.52257068995789,1.0
crisis_failures_2x,near_critical,129,7648100848.010743,16387.0,0.3825909677758434,16361.0,30925.331603855888,40.29029761849412,1.0
crisis_failures_2x,near_critical,130,7624859749.689477,16386.0,0.3822611661121929,16356.0,30832.971073212255,40.30753945209233,1.0
crisis_failures_2x,near_critical,131,7642224148.567295,16387.0,0.3815991119790979,16359.0,30860.44733407747,39.50451536714865,1.0
crisis_failures_2x,near_critical,132,7644865581.342356,16396.0,0.38203465873032033,16366.0,30882.720624485995,40.894717309447124,1.0
crisis_failures_2x,near_critical,133,7663618080.790004,16389.0,0.38061203151743705,16358.0,30954.66999073247,40.23808424863685,1.0
crisis_failures_2x,near_critical,134,7627244704.595409,16388.0,0.38311319936176536,16361.0,30776.37628867662,39.03163021794447,1.0
crisis_failures_2x,near_critical,135,7622131629.082019,16389.0,0.38296176128558895,16360.0,30799.66901944545,40.39892064932653,1.0
crisis_failures_2x,near_critical,136,7633623616.972321,16387.0,0.38108281601708366,16361.0,30863.04397387631,40.79434071109566,1.0
crisis_failures_2x,near_critical,137,7618066557.039367,16385.0,0.38264897691534294,16364.0,30750.53776594164,39.62579674837874,1.0
crisis_failures_2x,near_critical,138,7605843616.785693,16387.0,0.38466617098911376,16359.0,30717.180759986113,38.879116231886,1.0
crisis_failures_2x,near_critical,139,7660985013.067411,16387.0,0.38007081594458975,16365.0,30945.228509117336,39.55613577928046,1.0
crisis_failures_2x,near_critical,140,7656270066.374379,16387.0,0.381211905381305,16351.0,30924.642710759257,40.12689139333005,1.0
crisis_failures_2x,near_critical,141,7654956695.63249,16386.0,0.3807413449590989,16360.0,30979.863610663844,40.55660313105139,1.0
crisis_failures_2x,near_critical,142,7610135896.764777,16386.0,0.38369990226628314,16358.0,30770.705641951772,39.584571652500294,1.0
crisis_failures_2x,near_critical,143,7637173857.248649,16386.0,0.38230893465111243,16365.0,30808.285403085873,39.221199576105874,1.0
crisis_failures_2x,near_critical,144,7647338868.449758,16386.0,0.38128793899693586,16357.0,30911.845772884277,41.04557500576914,1.0
crisis_failures_2x,near_critical,145,7654915459.499834,16387.0,0.37971676601494975,16356.0,30899.75333693586,39.04417408229815,1.0
crisis_failures_2x,near_critical,146,7656716762.04731,16383.0,0.3808230626320781,16360.0,30946.915242908304,39.38201412584499,1.0
crisis_failures_2x,near_critical,147,7645602979.1355295,16387.0,0.3796036281551011,16364.0,30976.800871085754,39.97770575190826,1.0
crisis_failures_2x,near_critical,148,7600643605.167699,16382.0,0.3844004207884236,16357.0,30712.63670275396,38.86734742462599,1.0
crisis_failures_2x,near_critical,149,7607924641.503496,16387.0,0.38160696534975047,16358.0,30793.307250115737,39.50167379396536,1.0
crisis_failures_2x,near_critical,150,7604079247.11449,16386.0,0.3835491331708314,16359.0,30758.02952513302,39.78174257660726,1.0
crisis_failures_2x,near_critical,151,7638642162.160318,16384.0,0.38132284782014475,16358.0,30926.94371879847,39.73116954934253,1.0
crisis_failures_2x,near_critical,152,7641571436.598806,16385.0,0.3811908232753215,16356.0,30880.441243549732,41.0359442018048,1.0
crisis_failures_2x,near_critical,153,7641129367.3025,16390.0,0.381852707220528,16363.0,30893.015913015555,41.09942081332097,1.0
crisis_failures_2x,near_critical,154,7594155755.268017,16386.0,0.38429929888842024,16359.0,30697.960724976565,40.86474248028511,1.0
crisis_failures_2x,near_critical,155,7625583774.138626,16389.0,0.38139249661999497,16360.0,30818.859445682137,40.16961450413105,1.0
crisis_failures_2x,near_critical,156,7623103114.935732,16383.0,0.38399370260781207,16349.0,30773.652343520604,39.34020776352275,1.0
crisis_failures_2x,near_critical,157,7624739161.172634,16388.0,0.3815287531464497,16358.0,30845.89999552111,40.623790093833634,1.0
crisis_failures_2x,near_critical,158,7599702761.701163,16385.0,0.3848474070983168,16355.0,30724.665707491837,38.91846459352686,1.0
crisis_failures_2x,near_critical,159,7630090030.675921,16385.0,0.38120040119636217,16360.0,30850.091512420702,41.39296772325615,1.0
crisis_failures_2x,near_critical,160,7652389088.528395,16386.0,0.38093151057263414,16365.0,30937.827456824874,40.20893034793671,1.0
crisis_failures_2x,near_critical,161,7621201075.027018,16387.0,0.3815152274978618,16363.0,30795.308743886788,40.543486218585734,1.0
crisis_failures_2x,near_critical,162,7655401701.3125515,16385.0,0.3803192111061755,16363.0,30911.080836115594,39.50665710911714,1.0
crisis_failures_2x,near_critical,163,7663731152.289539,16383.0,0.3796467545426776,16358.0,30959.957024144496,41.27133003731676,1.0
crisis_failures_2x,near_critical,164,7620749539.875187,16384.0,0.381930701559589,16356.0,30801.812963935514,40.63023807765063,1.0
crisis_failures_2x,near_critical,165,7633676778.04536,16389.0,0.3824419335043514,16362.0,30811.606516544132,40.178287575655624,1.0
crisis_failures_2x,near_critical,166,7645042382.20414,16385.0,0.38235489116802834,16363.0,30869.55185603529,39.964174060209274,1.0
crisis_failures_2x,near_critical,167,7613361384.153659,16392.0,0.3815643015756308,16367.0,30843.816007295994,41.176433198306086,1.0
crisis_failures_2x,near_critical,168,7632196937.170695,16384.0,0.3826041188443712,16354.0,30857.792362903798,39.62180762847245,1.0
crisis_failures_2x,near_critical,169,7605278926.862478,16384.0,0.38454495891128326,16356.0,30690.214251665268,38.554353062752476,1.0
crisis_failures_2x,near_critical,170,7657993527.290456,16385.0,0.38027169500032515,16359.0,30978.545491975372,40.089200399719346,1.0
crisis_failures_2x,near_critical,171,7633060282.174412,16386.0,0.3827225782084614,16357.0,30836.036124573766,39.25263622870448,1.0
crisis_failures_2x,near_critical,172,7651839394.786744,16387.0,0.38041975159174063,16360.0,30882.21352173188,40.495709567580924,1.0
crisis_failures_2x,near_critical,173,7630037544.971718,16389.0,0.38213362480306595,16363.0,30868.971695181343,41.42842665607874,1.0
crisis_failures_2x,near_critical,174,7604971162.289718,16384.0,0.3838535818921745,16356.0,30700.45397355751,39.289644914349005,1.0
crisis_failures_2x,near_critical,175,7614023734.155072,16385.0,0.382383678386427,16357.0,30728.46263034552,39.36813140957455,1.0
crisis_failures_2x,near_critical,176,7608146102.345355,16388.0,0.3822990201015273,16360.0,30801.25978362745,39.86834263736102,1.0
crisis_failures_2x,near_critical,177,7611555030.441584,16387.0,0.38350976440671813,16351.0,30794.64511961706,40.56834320308102,1.0
crisis_failures_2x,near_critical,178,7583643840.034379,16388.0,0.3821501423365833,16356.0,30726.376317329563,40.02317476791533,1.0
crisis_failures_2x,near_critical,179,7696021607.705509,16382.0,0.3791762638552758,16352.0,31074.539164338632,39.841228465365475,1.0
crisis_failures_2x,near_critical,180,7638230019.537797,16386.0,0.38347306347642357,16361.0,30872.674752016184,38.806095055116636,1.0
crisis_failures_2x,near_critical,181,7639992520.602741,16387.0,0.3802843596038935,16356.0,30950.866173074402,39.960894106612294,1.0
crisis_failures_2x,near_critical,182,7641761997.394518,16388.0,0.3825002803926092,16360.0,30878.353186854834,39.421539572590646,1.0
crisis_failures_2x,near_critical,183,7622807675.35147,16387.0,0.38201351457221994,16356.0,30800.990602962178,39.8526340160081,1.0
crisis_failures_2x,near_critical,184,7624464855.6647625,16385.0,0.3824255884558919,16355.0,30788.91064114976,39.68665527145001,1.0
crisis_failures_2x,near_critical,185,7631930082.381835,16384.0,0.38306859838534213,16358.0,30776.468552455444,39.78109550602247,1.0
crisis_failures_2x,near_critical,186,7617165149.127061,16384.0,0.3825760103639754,16359.0,30810.270287050127,40.04598096408911,1.0
crisis_failures_2x,near_critical,187,7600302926.597533,16385.0,0.38352152470877304,16358.0,30748.740338881107,38.704146870592155,1.0
crisis_failures_2x,near_critical,188,7654365505.744003,16388.0,0.38143810270480255,16361.0,30892.58719363402,39.933562026977405,1.0
crisis_failures_2x,near_critical,189,7648279653.85179,16382.0,0.3817285455018858,16357.0,30893.251327964943,41.8136921124452,1.0
crisis_failures_2x,near_critical,190,7615420737.981612,16387.0,0.3831756226696191,16355.0,30760.50944308543,40.745023648022325,1.0
crisis_failures_2x,near_critical,191,7647909474.661059,16385.0,0.3810676505143926,16361.0,30876.209092524514,39.05799751829092,1.0
crisis_failures_2x,near_critical,192,7663339925.853116,16392.0,0.38056879459893345,16358.0,30950.139712276203,40.23090589464242,1.0
crisis_failures_2x,near_critical,193,7663901385.673384,16389.0,0.3794938840766243,16366.0,30995.04995201836,40.218822400026106,1.0
crisis_failures_2x,near_critical,194,7630864643.783395,16389.0,0.3814941377949241,16362.0,30825.85076929886,38.78709154628997,1.0
crisis_failures_2x,near_critical,195,7594717014.865491,16388.0,0.38330926526263687,16364.0,30687.60888646319,39.33676156129474,1.0
crisis_failures_2x,near_critical,196,7608100865.611141,16384.0,0.382526125690983,16361.0,30773.955197914824,40.15464729265716,1.0
crisis_failures_2x,near_critical,197,7653240119.503854,16386.0,0.37997105108085677,16359.0,31003.90361397574,40.113769600147286,1.0
crisis_failures_2x,near_critical,198,7623590960.314801,16386.0,0.380499966969653,16362.0,30851.145670557195,40.329368804012496,1.0
crisis_failures_2x,near_critical,199,7637844004.728423,16393.0,0.3822888950206462,16360.0,30865.035502850656,39.46636134785257,1.0
crisis_failures_2x,near_critical,200,7638309691.246455,16388.0,0.38186053666640474,16356.0,30850.87314757162,40.323246982070934,1.0
crisis_failures_2x,near_critical,201,7646939795.167932,16390.0,0.3809792210184308,16360.0,30945.574596888888,40.85509506132682,1.0
crisis_failures_2x,near_critical,202,7640641883.959283,16389.0,0.3815805091374415,16364.0,30877.889686201142,40.28300607432273,1.0
crisis_failures_2x,near_critical,203,7637333414.345264,16384.0,0.3820178183007723,16360.0,30897.951695408316,40.187834729827,1.0
crisis_failures_2x,near_critical,204,7586835220.901038,16390.0,0.383402390625457,16360.0,30635.644512932075,40.29336348041777,1.0
crisis_failures_2x,near_critical,205,7603074688.907961,16389.0,0.3844454996562408,16365.0,30719.800491801983,38.091666450534476,1.0
crisis_failures_2x,near_critical,206,7666918612.1928425,16388.0,0.3809876855627191,16361.0,30914.72218438421,40.59328936429153,1.0
crisis_failures_2x,near_critical,207,7645332864.63026,16384.0,0.3817175768425866,16358.0,30787.99386988357,40.5863153572627,1.0
crisis_failures_2x,near_critical,208,7648055141.086571,16389.0,0.3819526858120269,16359.0,30888.836001773572,39.85054706852692,1.0
crisis_failures_2x,near_critical,209,7625942811.70023,16384.0,0.38312670039931834,16357.0,30837.795853649564,38.566270593114815,1.0
crisis_failures_2x,near_critical,210,7626683294.403586,16390.0,0.38340707975588606,16366.0,30783.926387348045,38.544473108551095,1.0
crisis_failures_2x,near_critical,211,7626209189.634605,16387.0,0.3819644909071658,16358.0,30849.277759348886,40.45076376468166,1.0
crisis_failures_2x,near_critical,212,7607568380.041592,16386.0,0.3834433839217038,16353.0,30788.825952079405,39.99835051240726,1.0
crisis_failures_2x,near_critical,213,7672603535.018421,16386.0,0.38034251291062293,16355.0,30985.32511840381,40.159323285174494,1.0
crisis_failures_2x,near_critical,214,7609454703.70898,16387.0,0.38225023774165223,16359.0,30794.194590624968,39.23310282408736,1.0
crisis_failures_2x,near_critical,215,7696452980.867426,16388.0,0.37890628840386437,16359.0,31098.041516305613,40.771618743040456,1.0
crisis_failures_2x,near_critical,216,7621669391.493381,16386.0,0.3827753570788103,16360.0,30761.090952559472,40.25632568698275,1.0
crisis_failures_2x,near_critical,217,7641295548.874457,16390.0,0.3806545851932763,16359.0,30884.392188508235,41.61806113385746,1.0
crisis_failures_2x,near_critical,218,7650939590.703006,16385.0,0.3809213666949388,16359.0,30896.03726658714,40.30355249706181,1.0
crisis_failures_2x,near_critical,219,7639275368.914199,16385.0,0.3807841093662903,16363.0,30886.29162871564,40.6628662018946,1.0
crisis_failures_2x,near_critical,220,7634348677.797088,16388.0,0.38094601442590803,16357.0,30855.342437652915,41.176817992073616,1.0
crisis_failures_2x,near_critical,221,7614390836.874086,16386.0,0.38330815770282073,16360.0,30835.486316229344,40.91649020786394,1.0
crisis_failures_2x,near_critical,222,7620877031.123141,16385.0,0.38292630074488104,16353.0,30809.012932416234,38.72126358244616,1.0
crisis_failures_2x,near_critical,223,7649751659.314436,16385.0,0.3808235217939584,16356.0,30936.201942454198,38.97558680347152,1.0
crisis_failures_2x,near_critical,224,7615967712.479405,16386.0,0.3826887708272027,16360.0,30799.898107790883,40.477059725046516,1.0
crisis_failures_2x,near_critical,225,7627649376.569902,16384.0,0.3822118421512421,16361.0,30837.29513880134,41.0671414796484,1.0
crisis_failures_2x,near_critical,226,7665453231.220292,16386.0,0.3804649013555503,16357.0,30940.09493730923,40.18392810532346,1.0
crisis_failures_2x,near_critical,227,7645683530.255006,16386.0,0.3804396802734353,16358.0,30918.132925575923,39.76821728303358,1.0
crisis_failures_2x,near_critical,228,7654789913.73509,16387.0,0.38061011815889007,16366.0,30914.01076109944,39.57036354062323,1.0
crisis_failures_2x,near_critical,229,7621130240.165343,16387.0,0.3821644817122425,16361.0,30826.93630109364,40.31153470682797,1.0
crisis_failures_2x,near_critical,230,7660280624.897097,16388.0,0.3797507301520957,16354.0,30967.789358822585,41.104556710087635,1.0
crisis_failures_2x,near_critical,231,7641980518.696314,16386.0,0.3801773472821961,16362.0,30903.94834438086,40.75543322349451,1.0
crisis_failures_2x,near_critical,232,7649746378.206139,16385.0,0.38106384723530146,16357.0,30904.83223257173,40.60986978716933,1.0
crisis_failures_2x,near_critical,233,7637822378.388711,16385.0,0.3824187051869773,16364.0,30858.98508389722,39.260052531222165,1.0
crisis_failures_2x,near_critical,234,7609873837.138211,16386.0,0.38303524342679846,16356.0,30738.427981297955,38.66508945779024,1.0
crisis_failures_2x,near_critical,235,7589206029.478191,16385.0,0.3830983743203102,16358.0,30697.48903613222,39.46015616112514,1.0
crisis_failures_2x,near_critical,236,7603886120.0076475,16392.0,0.38309812250464176,16356.0,30731.39658736987,39.565750197381,1.0
crisis_failures_2x,near_critical,237,7602097457.460128,16385.0,0.38355586200068276,16361.0,30718.76822175784,38.27016242826397,1.0
crisis_failures_2x,near_critical,238,7613971193.820231,16388.0,0.38209877107910606,16351.0,30789.073137259486,40.57476022626464,1.0
crisis_failures_2x,near_critical,239,7634841878.694337,16386.0,0.3818399641701461,16356.0,30887.998271274828,39.98264659057157,1.0
crisis_failures_2x,near_critical,240,7628715621.210505,16389.0,0.38089081329974606,16358.0,30846.36737212835,40.67538341670867,1.0
crisis_failures_2x,near_critical,241,7637847056.34904,16387.0,0.3825512411655574,16363.0,30868.26485862776,39.97191331599998,1.0
crisis_failures_2x,near_critical,242,7651113615.606541,16387.0,0.3800837435371274,16359.0,30915.672846881287,39.7360477201004,1.0
crisis_failures_2x,near_critical,243,7639203553.026209,16390.0,0.3824397024973077,16365.0,30844.745739830258,40.1059244936641,1.0
crisis_failures_2x,near_critical,244,7668764425.840286,16387.0,0.38107330159352104,16365.0,30943.228225291045,40.87281631736371,1.0
crisis_failures_2x,near_critical,245,7657606590.734527,16387.0,0.3804697573623034,16358.0,30924.446442296598,41.41721286910962,1.0
crisis_failures_2x,near_critical,246,7633116281.063839,16388.0,0.3811130711851221,16360.0,30920.997718789404,40.818017548948674,1.0
crisis_failures_2x,near_critical,247,7645085541.825351,16389.0,0.3815653635132198,16358.0,30879.107719093678,40.228199507074876,1.0
crisis_failures_2x,near_critical,248,7624065158.161293,16385.0,0.38143134054508715,16358.0,30797.410028220933,39.99615726917382,1.0
crisis_failures_2x,near_critical,249,7636562658.245001,16390.0,0.3818743470926545,16364.0,30924.687667080543,39.728374349466776,1.0
near_critical,no_intervention,0,9403321624.467508,16397.0,0.3170882145821237,16375.0,38203.28486514623,31.333605890333082,1.0
near_critical,no_intervention,1,9375408860.315933,16400.0,0.31904597957936165,16375.0,38034.22824731715,30.26578858952023,1.0
near_critical,no_intervention,2,9378188778.798933,16393.0,0.31836488886489717,16378.0,38068.22704005198,30.621722806850535,1.0
near_critical,no_intervention,3,9401343123.789566,16397.0,0.3174902855400539,16377.0,38109.508760384815,29.495319832641147,1.0
near_critical,no_intervention,4,9393028283.055016,16401.0,0.31803805850566524,16375.0,38124.659523010116,30.833366830021927,1.0
near_critical,no_intervention,5,9393535454.511906,16399.0,0.3181937359773973,16375.0,38123.87467614089,30.210846012078836,1.0
near_critical,no_intervention,6,9381274986.144615,16401.0,0.31816134010521496,16375.0,38125.49612082677,30.606939994655992,1.0
near_critical,no_intervention,7,9364611860.765078,16396.0,0.3185012453137223,16376.0,38020.95266163179,30.63334583376076,1.0
near_critical,no_intervention,8,9382892004.28814,16398.0,0.3177494398618379,16377.0,38066.860802439434,31.46519394649003,1.0
near_critical,no_intervention,9,9400080032.274475,16399.0,0.3182911270366156,16375.0,38121.75858583795,32.264079121963746,1.0
near_critical,no_intervention,10,9403846273.595089,16399.0,0.31743788311676036,16371.0,38147.19159517143,29.563453420024217,1.0
near_critical,no_intervention,11,9376995263.925308,16394.0,0.31906125287930304,16375.0,38034.81261702936,31.720513634031988,1.0
near_critical,no_intervention,12,9401727709.951632,16399.0,0.31752726429917727,16374.0,38145.788704436134,31.3566071655723,1.0
near_critical,no_intervention,13,9376011858.103138,16399.0,0.31832270710465466,16374.0,38073.32909407253,29.909375880688312,1.0
near_critical,no_intervention,14,9394970346.013325,16400.0,0.318296075193229,16375.0,38118.09433095432,30.677573814546577,1.0
near_critical,no_intervention,15,9379108624.666565,16400.0,0.3194042154625647,16375.0,38025.18989349939,29.705490413040934,1.0
near_critical,no_intervention,16,9378503229.686338,16399.0,0.3177754910044772,16372.0,38138.56147687957,32.19418806376332,1.0
near_critical,no_intervention,17,9386270328.678595,16400.0,0.3198593020716754,16374.0,38063.39734306562,30.340455163900664,1.0
near_critical,no_intervention,18,9372617078.236801,16399.0,0.3204031878811938,16374.0,38035.47481277937,30.151058957282093,1.0
near_critical,no_intervention,19,9391872686.817642,16396.0,0.31801208806683057,16375.0,38137.81631640805,31.070275652889816,1.0
near_critical,no_intervention,20,9410114898.305496,16400.0,0.31806150725757215,16380.0,38160.096758728774,30.173533123371353,1.0
near_critical,no_intervention,21,9403880438.95556,16395.0,0.3181419967652839,16374.0,38159.75746737715,30.57323517483175,1.0
near_critical,no_intervention,22,9381676406.33643,16398.0,0.31848589528561067,16374.0,38099.85031052562,30.397146552793394,1.0
near_critical,no_intervention,23,9338606749.466928,16401.0,0.3196816201318686,16376.0,37983.46598105091,30.78544743685556,1.0
near_critical,no_intervention,24,9394754306.990448,16399.0,0.31884336156042625,16375.0,38120.159084411236,31.713218474152782,1.0
near_critical,no_intervention,25,9396205965.011911,16397.0,0.31801469975128266,16377.0,38136.2932299628,29.960610772203157,1.0
near_critical,no_intervention,26,9401212575.017439,16404.0,0.3179593331177804,16379.0,38105.95189045808,30.285272030996143,1.0
near_critical,no_intervention,27,9430304889.902584,16401.0,0.3162011261584098,16375.0,38281.311822562806,31.073377968959424,1.0
near_critical,no_intervention,28,9383620647.381683,16401.0,0.31837628176893146,16372.0,38118.24189448118,30.099056491546285,1.0
near_critical,no_intervention,29,9405626660.712929,16401.0,0.31826672086766206,16375.0,38152.91944893964,31.32778371142734,1.0
near_critical,no_intervention,30,9377781647.676163,16399.0,0.3192596151231926,16377.0,38012.378386679135,30.483689020075776,1.0
near_critical,no_intervention,31,9393357145.413927,16401.0,0.3181906635252378,16377.0,38174.84901266888,31.004190708647315,1.0
near_critical,no_intervention,32,9378526448.865011,16397.0,0.3193743060979667,16376.0,38043.14639822745,30.63641870398365,1.0
near_critical,no_intervention,33,9381643259.666462,16397.0,0.31886200629249195,16378.0,38082.440860684066,29.943445222502234,1.0
near_critical,no_intervention,34,9398689609.494522,16397.0,0.3180526765609752,16380.0,38095.35863187222,30.96593728073559,1.0
near_critical,no_intervention,35,9382601943.592388,16395.0,0.31901788974911893,16376.0,38049.307815070184,31.17322920721286,1.0
near_critical,no_intervention,36,9348851822.657185,16401.0,0.32018555798070414,16375.0,37955.1312164435,30.224113431375912,1.0
near_critical,no_intervention,37,9403791078.251617,16400.0,0.31832487060158055,16376.0,38141.32548640806,31.19887418073208,1.0
near_critical,no_intervention,38,9360571916.615086,16398.0,0.31954686633925916,16376.0,38005.20857794883,30.853637953824226,1.0
near_critical,no_intervention,39,9395018030.925945,16399.0,0.3184083740818349,16369.0,38124.46102988385,30.40078554520805,1.0
near_critical,no_intervention,40,9360912559.368063,16397.0,0.31871457992837615,16374.0,37973.90059155345,30.14530526340069,1.0
near_critical,no_intervention,41,9410620984.433826,16404.0,0.3184610717632763,16374.0,38179.65367716493,31.549497143902475,1.0
near_critical,no_intervention,42,9350937835.819263,16401.0,0.3201882850857776,16375.0,37978.60866953352,30.721229087012595,1.0
near_critical,no_intervention,43,9399315578.433977,16400.0,0.31876398486159646,16375.0,38123.41534439259,30.59739341046032,1.0
near_critical,no_intervention,44,9377346682.70803,16398.0,0.31885766365154017,16374.0,38071.84594811443,30.250048811146335,1.0
near_critical,no_intervention,45,9374831244.562788,16397.0,0.3180372150651894,16371.0,38048.67335696881,31.272281579598996,1.0
near_critical,no_intervention,46,9401949738.788,16399.0,0.31715949456275927,16375.0,38136.79294563192,31.661162344395727,1.0
near_critical,no_intervention,47,9410049117.269188,16405.0,0.3181756995676163,16379.0,38140.519619232444,30.30455986244502,1.0
near_critical,no_intervention,48,9421732394.862679,16394.0,0.31564314747381217,16374.0,38284.77030077898,30.440430438641624,1.0
near_critical,no_intervention,49,9395984285.610987,16400.0,0.31833505333177553,16370.0,38126.888357039716,30.967618720684936,1.0
near_critical,no_intervention,50,9421093802.667494,16398.0,0.3173578955651696,16376.0,38238.975217012056,29.855869098069135,1.0
near_critical,no_intervention,51,9399822169.943554,16397.0,0.3187706570694493,16378.0,38114.636640037235,30.169617621945466,1.0
near_critical,no_intervention,52,9383075770.969622,16398.0,0.31933055934208576,16376.0,38101.29708831521,30.72592841509816,1.0
near_critical,no_intervention,53,9390009526.888878,16399.0,0.31806064886376045,16372.0,38095.37862227749,31.53190889832032,1.0
near_critical,no_intervention,54,9362486197.169117,16396.0,0.3190667256450593,16372.0,38058.759441162074,30.072019071678124,1.0
near_critical,no_intervention,55,9373818608.558847,16396.0,0.31955322762495114,16371.0,38023.399412216495,30.326982928559694,1.0
near_critical,no_intervention,56,9404026842.21386,16397.0,0.3174719428727383,16374.0,38135.83833403285,31.043387119053413,1.0
near_critical,no_intervention,57,9395068990.301924,16397.0,0.31740773945856,16376.0,38142.22358321866,30.975477300068352,1.0
near_critical,no_intervention,58,9391623832.061783,16394.0,0.3171116806244214,16376.0,38124.88707416256,30.26332503424916,1.0
near_critical,no_intervention,59,9386426394.638355,16398.0,0.31878376335675496,16372.0,38056.22522256687,30.29737217186859,1.0
near_critical,no_intervention,60,9393120208.905615,16403.0,0.31812313141673554,16380.0,38117.990241211766,31.001298292570535,1.0
near_critical,no_intervention,61,9398525501.961203,16407.0,0.31795570009921553,16379.0,38165.06224501103,29.85836830239819,1.0
near_critical,no_intervention,62,9392351478.276907,16402.0,0.31767927963799986,16377.0,38120.73742100367,31.324332253445654,1.0
near_critical,no_intervention,63,9386747960.294428,16396.0,0.31755436895837447,16377.0,38067.02957190953,31.19690627816622,1.0
near_critical,no_intervention,64,9408889667.29448,16398.0,0.3163944972388982,16379.0,38216.34868795917,30.364689614787036,1.0
near_critical,no_intervention,65,9370799264.955706,16398.0,0.31917929464921885,16377.0,38024.06686390647,31.116133961936605,1.0
near_critical,no_intervention,66,9392490259.315939,16398.0,0.3199748728718305,16376.0,38112.83947548158,29.67099551566828,1.0
near_critical,no_intervention,67,9395749079.505531,16396.0,0.31741091776188013,16376.0,38163.16550125399,31.358727036644343,1.0
near_critical,no_intervention,68,9397863048.00261,16399.0,0.31839545663780805,16374.0,38142.243615340136,30.950169898538018,1.0
near_critical,no_intervention,69,9371109250.28541,16396.0,0.31977570223849405,16376.0,38006.83791890945,31.022397132443288,1.0
near_critical,no_intervention,70,9405293681.17408,16399.0,0.3184705023372553,16377.0,38109.70833881509,29.93800258189357,1.0
near_critical,no_intervention,71,9392520848.54608,16397.0,0.3188878107275203,16374.0,38078.210578836515,31.357721478990324,1.0
near_critical,no_intervention,72,9397732013.336338,16396.0,0.31774549550354697,16376.0,38120.09913140597,30.775921841714776,1.0
near_critical,no_intervention,73,9426994250.27398,16402.0,0.316746073722472,16376.0,38238.698431518664,31.56653886338156,1.0
near_critical,no_intervention,74,9406862983.798439,16394.0,0.31682848144752496,16373.0,38173.73010149713,31.614496368321312,1.0
near_critical,no_intervention,75,9381360387.399935,16398.0,0.3187107725198249,16375.0,38067.00372399167,30.936297824591005,1.0
near_critical,no_intervention,76,9399314782.173277,16402.0,0.3175978114117767,16371.0,38146.10022017954,30.898447864215797,1.0
near_critical,no_intervention,77,9398069865.60972,16400.0,0.3173844275247295,16380.0,38137.921494318325,30.8749536608837,1.0
near_critical,no_intervention,78,9339184557.22146,16398.0,0.32032116561843926,16378.0,37949.30854702078,30.814680300492768,1.0
near_critical,no_intervention,79,9377291152.572212,16403.0,0.31968377809733084,16381.0,38063.997822569916,30.873799365824407,1.0
near_critical,no_intervention,80,9389084476.052828,16401.0,0.3178478189608068,16369.0,38170.814877456956,30.251239214282705,1.0
near_critical,no_intervention,81,9398424778.848757,16401.0,0.31747649017491975,16377.0,38117.391189198526,31.084136404159896,1.0
near_critical,no_intervention,82,9377796249.265541,16397.0,0.3189911837182896,16376.0,38046.17875672457,29.95913318888369,1.0
near_critical,no_intervention,83,9387248085.300531,16400.0,0.3179392978048878,16374.0,38139.01422962188,30.42306691702288,1.0
near_critical,no_intervention,84,9399754945.203066,16397.0,0.3175841749357839,16376.0,38160.89557584521,30.05324635233922,1.0
near_critical,no_intervention,85,9425837690.936756,16398.0,0.31654109604303676,16373.0,38253.255562032195,30.7876976899424,1.0
near_critical,no_intervention,86,9418619843.831951,16395.0,0.31721270260970735,16375.0,38206.998372271504,31.33262615002476,1.0
near_critical,no_intervention,87,9411341391.495222,16399.0,0.31755902513992684,16376.0,38236.07309307518,30.729067040778286,1.0
near_critical,no_intervention,88,9373315335.22438,16398.0,0.3180893644409045,16373.0,38112.00573964304,30.151118984215707,1.0
near_critical,no_intervention,89,9429388617.948105,16402.0,0.31700987031871775,16374.0,38216.414798415855,30.14428461390691,1.0
near_critical,no_intervention,90,9424203199.877945,16393.0,0.31491013945051044,16372.0,38279.287240200574,30.779677108768894,2.0
near_critical,no_intervention,91,9368433098.322838,16398.0,0.3190243215897133,16378.0,37995.267313116536,30.536203328884127,1.0
near_critical,no_intervention,92,9363086890.700258,16398.0,0.3195580202921751,16372.0,37977.506120438244,29.565398690427774,1.0
near_critical,no_intervention,93,9389026134.01058,16398.0,0.31853580461705006,16378.0,38119.45214144177,30.887194937397766,1.0
near_critical,no_intervention,94,9410977195.946674,16396.0,0.3167659447881251,16375.0,38162.30822128376,30.3966075732993,1.0
near_critical,no_intervention,95,9379246531.81626,16401.0,0.3183189754472669,16377.0,38050.508503097844,30.34203249434692,1.0
near_critical,no_intervention,96,9358076142.151354,16398.0,0.31961786160190664,16374.0,37982.71574928309,30.4427637405226,1.0
near_critical,no_intervention,97,9405010000.516376,16400.0,0.318195970708091,16371.0,38154.51476120936,30.010433277704482,1.0
near_critical,no_intervention,98,9371492819.166515,16401.0,0.3193429498034278,16376.0,38008.814618345925,29.852169182400516,1.0
near_critical,no_intervention,99,9398644562.907255,16399.0,0.3176473857753673,16372.0,38164.305452163026,31.0539792515048,1.0
near_critical,no_intervention,100,9383340844.482313,16400.0,0.3179835188398601,16375.0,38061.4137665891,29.566824237104328,1.0
near_critical,no_intervention,101,9390492442.256565,16397.0,0.3177641482555281,16371.0,38072.87103720022,30.37319204944017,1.0
near_critical,no_intervention,102,9388493780.956173,16399.0,0.3181797639685613,16373.0,38068.90968445141,30.35875880657591,1.0
near_critical,no_intervention,103,9363274282.168688,16393.0,0.3192670104362441,16371.0,38026.35508244835,29.395468807493582,1.0
near_critical,no_intervention,104,9397521633.289566,16401.0,0.31789230264273316,16371.0,38146.78245724537,30.052382267146616,1.0
near_critical,no_intervention,105,9398862593.778437,16398.0,0.3179161800515532,16371.0,38150.270572250934,31.321701505546507,1.0
near_critical,no_intervention,106,9377898288.51469,16399.0,0.3193768280541355,16375.0,38034.71698117577,30.17268743251105,1.0
near_critical,no_intervention,107,9412038145.795076,16401.0,0.3172198647203424,16376.0,38173.843292614154,31.332912623345518,1.0
near_critical,no_intervention,108,9397933918.54481,16400.0,0.31696498281180296,16380.0,38119.54317046093,31.00937829728749,1.0
near_critical,no_intervention,109,9389322809.766676,16399.0,0.31807477433490294,16375.0,38105.176259276384,31.017868755965427,1.0
near_critical,no_intervention,110,9354006229.538181,16396.0,0.31933688572229335,16373.0,38007.974209411535,29.74936151406034,1.0
near_critical,no_intervention,111,9394855383.86813,16399.0,0.3171873030888401,16375.0,38153.41869328729,30.89302789699834,1.0
near_critical,no_intervention,112,9403211825.82657,16394.0,0.3184417192596514,16373.0,38164.84430442584,30.552607332289433,1.0
near_critical,no_intervention,113,9401636527.967817,16401.0,0.31784878421270213,16374.0,38162.2076792153,31.497785815706166,1.0
near_critical,no_intervention,114,9400780256.718185,16399.0,0.3178049272478575,16378.0,38120.628429379045,30.670786823259796,1.0
near_critical,no_intervention,115,9406865590.357841,16400.0,0.31821557812063445,16378.0,38200.65688225185,30.432140161586165,1.0
near_critical,no_intervention,116,9359838225.081572,16396.0,0.31853011612991927,16373.0,38052.35673156125,30.885931294267614,1.0
near_critical,no_intervention,117,9382534256.517769,16399.0,0.31864159330294667,16371.0,38097.92411858631,30.68061466124795,1.0
near_critical,no_intervention,118,9361141476.749973,16394.0,0.31935752731218836,16375.0,38017.211672997386,30.21938504212862,1.0
near_critical,no_intervention,119,9431966862.908466,16400.0,0.3157774400986802,16380.0,38274.30190166019,31.37968548173459,1.0
near_critical,no_intervention,120,9384700388.598484,16400.0,0.3185202087451027,16376.0,38072.55307582082,30.12129356781543,1.0
near_critical,no_intervention,121,9394804724.086084,16398.0,0.3181872592495632,16371.0,38117.36082091927,31.47731708963363,1.0
near_critical,no_intervention,122,9395470606.24914,16396.0,0.3177688636721378,16374.0,38105.32577760076,31.110611102322792,1.0
near_critical,no_intervention,123,9377149334.648954,16398.0,0.3193549820385853,16374.0,38069.09382343372,30.814175409613416,1.0
near_critical,no_intervention,124,9413196954.655172,16401.0,0.3172417654112879,16378.0,38212.1373866789,32.0545215738391,1.0
near_critical,no_intervention,125,9385375032.902868,16398.0,0.3189060722751279,16377.0,38086.338783087616,30.37535442115978,1.0
near_critical,no_intervention,126,9386073380.113304,16400.0,0.31886930598942026,16372.0,38108.63217420983,29.968831039322723,1.0
near_critical,no_intervention,127,9395828495.045982,16398.0,0.31660114587845,16376.0,38154.96055997364,31.47750929017098,1.0
near_critical,no_intervention,128,9369119694.183514,16398.0,0.3183578687128123,16374.0,38082.00225577504,30.40848722287038,1.0
near_critical,no_intervention,129,9372642384.010279,16402.0,0.31827558205933704,16374.0,38092.05218753119,31.055897865452625,1.0
near_critical,no_intervention,130,9382518006.989822,16401.0,0.31751209935353697,16376.0,38131.957988984446,31.35797095962692,1.0
near_critical,no_intervention,131,9428377762.405258,16399.0,0.3166543328560133,16377.0,38284.8715198748,30.641856329593278,1.0
near_critical,no_intervention,132,9415860317.934551,16401.0,0.31672963517692776,16375.0,38211.944067219236,31.303246708337166,1.0
near_critical,no_intervention,133,9399388646.418806,16398.0,0.3177990664367717,16373.0,38167.84399106361,29.338537045506154,1.0
near_critical,no_intervention,134,9414976411.344236,16399.0,0.3165994932074536,16378.0,38256.194746843765,31.329164800509893,1.0
near_critical,no_intervention,135,9393111925.353853,16403.0,0.3184796807751415,16374.0,38115.10860560328,30.21531438510241,1.0
near_critical,no_intervention,136,9408645363.462957,16397.0,0.3173626010251849,16375.0,38168.64659747802,30.216180805648392,1.0
near_critical,no_intervention,137,9361343841.147678,16395.0,0.3191787642868591,16374.0,38004.47622711262,30.23279786944252,1.0
near_critical,no_intervention,138,9365407746.265848,16400.0,0.3179305508251926,16370.0,38049.604994244284,30.212948633157517,1.0
near_critical,no_intervention,139,9350356987.389688,16396.0,0.3205396072024389,16374.0,38001.34320189532,30.55273319123064,1.0
near_critical,no_intervention,140,9382053188.892244,16400.0,0.317931027283536,16376.0,38091.06067934939,30.596189586957045,1.0
near_critical,no_intervention,141,9386408084.340225,16400.0,0.31736411160327216,16380.0,38132.72300017056,30.197461461113114,1.0
near_critical,no_intervention,142,9380695597.066877,16399.0,0.317869211253899,16376.0,38156.453553770545,31.828866376362352,1.0
near_critical,no_intervention,143,9412285241.481092,16398.0,0.3177006416733181,16375.0,38194.28215148625,30.88710239378688,1.0
near_critical,no_intervention,144,9404663239.204803,16401.0,0.3185079977200696,16374.0,38126.36905661651,31.15213675265993,1.0
near_critical,no_intervention,145,9380519689.775063,16397.0,0.3201239262691143,16373.0,38072.99963630615,29.608701496671134,1.0
near_critical,no_intervention,146,9426123512.130941,16404.0,0.31772955963834604,16377.0,38244.89757687098,30.857004749882574,1.0
near_critical,no_intervention,147,9372444179.910748,16396.0,0.31871465373244284,16374.0,38055.66096981936,31.064959625758654,1.0
near_critical,no_intervention,148,9362691006.65401,16398.0,0.31871951080718414,16377.0,38013.15630781616,29.81880019381832,1.0
near_critical,no_intervention,149,9397853468.953493,16398.0,0.3170342653216522,16371.0,38177.140469220765,30.92100288547015,1.0
near_critical,no_intervention,150,9392221687.391197,16400.0,0.318219364479295,16376.0,38108.20947192891,30.552341023197293,1.0
near_critical,no_intervention,151,9393356423.369255,16400.0,0.31873534315789603,16375.0,38133.02440025984,30.044716539965396,1.0
near_critical,no_intervention,152,9403977894.652306,16398.0,0.3186110507343022,16375.0,38151.402356235325,30.84622798970238,1.0
near_critical,no_intervention,153,9416577825.977903,16401.0,0.3180399673413095,16375.0,38191.81917406571,30.9417701881896,1.0
near_critical,no_intervention,154,9362627479.949732,16398.0,0.3200831571978872,16374.0,37963.104416372065,30.458219028671795,1.0
near_critical,no_intervention,155,9393167135.388895,16400.0,0.31881583354895404,16376.0,38077.492426878736,30.522562030314187,1.0
near_critical,no_intervention,156,9388503857.941727,16400.0,0.3180832035178406,16374.0,38115.598586599626,29.787037270815304,1.0
near_critical,no_intervention,157,9403668102.38502,16398.0,0.31743680814745845,16368.0,38149.58068277148,30.960398680656226,1.0
near_critical,no_intervention,158,9370537315.239532,16397.0,0.3201302945312956,16375.0,38058.2633962899,29.886733483567305,1.0
near_critical,no_intervention,159,9388776109.413553,16402.0,0.3175157212779516,16375.0,38100.88525022355,32.56601608632891,1.0
near_critical,no_intervention,160,9401670710.718016,16399.0,0.31683338908020536,16371.0,38146.188769140026,30.86675138645934,1.0
near_critical,no_intervention,161,9379959482.882305,16398.0,0.31893512726038337,16375.0,38106.19186668222,30.83007766018943,1.0
near_critical,no_intervention,162,9393533917.391962,16396.0,0.31710478015766774,16376.0,38153.0986310499,30.288357801011994,1.0
near_critical,no_intervention,163,9402199820.83154,16400.0,0.3176131626859367,16378.0,38130.97016443588,30.48294723466807,1.0
near_critical,no_intervention,164,9401392504.222515,16401.0,0.3181990163130121,16373.0,38111.661341136,30.829183158540552,1.0
near_critical,no_intervention,165,9393675092.928768,16397.0,0.3171910417325589,16374.0,38161.312177844244,30.316442382945958,1.0
near_critical,no_intervention,166,9387513471.689049,16399.0,0.3179824445376916,16376.0,38098.528258654864,30.04076030028067,1.0
near_critical,no_intervention,167,9410670989.115305,16402.0,0.31721012104771956,16375.0,38210.968289000884,30.74795354446216,1.0
near_critical,no_intervention,168,9376099829.796707,16399.0,0.3175071693314954,16376.0,38084.35414216727,30.218485163074423,1.0
near_critical,no_intervention,169,9416100126.478903,16397.0,0.31630952871161394,16377.0,38207.895135395745,30.940933239686213,1.0
near_critical,no_intervention,170,9408127838.292105,16397.0,0.3176248947672532,16375.0,38228.45816677401,31.39934895796497,1.0
near_critical,no_intervention,171,9371225018.09189,16404.0,0.3195547448842478,16377.0,38051.13662807329,30.9030817267349,1.0
near_critical,no_intervention,172,9409002663.69133,16395.0,0.31717340240411446,16371.0,38201.054843932936,31.666512569230076,1.0
near_critical,no_intervention,173,9345551395.374258,16393.0,0.31944592873472333,16369.0,37935.18269326882,30.367494952116722,1.0
near_critical,no_intervention,174,9380691647.268394,16395.0,0.3181595616508144,16374.0,38097.066313646465,31.273142613641742,1.0
near_critical,no_intervention,175,9370066031.623526,16398.0,0.3189198602507549,16378.0,38061.148373469514,30.044097744347948,1.0
near_critical,no_intervention,176,9380211039.644665,16399.0,0.31891259961268964,16377.0,38058.82184458353,31.22018002349608,1.0
near_critical,no_intervention,177,9361099272.886034,16399.0,0.3197205353048791,16375.0,38042.66845424893,30.715013352820275,1.0
near_critical,no_intervention,178,9389758924.941618,16398.0,0.31856253287382463,16377.0,38107.48621591414,31.611249497609,1.0
near_critical,no_intervention,179,9388293406.879084,16398.0,0.31819955896844443,16373.0,38139.5438005165,30.390065428866848,1.0
near_critical,no_intervention,180,9402962358.296072,16395.0,0.3171504480224518,16371.0,38230.3867732465,30.70067093430572,1.0
near_critical,no_intervention,181,9391831861.555735,16397.0,0.31886815967776705,16372.0,38096.307710979556,30.140023949519332,1.0
near_critical,no_intervention,182,9375360114.410984,16398.0,0.31910603753005695,16375.0,38057.09883750207,30.73494406499592,1.0
near_critical,no_intervention,183,9427277794.401764,16399.0,0.3165364734823697,16374.0,38263.519141210636,30.720122588167825,1.0
near_critical,no_intervention,184,9369621148.573938,16400.0,0.3195386362423936,16380.0,38042.76285851677,30.70578416887717,1.0
near_critical,no_intervention,185,9377789682.448196,16398.0,0.3181382862437193,16373.0,38078.19165334102,30.61304660442473,1.0
near_critical,no_intervention,186,9372404796.11935,16393.0,0.3183734893197026,16374.0,38062.73244410488,30.97741615270938,1.0
near_critical,no_intervention,187,9400467392.388227,16398.0,0.31798520341644954,16372.0,38166.90101424617,30.7263394871774,1.0
near_critical,no_intervention,188,9399036485.282898,16400.0,0.3174352518075556,16377.0,38166.16534030004,30.991253606672235,1.0
near_critical,no_intervention,189,9400482706.147123,16398.0,0.3172542064039034,16377.0,38149.30211525613,30.396282822427942,1.0
near_critical,no_intervention,190,9429107189.803381,16400.0,0.31620562367020666,16374.0,38257.88705410768,31.444656696858754,1.0
near_critical,no_intervention,191,9411185987.718048,16400.0,0.31729689327497496,16374.0,38182.11555792525,30.27775736711766,1.0
near_critical,no_intervention,192,9382133231.408997,16400.0,0.31917531076183603,16371.0,38022.61480383041,30.106117676051948,1.0
near_critical,no_intervention,193,9407837815.14902,16403.0,0.3158170262225971,16377.0,38248.53544006978,31.23989868269356,1.0
near_critical,no_intervention,194,9371517495.152468,16400.0,0.3194727030255227,16373.0,38028.754528699275,31.065738050846498,1.0
near_critical,no_intervention,195,9406538740.695343,16396.0,0.31602279013006834,16375.0,38191.53724238099,31.449898901062603,1.0
near_critical,no_intervention,196,9422507927.956886,16398.0,0.3164567591606114,16374.0,38225.16273707417,30.29815991583121,1.0
near_critical,no_intervention,197,9396603399.187218,16398.0,0.3170996847424267,16375.0,38150.46172201847,30.198842826099312,1.0
near_critical,no_intervention,198,9406561624.608665,16400.0,0.3172533031045908,16376.0,38163.25928338669,30.6972115514163,1.0
near_critical,no_intervention,199,9416895978.359934,16401.0,0.31696415309409803,16375.0,38190.88455604852,30.80721167614851,1.0
near_critical,no_intervention,200,9398873903.950247,16402.0,0.3177003464411145,16375.0,38115.46017116751,31.112309779636213,1.0
near_critical,no_intervention,201,9414883063.971777,16400.0,0.3176021378295725,16379.0,38202.19243298056,31.143422537725126,1.0
near_critical,no_intervention,202,9392314649.806639,16399.0,0.31935478010407276,16375.0,38042.44713914865,30.644368565724815,1.0
near_critical,no_intervention,203,9413724699.517637,16393.0,0.3171431553640834,16375.0,38224.21424132877,30.321351478077883,1.0
near_critical,no_intervention,204,9402927531.092102,16402.0,0.3181178963894505,16376.0,38129.76603092,30.519108985228815,1.0
near_critical,no_intervention,205,9381784596.082418,16399.0,0.31864638382209215,16380.0,38098.04364914004,30.629517325617112,1.0
near_critical,no_intervention,206,9413421031.321129,16399.0,0.31676076242171,16373.0,38192.824735054746,30.52323795896762,1.0
near_critical,no_intervention,207,9359119421.914099,16398.0,0.31897089905804943,16371.0,37985.95022356311,30.657472766882307,1.0
near_critical,no_intervention,208,9392915585.031395,16398.0,0.3178729430546384,16377.0,38139.79609936032,30.919794441291003,1.0
near_critical,no_intervention,209,9382411949.700556,16397.0,0.3197585863482411,16373.0,38039.68058700495,30.42535513627872,1.0
near_critical,no_intervention,210,9399498973.110838,16396.0,0.3173195701571825,16373.0,38149.09017945756,30.02092943702965,1.0
near_critical,no_intervention,211,9393659819.599155,16398.0,0.31937503825140295,16372.0,38070.31005919359,30.308878558954028,1.0
near_critical,no_intervention,212,9421912519.052929,16401.0,0.3172268212658662,16379.0,38232.64730384373,30.670797327188996,1.0
near_critical,no_intervention,213,9388406448.375118,16398.0,0.3174734299829761,16374.0,38164.50216756147,30.21203227461322,1.0
near_critical,no_intervention,214,9384101007.744267,16398.0,0.31938967485493885,16376.0,38115.69748569423,29.936730255476466,1.0
near_critical,no_intervention,215,9350965496.325485,16399.0,0.3191945794565324,16379.0,37968.638577197016,30.48690512063413,1.0
near_critical,no_intervention,216,9387956880.489906,16401.0,0.3180447442210595,16372.0,38155.53939576696,30.861293372315522,1.0
near_critical,no_intervention,217,9413526568.371569,16400.0,0.31725663101436835,16376.0,38177.964478228256,30.562326218590016,1.0
near_critical,no_intervention,218,9406024131.79857,16398.0,0.31846749927689294,16373.0,38201.524063862,31.48534584674391,1.0
near_critical,no_intervention,219,9407664368.088146,16405.0,0.3178972250067326,16374.0,38160.753098234156,29.942471275642294,1.0
near_critical,no_intervention,220,9376413737.134182,16398.0,0.32008068484712415,16376.0,38002.63279441351,29.962098310115838,1.0
near_critical,no_intervention,221,9390597878.79028,16396.0,0.3170653162600368,16372.0,38144.12832002938,30.829628394587694,1.0
near_critical,no_intervention,222,9409880825.125566,16398.0,0.3174236052550669,16374.0,38148.397285321924,30.133056408964105,1.0
near_critical,no_intervention,223,9413975797.922335,16399.0,0.3168691166192917,16372.0,38194.6638928564,31.678323199256457,1.0
near_critical,no_intervention,224,9406924970.404467,16401.0,0.31691295800707026,16376.0,38169.57097412062,30.919729645638693,1.0
near_critical,no_intervention,225,9399141417.141218,16400.0,0.3179025473556302,16380.0,38142.401419437374,30.319476510493296,1.0
near_critical,no_intervention,226,9361805187.086563,16397.0,0.3182535481119004,16380.0,38060.003944783435,30.47322543022646,1.0
near_critical,no_intervention,227,9398459359.735174,16397.0,0.3174506172952482,16372.0,38152.99456943074,30.952192170578172,1.0
near_critical,no_intervention,228,9360143412.573837,16396.0,0.3184073407522082,16375.0,37984.68204576384,29.248347007131244,1.0
near_critical,no_intervention,229,9432472125.001709,16401.0,0.31505446410878163,16375.0,38293.29375746371,31.5173579944692,1.0
near_critical,no_intervention,230,9405578959.266148,16398.0,0.3172988218410302,16374.0,38201.51933787621,31.009462263850494,1.0
near_critical,no_intervention,231,9402080018.581709,16403.0,0.31657141281275963,16376.0,38185.20805739114,30.921457748812898,1.0
near_critical,no_intervention,232,9383501267.60127,16399.0,0.31830056633686166,16371.0,38064.30371006978,29.82104578263702,1.0
near_critical,no_intervention,233,9394981778.16612,16399.0,0.31805654588176824,16373.0,38126.91103085309,30.735574473131706,1.0
near_critical,no_intervention,234,9391273465.226223,16396.0,0.3168686836198684,16375.0,38161.62326910828,30.815653431672764,1.0
near_critical,no_intervention,235,9400076936.109137,16400.0,0.31815180809255966,16378.0,38135.45057342122,30.67523869547698,1.0
near_critical,no_intervention,236,9391453275.91709,16398.0,0.3169295378038101,16376.0,38150.74639759851,30.69239506367462,1.0
near_critical,no_intervention,237,9386103363.03239,16393.0,0.3180777516076093,16376.0,38106.72775817294,31.206653802619446,1.0
near_critical,no_intervention,238,9401562971.409933,16400.0,0.3175568089788465,16372.0,38163.519321896,31.170557164859535,1.0
near_critical,no_intervention,239,9422450239.756565,16398.0,0.316851700700858,16372.0,38201.27298364453,32.506058727083,1.0
near_critical,no_intervention,240,9368805616.262897,16397.0,0.3187341555721458,16375.0,38021.387191676564,30.34917589689431,1.0
near_critical,no_intervention,241,9385018292.97938,16400.0,0.3175704533187017,16373.0,38150.78598672007,29.90089339509149,1.0
near_critical,no_intervention,242,9403115192.328167,16395.0,0.3175237963419097,16375.0,38232.02959462925,32.61465660556358,1.0
near_critical,no_intervention,243,9372505734.27406,16400.0,0.3190675282989017,16379.0,38043.50370972016,30.109662337477236,1.0
near_critical,no_intervention,244,9391094385.974075,16398.0,0.31691176707695434,16377.0,38114.74998001502,30.680766359686867,1.0
near_critical,no_intervention,245,9400141331.553993,16400.0,0.3181109644269677,16376.0,38165.47962632444,31.493586365131844,1.0
near_critical,no_intervention,246,9378524670.595793,16396.0,0.3189050648793687,16371.0,38053.26917657423,28.996651572746003,1.0
near_critical,no_intervention,247,9376266868.538248,16398.0,0.3190490109995984,16375.0,38057.899131385304,30.39985465511846,1.0
near_critical,no_intervention,248,9398745827.506514,16398.0,0.31787143928481937,16375.0,38095.19327713751,30.613594164816558,1.0
near_critical,no_intervention,249,9389384687.963165,16396.0,0.3185891990600211,16370.0,38092.68080067946,30.071516151171743,1.0
near_critical,traditional,0,9143529299.65134,16391.0,0.3373181931688676,16371.0,36977.85063032281,33.09986031442391,1.0
near_critical,traditional,1,9140089794.744448,16392.0,0.3376075423761509,16375.0,37021.09175864737,32.28255755220165,1.0
near_critical,traditional,2,9175078984.170103,16391.0,0.3357901387372108,16370.0,37169.640696254224,33.16967123690303,1.0
near_critical,traditional,3,9206867587.581131,16392.0,0.3342870057181645,16376.0,37240.98287172198,33.926466309780984,1.0
near_critical,traditional,4,9179117803.866041,16395.0,0.33530925260736494,16375.0,37135.04457655582,32.24951666252535,1.0
near_critical,traditional,5,9166733278.425817,16392.0,0.3353202127833111,16375.0,37133.021867639975,33.31052022217307,1.0
near_critical,traditional,6,9154000017.162222,16395.0,0.33647959664059857,16374.0,37071.54785796837,33.65251115341586,1.0
near_critical,traditional,7,9148429736.86347,16393.0,0.33780387831520753,16375.0,37018.316381826626,32.119556834348074,1.0
near_critical,traditional,8,9183208138.064018,16393.0,0.33598943833116596,16370.0,37128.339343847394,32.86051682470317,1.0
near_critical,traditional,9,9162156694.651083,16389.0,0.3369447128503284,16373.0,37011.471295675845,33.01656510303657,1.0
near_critical,traditional,10,9172688939.10304,16393.0,0.3355736687998266,16374.0,37121.28501294667,33.25668546610727,1.0
near_critical,traditional,11,9193477221.673296,16391.0,0.3365098629480566,16372.0,37121.12976889475,32.6536145419948,1.0
near_critical,traditional,12,9157248176.865122,16393.0,0.33560931426912055,16375.0,37107.4949485633,33.759068998845684,1.0
near_critical,traditional,13,9149012554.812925,16396.0,0.336199221896021,16369.0,37072.86402293772,33.450430293608235,1.0
near_critical,traditional,14,9115332547.490173,16390.0,0.33826522450200686,16374.0,36909.67171724876,32.98560154050921,1.0
near_critical,traditional,15,9140139730.642216,16391.0,0.33890808818675533,16371.0,37003.144547208445,32.64497594348256,1.0
near_critical,traditional,16,9184962492.665037,16389.0,0.33543791309482335,16372.0,37184.905030565504,33.12827891365585,1.0
near_critical,traditional,17,9164386503.447327,16388.0,0.3369149517174729,16371.0,37082.73090140343,32.48104827314267,1.0
near_critical,traditional,18,9195963924.813591,16390.0,0.3337549374176196,16370.0,37200.39505385165,33.84436576034121,1.0
near_critical,traditional,19,9158850970.967783,16391.0,0.33765658013053357,16374.0,37052.34144993298,33.17692390159999,1.0
near_critical,traditional,20,9149323527.220825,16392.0,0.33752967584481675,16371.0,37031.45589832168,33.09941916310792,1.0
near_critical,traditional,21,9151702514.458918,16388.0,0.33729117900212724,16370.0,37080.304446686554,33.57512247342629,1.0
near_critical,traditional,22,9170026540.96142,16390.0,0.33538003660700216,16374.0,37151.51225263258,32.79712269914966,1.0
near_critical,traditional,23,9215549252.386099,16395.0,0.33523448533662054,16374.0,37302.86319415199,33.45433321673254,1.0
near_critical,traditional,24,9199542352.648293,16392.0,0.33414660160114534,16373.0,37249.17262734296,32.78539096547879,1.0
near_critical,traditional,25,9173260489.908617,16389.0,0.33624920146433823,16369.0,37150.21365200718,33.981320434968104,1.0
near_critical,traditional,26,9175093004.78205,16393.0,0.33545754814286755,16374.0,37098.20428522683,33.358908165099436,1.0
near_critical,traditional,27,9206086243.667156,16392.0,0.334142328069481,16370.0,37190.06326302341,33.64728547192185,1.0
near_critical,traditional,28,9169949195.419394,16396.0,0.3360445306902469,16373.0,37085.11615389639,32.95202781295848,1.0
near_critical,traditional,29,9182546083.483294,16390.0,0.3369372279572779,16369.0,37123.52295925491,32.92593262287953,1.0
near_critical,traditional,30,9208032993.327087,16396.0,0.3353983246540753,16371.0,37229.49005265343,32.83127025163248,1.0
near_critical,traditional,31,9196557857.23477,16390.0,0.3343891798109885,16373.0,37242.27826407651,33.84492033400158,1.0
near_critical,traditional,32,9203658310.729229,16392.0,0.33559963011837557,16368.0,37174.758893261715,32.975197407571684,1.0
near_critical,traditional,33,9143329527.109745,16390.0,0.33764962579517566,16375.0,36960.06161645657,32.008242389984375,2.0
near_critical,traditional,34,9165728520.54345,16390.0,0.3361198063299254,16370.0,37097.276353362744,33.56670675279181,1.0
near_critical,traditional,35,9156283329.036634,16393.0,0.3380367487883231,16374.0,36985.03392968245,33.41388864389794,1.0
near_critical,traditional,36,9154411868.765804,16392.0,0.33781226066723685,16373.0,37014.47957269687,32.913521249034865,1.0
near_critical,traditional,37,9204542618.48406,16390.0,0.3338857380764118,16373.0,37235.05784389328,33.48481205970367,1.0
near_critical,traditional,38,9165553811.548582,16390.0,0.33609801534118733,16371.0,37099.61640943371,32.79787462844327,1.0
near_critical,traditional,39,9147430124.502338,16388.0,0.3364383718298438,16373.0,37025.92116372169,32.806516026194544,1.0
near_critical,traditional,40,9205216653.959229,16390.0,0.3339862454235539,16374.0,37239.20271195858,32.62901490289785,1.0
near_critical,traditional,41,9143156271.242216,16393.0,0.33879694463598264,16372.0,36972.73825671549,33.1237952683703,1.0
near_critical,traditional,42,9202395619.243223,16394.0,0.334148938633014,16375.0,37279.355305941426,33.552663520558575,1.0
near_critical,traditional,43,9159714748.98989,16391.0,0.33633938064950286,16369.0,37078.521433617876,32.483640076210364,1.0
near_critical,traditional,44,9156146173.588469,16397.0,0.33755116733317114,16373.0,37007.5680019894,33.01225923053191,1.0
near_critical,traditional,45,9167761906.153742,16393.0,0.33658733702938204,16371.0,37056.55642749789,33.221759195784905,1.0
near_critical,traditional,46,9172082989.45681,16391.0,0.33523434350037523,16372.0,37113.49440571887,33.16365431417688,1.0
near_critical,traditional,47,9192476057.448158,16395.0,0.3367050778654147,16370.0,37220.07129906879,34.04185668220605,1.0
near_critical,traditional,48,9168093866.499062,16391.0,0.33658674330824884,16376.0,37060.736158385,33.61657143698643,1.0
near_critical,traditional,49,9159267203.77293,16386.0,0.33651000636140516,16375.0,37138.342264924875,33.5673710408051,1.0
near_critical,traditional,50,9185232643.270397,16394.0,0.3357334922308219,16373.0,37152.43132829396,32.58927384233735,1.0
near_critical,traditional,51,9158655386.490458,16393.0,0.3362452773572387,16375.0,37058.54547789126,32.96240701688887,1.0
near_critical,traditional,52,9133725316.519411,16387.0,0.33668559799958375,16372.0,36914.86316759515,32.6597659930509,1.0
near_critical,traditional,53,9174329788.570238,16392.0,0.3372574405912342,16369.0,37075.0182484382,33.45529532595544,1.0
near_critical,traditional,54,9164171189.635006,16390.0,0.33690823893230915,16376.0,37076.34627027716,33.59020742173122,1.0
near_critical,traditional,55,9166298307.4656,16389.0,0.33761181890589276,16372.0,37098.009772807985,32.95353411281628,1.0
near_critical,traditional,56,9165904334.042534,16392.0,0.3369330168190252,16373.0,37109.16729160067,33.49256243179288,1.0
near_critical,traditional,57,9216366071.919073,16394.0,0.33378415654003024,16372.0,37271.43827842897,34.806807741208935,1.0
near_critical,traditional,58,9177105491.48545,16389.0,0.33541785801173774,16373.0,37175.468428059314,32.79069434950165,1.0
near_critical,traditional,59,9195187205.668999,16392.0,0.33388406501643564,16375.0,37212.25921560006,33.15518005998657,1.0
near_critical,traditional,60,9146570696.023056,16388.0,0.33789765440097275,16371.0,37053.79911274671,32.455567654607414,1.0
near_critical,traditional,61,9199599802.962269,16394.0,0.33497680931917106,16374.0,37224.16396679204,34.49786489884071,1.0
near_critical,traditional,62,9163880681.089989,16394.0,0.3370328938961305,16374.0,37061.22148758249,33.6286266107097,1.0
near_critical,traditional,63,9159836402.145855,16389.0,0.33606112856511977,16373.0,37095.95071322132,32.73712582888077,1.0
near_critical,traditional,64,9135531878.011204,16393.0,0.33682037317713237,16371.0,37026.95511198138,32.85204239425517,1.0
near_critical,traditional,65,9157288535.265062,16389.0,0.3355498006708832,16372.0,37102.17719125677,33.16691835136567,1.0
near_critical,traditional,66,9201313179.670326,16389.0,0.33450531149807033,16370.0,37245.544007157754,33.29662722565126,1.0
near_critical,traditional,67,9186267826.452383,16393.0,0.335364098754819,16374.0,37154.50738234532,34.10139718061887,1.0
near_critical,traditional,68,9140901287.751354,16392.0,0.33752867548033755,16370.0,36983.08486800931,32.82852612522423,1.0
near_critical,traditional,69,9167534085.792696,16390.0,0.3358853942652658,16371.0,37083.87695775631,33.55747494262826,1.0
near_critical,traditional,70,9154981192.959078,16392.0,0.3360423801255912,16369.0,37071.54568376092,32.33440972130533,1.0
near_critical,traditional,71,9149550611.949224,16392.0,0.3362945096143197,16367.0,36974.89933868076,32.01572246886595,1.0
near_critical,traditional,72,9151229820.465126,16390.0,0.33676510256209896,16368.0,37038.67682276864,32.73161785781638,1.0
near_critical,traditional,73,9211734180.307531,16392.0,0.3344877127643042,16370.0,37251.79783799749,33.31535465094748,1.0
near_critical,traditional,74,9147996709.275043,16393.0,0.336816990196466,16371.0,36999.717230149785,32.330167143494485,1.0
near_critical,traditional,75,9196117655.961418,16394.0,0.3348048444586491,16372.0,37178.6192356243,32.903817513089265,1.0
near_critical,traditional,76,9167972941.750536,16392.0,0.33624726425336904,16375.0,37111.870272867025,32.85906368685487,1.0
near_critical,traditional,77,9149627169.99659,16390.0,0.3370404540755331,16368.0,37057.99723394503,33.13636999229602,1.0
near_critical,traditional,78,9187249490.015219,16392.0,0.3343015739010637,16373.0,37174.974571056235,33.96066649337273,1.0
near_critical,traditional,79,9171228811.273968,16389.0,0.3358154877516872,16374.0,37108.14110990794,33.05596443792657,1.0
near_critical,traditional,80,9210258717.37814,16397.0,0.33520632963181446,16372.0,37211.43496380322,33.93219223384599,1.0
near_critical,traditional,81,9207944087.604284,16393.0,0.3345131984530738,16370.0,37226.22876855174,32.19594172191919,1.0
near_critical,traditional,82,9153705732.429358,16394.0,0.3367525735646393,16372.0,37029.6045235341,33.09323975105419,1.0
near_critical,traditional,83,9139197155.279877,16387.0,0.33678875336497305,16371.0,37032.859189905255,32.74991317513402,2.0
near_critical,traditional,84,9170896288.405949,16395.0,0.3348070880033596,16376.0,37079.24759742172,33.51502354880874,1.0
near_critical,traditional,85,9174531787.500454,16388.0,0.3357846423214351,16372.0,37093.25378791021,33.703942195344496,1.0
near_critical,traditional,86,9185561646.87598,16394.0,0.33615696609961193,16373.0,37152.01102456028,32.36521749799886,1.0
near_critical,traditional,87,9169270119.69066,16397.0,0.3360894735758207,16377.0,37146.76534050574,32.98490678529888,1.0
near_critical,traditional,88,9182826925.350573,16394.0,0.33654613437136205,16377.0,37137.803317662976,33.32587908023613,1.0
near_critical,traditional,89,9130468569.06539,16388.0,0.3379392789974528,16371.0,36936.29243453207,32.46872459057904,1.0
near_critical,traditional,90,9169150470.166817,16394.0,0.33535340747341186,16370.0,37144.69124508122,33.0983720259116,1.0
near_critical,traditional,91,9146848389.250103,16389.0,0.3384182728679245,16370.0,37008.11499293902,32.22965497733467,1.0
near_critical,traditional,92,9139813106.03916,16387.0,0.33493434940781175,16367.0,37032.80003307016,32.916418335409844,1.0
near_critical,traditional,93,9157724921.006176,16388.0,0.33576323030215055,16373.0,37036.59886180898,33.180059419251734,1.0
near_critical,traditional,94,9173199965.485464,16395.0,0.3346314383178845,16374.0,37103.60142848893,32.273885591992645,1.0
near_critical,traditional,95,9196066482.87279,16391.0,0.33511690406817646,16374.0,37203.38592431053,33.64480615847663,1.0
near_critical,traditional,96,9169023849.284286,16392.0,0.33602148224481637,16374.0,37082.07739779559,33.82041235152624,1.0
near_critical,traditional,97,9168744777.237823,16388.0,0.3348063536599508,16371.0,37127.98937104518,32.75844140251252,1.0
near_critical,traditional,98,9165324511.166485,16394.0,0.33621752792059956,16375.0,37105.239391336625,33.35007659253241,1.0
near_critical,traditional,99,9158780788.39472,16388.0,0.3363773435250645,16372.0,37056.38012898657,33.243304830939344,1.0
near_critical,traditional,100,9144388378.220943,16392.0,0.3385057655277522,16369.0,36963.773671521914,33.598381818707175,1.0
near_critical,traditional,101,9182457647.428595,16393.0,0.3356176227894677,16371.0,37157.74797627679,32.85783482133759,1.0
near_critical,traditional,102,9158876770.207201,16390.0,0.33562819730110216,16371.0,37023.43579634061,32.4279962731733,1.0
near_critical,traditional,103,9156520934.005816,16393.0,0.3356416760929201,16371.0,37065.71057237369,33.55105941766864,1.0
near_critical,traditional,104,9171928718.054,16390.0,0.33587586974820477,16370.0,37128.87936056735,33.41316026679377,1.0
near_critical,traditional,105,9158737069.447678,16391.0,0.33535946687632057,16373.0,37082.24979133694,34.192973898609644,1.0
near_critical,traditional,106,9177839988.730991,16394.0,0.33499724568168776,16374.0,37154.17831979356,32.84086610502319,1.0
near_critical,traditional,107,9178733537.69629,16388.0,0.3361759804026455,16371.0,37072.47834844933,32.95254096418577,1.0
near_critical,traditional,108,9160848198.77925,16392.0,0.3356957665823669,16376.0,37095.826851754515,33.58523820176634,1.0
near_critical,traditional,109,9187152270.233934,16390.0,0.3363991814545971,16370.0,37167.3980424158,32.28482037667772,1.0
near_critical,traditional,110,9177214163.44265,16391.0,0.3352318285392411,16374.0,37143.61649042467,32.786035139293375,1.0
near_critical,traditional,111,9148083993.38771,16390.0,0.3370080835936607,16369.0,37038.01652763119,32.068989357668116,1.0
near_critical,traditional,112,9171571535.764387,16395.0,0.33692674140598006,16372.0,37059.315814122245,33.20820875760015,1.0
near_critical,traditional,113,9186061874.164759,16391.0,0.33514830408755286,16372.0,37163.12682918137,33.1734464495375,1.0
near_critical,traditional,114,9144361288.325657,16394.0,0.33677185899012896,16368.0,37000.28317991007,32.65713872290104,1.0
near_critical,traditional,115,9194664488.229485,16393.0,0.33549076778757997,16374.0,37167.35680188696,34.1533095769698,1.0
near_critical,traditional,116,9173463056.060265,16392.0,0.3361327808997792,16373.0,37129.14529639223,32.05638970501614,1.0
near_critical,traditional,117,9188853620.176813,16390.0,0.33447050671717365,16371.0,37223.49911581074,33.206771976963374,1.0
near_critical,traditional,118,9158359258.542215,16390.0,0.3364717078439417,16370.0,37084.579498408966,33.5859240220089,1.0
near_critical,traditional,119,9167965070.274996,16392.0,0.33711141360782737,16380.0,37088.720944380046,31.821315865315572,1.0
near_critical,traditional,120,9184944833.226946,16396.0,0.3350612694847835,16371.0,37129.129499727314,33.10151201035831,1.0
near_critical,traditional,121,9155337608.74955,16390.0,0.3365993281862667,16369.0,37056.60044770584,33.576336614240184,1.0
near_critical,traditional,122,9164561380.305918,16391.0,0.3361601233170084,16372.0,37094.29258436744,33.47007649642748,1.0
near_critical,traditional,123,9164137474.995182,16392.0,0.33654952527345827,16375.0,37078.45350994066,33.334688884187074,1.0
near_critical,traditional,124,9183210226.005125,16388.0,0.3359759912714234,16372.0,37113.20838410376,31.94689884801068,1.0
near_critical,traditional,125,9207288729.266438,16392.0,0.33415123071656727,16376.0,37222.40461120616,33.935932178958694,1.0
near_critical,traditional,126,9169820030.563227,16393.0,0.3365505001527515,16370.0,37080.69251369934,34.28329437041503,1.0
near_critical,traditional,127,9201741614.114082,16393.0,0.33462352984159155,16370.0,37183.02507837758,32.830196044550604,1.0
near_critical,traditional,128,9133848153.984125,16391.0,0.33761816122396454,16369.0,36981.54961848195,32.640355106930855,1.0
near_critical,traditional,129,9155716186.864986,16390.0,0.3362806337807349,16372.0,37097.41504722947,32.38294984480124,1.0
near_critical,traditional,130,9179201544.542263,16393.0,0.33628189126603647,16370.0,37072.08915325542,33.223455678786245,1.0
near_critical,traditional,131,9151767388.363493,16391.0,0.3375271818941152,16366.0,37089.1212739241,32.41050246339452,1.0
near_critical,traditional,132,9215100091.171616,16396.0,0.3346364359113292,16376.0,37214.840904380755,34.57167162473451,1.0
near_critical,traditional,133,9187202604.257542,16390.0,0.33450635562272546,16370.0,37215.654189476256,33.3566178467991,1.0
near_critical,traditional,134,9135656320.245241,16392.0,0.3377387291164942,16371.0,36972.98831345532,32.385869889804916,1.0
near_critical,traditional,135,9167706101.142483,16391.0,0.335182676712946,16372.0,37116.22747042181,32.64630053467252,1.0
near_critical,traditional,136,9136826538.770525,16388.0,0.33781304057681727,16372.0,36970.35921733225,32.334415100026355,2.0
near_critical,traditional,137,9175411382.076054,16392.0,0.33596523937910244,16375.0,37166.98145682923,33.32951104323164,1.0
near_critical,traditional,138,9140057308.49581,16391.0,0.33849924587612945,16372.0,36967.88416027145,33.69723562058971,1.0
near_critical,traditional,139,9138193828.830124,16394.0,0.33795478687497954,16373.0,36990.82309212061,33.7447596169013,1.0
near_critical,traditional,140,9144641327.348948,16395.0,0.3363190099462575,16369.0,37075.05224879172,32.18560082722086,1.0
near_critical,traditional,141,9161233446.92526,16392.0,0.33536741996089453,16370.0,37113.29432960287,32.50172902344408,1.0
near_critical,traditional,142,9158232970.919764,16390.0,0.3379569418908878,16371.0,36986.75199396346,32.052507320836895,1.0
near_critical,traditional,143,9192523996.572062,16394.0,0.3349884495095173,16377.0,37200.8023582161,33.569747510779585,1.0
near_critical,traditional,144,9180744507.41621,16391.0,0.3344515782907061,16373.0,37145.282024025946,33.62465901482664,1.0
near_critical,traditional,145,9199948899.451975,16393.0,0.3341854563832295,16371.0,37259.44715575479,33.686168656637356,1.0
near_critical,traditional,146,9222244384.362684,16392.0,0.33464671718404426,16373.0,37292.80295129633,34.939893291561134,1.0
near_critical,traditional,147,9155609671.059832,16390.0,0.33649275542647406,16372.0,37021.52523451507,33.23508798968954,1.0
near_critical,traditional,148,9150491548.253693,16388.0,0.33603480418140413,16370.0,37017.76524051202,33.569946711350156,2.0
near_critical,traditional,149,9166272043.651628,16393.0,0.33680721192762125,16370.0,37058.01819350088,32.59796501363126,1.0
near_critical,traditional,150,9189458506.095804,16392.0,0.3356376561200219,16372.0,37173.35891663992,32.90428712859419,1.0
near_critical,traditional,151,9159559945.885427,16391.0,0.33698461497610444,16370.0,37116.715781893494,32.017528376516836,1.0
near_critical,traditional,152,9186986260.628841,16392.0,0.33516340209009576,16369.0,37214.71209696544,33.61661226457756,1.0
near_critical,traditional,153,9162144878.647463,16393.0,0.3360861507992312,16372.0,37075.76317136905,32.645852408891514,1.0
near_critical,traditional,154,9150731141.517035,16391.0,0.33695087662654466,16372.0,37021.72308426972,32.65415071764591,1.0
near_critical,traditional,155,9174314702.30821,16388.0,0.3360404817251037,16374.0,37114.922499313616,33.64407087493023,1.0
near_critical,traditional,156,9180146574.969048,16392.0,0.3357693229437907,16368.0,37163.87407804502,34.07429005653218,1.0
near_critical,traditional,157,9182696287.05626,16390.0,0.33679271082682016,16371.0,37104.44441701016,32.71319099294758,1.0
near_critical,traditional,158,9147149147.234627,16393.0,0.33702137113934305,16376.0,37012.34451070673,32.71124481126185,1.0
near_critical,traditional,159,9222639761.926123,16396.0,0.3342985252566664,16378.0,37269.59396377555,34.384008719510334,1.0
near_critical,traditional,160,9161753372.495472,16393.0,0.3357870265486992,16371.0,37122.24080372601,32.95760180654954,1.0
near_critical,traditional,161,9173946991.818258,16394.0,0.33657599877464506,16374.0,37088.75039211277,32.28444961521236,1.0
near_critical,traditional,162,9144142938.953009,16393.0,0.3378432810735634,16372.0,37005.78459510678,32.43322742471653,1.0
near_critical,traditional,163,9163652714.36684,16388.0,0.3359319072504089,16373.0,37064.60677981372,32.37075077777202,2.0
near_critical,traditional,164,9149366413.783472,16389.0,0.33715823991823035,16370.0,36986.62086735666,33.44664270389855,1.0
near_critical,traditional,165,9141215640.85929,16390.0,0.33736590504819797,16370.0,36975.777139955964,32.24325954828873,1.0
near_critical,traditional,166,9145012182.153858,16391.0,0.33698577181524364,16368.0,37027.38508280689,32.68170536944752,1.0
near_critical,traditional,167,9155799511.90488,16394.0,0.33627176952702337,16378.0,37055.097061637425,33.80524757285413,1.0
near_critical,traditional,168,9170454658.822515,16393.0,0.3362340403104745,16378.0,37107.712142728175,33.518617862583234,1.0
near_critical,traditional,169,9179962316.275724,16392.0,0.3360634007837221,16373.0,37151.920173827035,33.35839340975215,1.0
near_critical,traditional,170,9175848243.035503,16392.0,0.33573939858630997,16366.0,37059.21420927784,33.1779623799854,1.0
near_critical,traditional,171,9136139783.267792,16392.0,0.3374562255418394,16376.0,37012.070704907565,32.45107805605936,1.0
near_critical,traditional,172,9209775076.88076,16393.0,0.3342826649443085,16375.0,37223.9303024672,33.205088347274305,1.0
near_critical,traditional,173,9153139176.480305,16391.0,0.33735575981280974,16373.0,37014.18948990118,32.82483903971729,1.0
near_critical,traditional,174,9155072516.392618,16391.0,0.3355286283307526,16370.0,37064.968747523446,32.52765203920223,1.0
near_critical,traditional,175,9195960131.847298,16387.0,0.33413745513833587,16368.0,37244.65475496254,32.679512278163116,1.0
near_critical,traditional,176,9146033132.614616,16389.0,0.336671283773309,16372.0,37034.22879392116,32.51079919200487,1.0
near_critical,traditional,177,9165562747.863503,16392.0,0.3359753789435639,16375.0,37103.56649249894,32.89697718327459,1.0
near_critical,traditional,178,9195885814.561853,16390.0,0.33424412381372354,16373.0,37224.947283992544,32.8754521824725,1.0
near_critical,traditional,179,9187883109.479012,16394.0,0.3353676905942271,16376.0,37198.49830565673,33.43523321203921,1.0
near_critical,traditional,180,9145352978.244762,16391.0,0.33728194370906156,16375.0,37001.43919200089,33.898235971562286,1.0
near_critical,traditional,181,9191829612.776901,16387.0,0.33549190029079956,16376.0,37177.109728076626,32.43344770311977,1.0
near_critical,traditional,182,9173150426.273317,16390.0,0.3354525927075657,16371.0,37137.484478367,32.612352438213286,1.0
near_critical,traditional,183,9172532388.61804,16393.0,0.33597376567053094,16375.0,37132.81379251351,32.88218346865009,1.0
near_critical,traditional,184,9165801389.095827,16393.0,0.3357238284068876,16374.0,37064.69202872456,32.92810271017082,1.0
near_critical,traditional,185,9179178830.336788,16391.0,0.3358337209193622,16372.0,37125.0187341155,33.276043604883796,1.0
near_critical,traditional,186,9167191279.023329,16389.0,0.33573975461888306,16373.0,37080.99314780609,32.77875355372897,1.0
near_critical,traditional,187,9175788493.891523,16391.0,0.33584042438633016,16370.0,37121.483240836555,33.14088263154694,1.0
near_critical,traditional,188,9192144052.654493,16392.0,0.3351778805814217,16373.0,37179.7159205163,34.230922642602046,1.0
near_critical,traditional,189,9156570184.53654,16389.0,0.33574086116375557,16370.0,37033.98836168165,34.321814587994105,1.0
near_critical,traditional,190,9173836807.3465,16394.0,0.33600703337929977,16371.0,37098.895876355964,32.55574307999262,1.0
near_critical,traditional,191,9165462253.343697,16392.0,0.33692139603859284,16373.0,37101.05136812355,32.558453150956325,1.0
near_critical,traditional,192,9157435928.315676,16396.0,0.336155248142495,16372.0,37131.19073530903,32.8816923725976,1.0
near_critical,traditional,193,9169933546.074413,16388.0,0.33797695154790114,16368.0,37084.94032317706,32.20941318021665,1.0
near_critical,traditional,194,9174161332.134575,16394.0,0.3363341015028567,16374.0,37079.97578311569,33.83436129088255,1.0
near_critical,traditional,195,9153037543.019606,16393.0,0.3361653238390155,16374.0,37080.59085041982,34.30495241903311,1.0
near_critical,traditional,196,9167821344.564772,16390.0,0.33600858291590274,16368.0,37104.764971897035,32.808067575214984,1.0
near_critical,traditional,197,9168915370.554052,16389.0,0.33702396734815837,16372.0,37089.15382649834,32.76933007989352,1.0
near_critical,traditional,198,9171141244.730642,16389.0,0.3359387901547441,16374.0,37181.89014509837,32.52497621719829,1.0
near_critical,traditional,199,9192085993.572987,16388.0,0.33533920163233594,16372.0,37159.351259988696,32.32553697350637,1.0
near_critical,traditional,200,9176012794.120085,16392.0,0.33657435249149875,16371.0,37120.84051095188,33.00947062983476,1.0
near_critical,traditional,201,9138425451.547646,16394.0,0.3364514671728809,16376.0,37000.68118971279,32.44463231220773,1.0
near_critical,traditional,202,9156257420.081503,16387.0,0.3364858302019088,16365.0,37022.85129207184,33.16338047372908,1.0
near_critical,traditional,203,9165969688.987144,16391.0,0.33591225509180517,16369.0,37143.61061618927,33.477106912269946,1.0
near_critical,traditional,204,9202171166.986895,16394.0,0.3353644058718353,16376.0,37190.00598042112,33.61479473664712,1.0
near_critical,traditional,205,9142170613.328749,16391.0,0.3381856102256971,16371.0,36949.23178023344,31.641624934002788,1.0
near_critical,traditional,206,9190081556.926447,16391.0,0.33659326600359785,16371.0,37144.26823715879,33.958969397329376,1.0
near_critical,traditional,207,9212420437.813929,16391.0,0.3352305767646687,16375.0,37272.96175030364,32.89241562491708,1.0
near_critical,traditional,208,9142635010.875437,16392.0,0.3374235803337907,16375.0,37018.838449516756,33.91085747880556,1.0
near_critical,traditional,209,9157457182.478252,16393.0,0.33604236217518085,16372.0,37099.82386362457,33.22346873279297,1.0
near_critical,traditional,210,9172920484.638908,16394.0,0.336731233125817,16375.0,37061.17854860727,31.88863608887374,1.0
near_critical,traditional,211,9177843832.420792,16392.0,0.3344308464029268,16371.0,37209.512960403714,33.08625628699204,1.0
near_critical,traditional,212,9158633487.566696,16390.0,0.3366427365056414,16374.0,37058.20710089115,32.68613081387781,1.0
near_critical,traditional,213,9111331212.37797,16391.0,0.33723338808103254,16365.0,36948.96541847588,32.88382322591695,1.0
near_critical,traditional,214,9149911477.61424,16392.0,0.33608757411783236,16370.0,37024.15598473026,32.53627353976956,1.0
near_critical,traditional,215,9134359443.749165,16393.0,0.33700967532096193,16374.0,36976.01889852565,32.27295206580057,1.0
near_critical,traditional,216,9142777216.533215,16389.0,0.3374051564787926,16369.0,36972.50716400518,32.15668271188604,2.0
near_critical,traditional,217,9122056091.316715,16392.0,0.33872363160287583,16368.0,36959.359128644996,32.42189350647433,1.0
near_critical,traditional,218,9129244381.188679,16389.0,0.33775733800972413,16373.0,36959.568799149376,32.30359612282785,1.0
near_critical,traditional,219,9147451870.975367,16391.0,0.33718816321546724,16375.0,37043.533655035724,32.2024306629287,1.0
near_critical,traditional,220,9162816922.008715,16390.0,0.3362100756505577,16373.0,37054.79349338797,32.26846165584002,1.0
near_critical,traditional,221,9158949897.793047,16391.0,0.3358598524951198,16369.0,37093.98628158509,32.9743568433343,1.0
near_critical,traditional,222,9161077421.820545,16397.0,0.33573506862376745,16375.0,37107.85109057589,34.97069836228781,1.0
near_critical,traditional,223,9146527880.510288,16392.0,0.3364130155981757,16374.0,37074.91541350306,33.61888409255054,1.0
near_critical,traditional,224,9181937550.2087,16390.0,0.3347781825072975,16368.0,37162.471865288426,33.027455234417786,1.0
near_critical,traditional,225,9172226646.699799,16390.0,0.3366324540652319,16377.0,37088.18648031576,32.123443816482585,1.0
near_critical,traditional,226,9198109344.19752,16387.0,0.33522822561591836,16372.0,37168.7765688046,32.81225597902331,1.0
near_critical,traditional,227,9186696739.57698,16389.0,0.3341853526541635,16370.0,37227.61275302215,33.61865627502871,1.0
near_critical,traditional,228,9135692020.448437,16395.0,0.33775073519331617,16372.0,36938.15490512896,32.43298383343715,1.0
near_critical,traditional,229,9151379080.709824,16390.0,0.3378373430197056,16373.0,37024.96523638264,34.14139234646823,1.0
near_critical,traditional,230,9176200055.441135,16387.0,0.3358979443660491,16363.0,37078.59131468729,33.522259377524136,2.0
near_critical,traditional,231,9195514341.884945,16392.0,0.3349860470316401,16373.0,37227.337716750924,33.63752573936063,1.0
near_critical,traditional,232,9150437729.812088,16390.0,0.3366228141267392,16371.0,37054.587428501996,34.06823717742616,1.0
near_critical,traditional,233,9141734864.874908,16394.0,0.33737875008007057,16375.0,36968.58207378417,33.28066322712086,1.0
near_critical,traditional,234,9162140313.1335,16390.0,0.336223216568264,16373.0,37064.6926875539,32.16972316868374,1.0
near_critical,traditional,235,9173124663.498545,16395.0,0.3341980986114611,16376.0,37187.47523223739,34.05872725205593,1.0
near_critical,traditional,236,9190185349.03021,16390.0,0.33624744071780877,16370.0,37172.637729468035,32.97398797334988,1.0
near_critical,traditional,237,9165790056.102392,16390.0,0.3363512647145854,16369.0,37070.64282014847,33.76613766267148,1.0
near_critical,traditional,238,9156489620.571285,16388.0,0.3362627175307728,16372.0,37044.8036381795,34.00262905018143,1.0
near_critical,traditional,239,9186281776.053059,16394.0,0.33482487831142427,16372.0,37177.355322408024,33.19773298084228,1.0
near_critical,traditional,240,9177883727.782694,16394.0,0.336700105635783,16373.0,37108.79096202196,32.22372315221016,1.0
near_critical,traditional,241,9157466174.083641,16393.0,0.336589595199325,16376.0,36990.135498097094,32.61182117229248,1.0
near_critical,traditional,242,9152453142.147282,16392.0,0.336777247230419,16369.0,37088.76346889069,32.78143022771885,1.0
near_critical,traditional,243,9167304912.545113,16394.0,0.33578710984152604,16371.0,37076.08121846354,33.14181649423265,1.0
near_critical,traditional,244,9160922635.85677,16392.0,0.33566647773951147,16374.0,37106.86291408775,32.25331444491313,1.0
near_critical,traditional,245,9138844193.683435,16391.0,0.3368312239242324,16373.0,37010.4438938034,32.67802192294845,1.0
near_critical,traditional,246,9177807361.852856,16393.0,0.3365642890993183,16372.0,37117.98308390137,32.526739562492544,1.0
near_critical,traditional,247,9193786754.601425,16392.0,0.33542214683896465,16373.0,37190.55961017545,33.6092478510518,1.0
near_critical,traditional,248,9135988140.707813,16390.0,0.3369552320495593,16370.0,37026.67253656778,32.750817280514426,1.0
near_critical,traditional,249,9183773181.77703,16393.0,0.3361214663152911,16373.0,37184.96713106895,33.00091138735573,1.0
near_critical,near_critical,0,9169254022.16413,16391.0,0.33799288108292663,16372.0,37113.60058238892,31.916418059138678,1.0
near_critical,near_critical,1,9160503057.640358,16394.0,0.33689576770658813,16376.0,37099.519315990205,33.18279634090723,1.0
near_critical,near_critical,2,9166781809.371832,16390.0,0.33472012833354337,16371.0,37130.71961891374,32.42374791285237,1.0
near_critical,near_critical,3,9160951087.653875,16391.0,0.3360342441136942,16373.0,37118.03734594115,32.87963093750611,1.0
near_critical,near_critical,4,9190135203.490505,16390.0,0.3354014474492759,16378.0,37192.16120588348,32.143763673673185,1.0
near_critical,near_critical,5,9189740148.509453,16392.0,0.33459896126229705,16375.0,37193.026402935684,32.72782799932932,1.0
near_critical,near_critical,6,9144183103.351566,16393.0,0.3390497263039421,16370.0,36965.9970660882,32.44611547318832,1.0
near_critical,near_critical,7,9174477489.738104,16386.0,0.33637345069227,16374.0,37137.18404697064,33.12761967186698,1.0
near_critical,near_critical,8,9146768607.662092,16389.0,0.33782024786735443,16369.0,36990.7758396771,32.80839487082526,1.0
near_critical,near_critical,9,9150864253.255667,16390.0,0.33828368828572963,16370.0,37056.24049836608,32.491568918722116,1.0
near_critical,near_critical,10,9153868401.29391,16392.0,0.33629605486729625,16373.0,37098.815759790494,31.399223524009184,1.0
near_critical,near_critical,11,9164034615.358875,16393.0,0.33695765866468724,16372.0,37052.32838216694,33.28238891308226,1.0
near_critical,near_critical,12,9160514994.76231,16391.0,0.3371005132127706,16373.0,37036.486835786505,33.10633181230193,1.0
near_critical,near_critical,13,9142829457.554623,16390.0,0.33832444329557065,16371.0,36970.605194363474,32.051718572279505,1.0
near_critical,near_critical,14,9126636020.253294,16388.0,0.33802598879168805,16377.0,36957.97473484371,31.907236694176998,1.0
near_critical,near_critical,15,9133938540.179365,16393.0,0.3369891944422285,16371.0,37012.21477385015,32.59648215816252,1.0
near_critical,near_critical,16,9149295918.365215,16390.0,0.3369919016940194,16376.0,37041.80252598922,32.65361072563337,1.0
near_critical,near_critical,17,9137204407.28045,16390.0,0.33832064183104366,16369.0,36911.506959806364,32.571660738156574,1.0
near_critical,near_critical,18,9175438984.922314,16391.0,0.33660848641341756,16376.0,37073.740844757514,33.308185044493,1.0
near_critical,near_critical,19,9178903759.931692,16394.0,0.3366142131633326,16375.0,37107.78155487246,32.39542504187844,1.0
near_critical,near_critical,20,9132380113.732801,16393.0,0.33920967608592734,16376.0,36906.62504692335,32.03093144826547,1.0
near_critical,near_critical,21,9163559929.382343,16386.0,0.33700536914923374,16371.0,37093.87329171044,33.34678389763955,1.0
near_critical,near_critical,22,9152370285.488659,16392.0,0.3361900226038088,16373.0,37091.75352980811,33.50138586725907,1.0
near_critical,near_critical,23,9151407434.189861,16389.0,0.3370532180179253,16371.0,37063.84891920186,32.573618623382174,1.0
near_critical,near_critical,24,9172567919.793856,16390.0,0.3365119086676504,16372.0,37120.88491963445,32.71310343794262,1.0
near_critical,near_critical,25,9137846400.869932,16394.0,0.3379690526480713,16377.0,36987.504551954946,32.529618142916576,1.0
near_critical,near_critical,26,9128934540.374893,16389.0,0.33812851008782857,16369.0,36962.132548274574,32.10211941933242,1.0
near_critical,near_critical,27,9171534277.714722,16393.0,0.335984476749344,16377.0,37090.217471172546,32.58609171676143,1.0
near_critical,near_critical,28,9149815888.047653,16390.0,0.3367335716027522,16374.0,37019.357746270754,33.14983237931311,1.0
near_critical,near_critical,29,9171615616.423742,16389.0,0.336586094099673,16370.0,37113.33873981897,33.402350923168726,1.0
near_critical,near_critical,30,9141687587.795607,16391.0,0.3368137621267611,16368.0,37038.48719483714,32.96761451053852,1.0
near_critical,near_critical,31,9150983050.94451,16389.0,0.337705689187366,16369.0,36974.00736550446,31.23599745680277,1.0
near_critical,near_critical,32,9186665694.4509,16393.0,0.3368154664157457,16377.0,37150.56180144286,33.886705996679034,1.0
near_critical,near_critical,33,9165339241.115757,16390.0,0.337204118578255,16372.0,37097.20333062151,32.78438576125882,1.0
near_critical,near_critical,34,9134832530.544643,16392.0,0.3386792312856015,16374.0,36975.2110011737,31.780232322560494,1.0
near_critical,near_critical,35,9171737005.512352,16391.0,0.3370498926733204,16372.0,37117.99342151942,32.848175732282954,1.0
near_critical,near_critical,36,9152437995.679743,16395.0,0.33698442367334003,16370.0,37002.32839145448,33.08843310008722,1.0
near_critical,near_critical,37,9157798912.874226,16389.0,0.3364509152178965,16369.0,37103.977870906994,33.81748741823036,1.0
near_critical,near_critical,38,9158543406.352152,16390.0,0.3363791471779598,16374.0,37058.79691818603,33.50987676534141,1.0
near_critical,near_critical,39,9187866466.992687,16391.0,0.3345605198487384,16370.0,37196.22937067428,33.6261628269071,1.0
near_critical,near_critical,40,9162317001.542244,16387.0,0.335320112754614,16371.0,37098.31895678679,32.15935600959348,1.0
near_critical,near_critical,41,9177007983.075542,16390.0,0.3359904398303572,16368.0,37124.68011881622,33.084985476806516,1.0
near_critical,near_critical,42,9115187508.551914,16389.0,0.33923263057246467,16373.0,36898.42832502725,32.69828134112067,1.0
near_critical,near_critical,43,9172310489.315403,16388.0,0.3358841820113492,16374.0,37129.284788087476,34.043571389022965,1.0
near_critical,near_critical,44,9199964822.393616,16388.0,0.33594407905940504,16371.0,37178.528926466075,32.81101485397726,1.0
near_critical,near_critical,45,9150542129.96962,16390.0,0.3366097418107172,16371.0,37056.82201751793,33.09582392764754,1.0
near_critical,near_critical,46,9174027795.519499,16391.0,0.3360003683665491,16371.0,37151.46027719514,31.928415443298707,1.0
near_critical,near_critical,47,9139159416.530443,16391.0,0.3385954647437859,16372.0,36975.911037825856,30.981781474494394,1.0
near_critical,near_critical,48,9136854942.312885,16390.0,0.33698479070528164,16367.0,37069.48854963233,33.39342017913437,1.0
near_critical,near_critical,49,9135290277.278357,16389.0,0.3373566600618501,16372.0,36972.2357956822,32.164998708856,2.0
near_critical,near_critical,50,9169092515.345606,16392.0,0.3367149077445596,16370.0,37123.559788656836,32.52137546263286,1.0
near_critical,near_critical,51,9158624359.260344,16390.0,0.33590082493515383,16369.0,37089.59829643651,32.55267527465104,1.0
near_critical,near_critical,52,9149218218.369713,16393.0,0.3369535848699192,16371.0,36993.798523813355,33.04350902382119,1.0
near_critical,near_critical,53,9150685495.160381,16387.0,0.337452569920577,16370.0,37038.04690956401,32.91636193965824,1.0
near_critical,near_critical,54,9181342712.510595,16391.0,0.3347810881617504,16373.0,37196.87613149779,33.2279404117705,1.0
near_critical,near_critical,55,9146256265.059574,16387.0,0.3376496602590054,16372.0,36924.761532539305,32.75386011627682,1.0
near_critical,near_critical,56,9189445858.544619,16396.0,0.3345590108475484,16375.0,37246.69548755839,32.815434531710544,1.0
near_critical,near_critical,57,9150677815.01071,16393.0,0.33748208458801987,16372.0,37025.37655143917,32.252640326646464,1.0
near_critical,near_critical,58,9175175981.481377,16390.0,0.3361890963592467,16376.0,37088.033020981136,33.435279013624786,1.0
near_critical,near_critical,59,9138525330.168081,16388.0,0.3378203267732398,16370.0,36972.21268130154,32.63165952385124,1.0
near_critical,near_critical,60,9155520147.801601,16389.0,0.33613175002763196,16374.0,37106.43098895739,33.71700866216976,1.0
near_critical,near_critical,61,9153218052.881018,16393.0,0.3368419831046015,16374.0,37035.701208931925,32.172190375884,1.0
near_critical,near_critical,62,9178439880.35444,16399.0,0.334757175831224,16376.0,37138.881591652855,33.659486311873444,1.0
near_critical,near_critical,63,9158450969.646004,16389.0,0.33700773558913316,16375.0,37050.01865555996,32.26048371584257,1.0
near_critical,near_critical,64,9158693309.26327,16391.0,0.33757356737307836,16376.0,37014.9961503197,33.19990238296661,1.0
near_critical,near_critical,65,9151716616.076561,16397.0,0.337558738684595,16370.0,37045.70084748966,32.997395241927045,1.0
near_critical,near_critical,66,9172228402.487198,16391.0,0.3342252534920692,16368.0,37178.98497074725,33.38257215188588,1.0
near_critical,near_critical,67,9121658651.057257,16390.0,0.3380302915360479,16371.0,36992.08611858837,32.48531115288908,1.0
near_critical,near_critical,68,9158551697.108772,16393.0,0.3373823017129309,16374.0,37065.126274983675,32.33509266108495,1.0
near_critical,near_critical,69,9191104065.639013,16386.0,0.3358335282639977,16373.0,37163.97591684771,33.20026179729027,1.0
near_critical,near_critical,70,9174382404.738363,16388.0,0.3352911218181381,16373.0,37109.306932750325,33.67657676434229,1.0
near_critical,near_critical,71,9162881729.063753,16391.0,0.33685537874509247,16374.0,37056.65027735544,31.919781513875257,1.0
near_critical,near_critical,72,9140100884.64199,16389.0,0.33655110746480416,16374.0,37007.339985904364,32.796359218780886,1.0
near_critical,near_critical,73,9171193403.04568,16390.0,0.3363564522692582,16374.0,37135.54885386731,32.49804527986422,1.0
near_critical,near_critical,74,9183319570.873062,16390.0,0.33680108575345385,16376.0,37148.42486705409,32.22793811987495,1.0
near_critical,near_critical,75,9141341722.685461,16392.0,0.33815879218229156,16368.0,36991.487188200874,31.9060371790133,1.0
near_critical,near_critical,76,9181873470.619574,16389.0,0.33677346881412984,16371.0,37101.34547396063,32.812966270446616,1.0
near_critical,near_critical,77,9181231094.883463,16386.0,0.3349981101968538,16370.0,37152.049445974226,32.75508699711728,1.0
near_critical,near_critical,78,9179679787.72521,16388.0,0.33520736322740496,16371.0,37202.77549857615,32.82348085267774,1.0
near_critical,near_critical,79,9186073839.088146,16390.0,0.3370462550507714,16372.0,37161.30523111656,33.781003861742604,1.0
near_critical,near_critical,80,9164807742.601656,16388.0,0.33639035368774756,16374.0,37076.36707725604,32.61207454933965,1.0
near_critical,near_critical,81,9152545364.280226,16388.0,0.33822131222012974,16368.0,37038.05652254943,32.40230578495033,1.0
near_critical,near_critical,82,9190360460.914843,16387.0,0.3359865130107773,16373.0,37171.39463448615,33.05363888563004,1.0
near_critical,near_critical,83,9137439935.657589,16393.0,0.3385296111850694,16376.0,36972.81654226681,32.44004017323353,1.0
near_critical,near_critical,84,9141350606.776619,16394.0,0.33751954657135796,16370.0,36990.825460709035,33.56393924535822,1.0
near_critical,near_critical,85,9149235293.869001,16388.0,0.3374536156205374,16373.0,37015.89322655233,32.275043845372586,1.0
near_critical,near_critical,86,9155290650.06084,16390.0,0.33884794266266544,16369.0,37001.15089185279,33.42436253014173,1.0
near_critical,near_critical,87,9139108241.066805,16391.0,0.3370432402832057,16367.0,36992.58532046876,31.86639689318984,1.0
near_critical,near_critical,88,9192218464.8466,16392.0,0.33553081469963847,16368.0,37178.57805798285,34.051571882101676,1.0
near_critical,near_critical,89,9167519961.565315,16393.0,0.3368947496230155,16371.0,37092.887784076236,32.304657100697455,1.0
near_critical,near_critical,90,9147239894.870453,16391.0,0.33726641446493577,16371.0,37013.53485083994,32.534429087968334,1.0
near_critical,near_critical,91,9164535423.9913,16388.0,0.33642122664278595,16370.0,37131.64233232164,33.41767103382609,1.0
near_critical,near_critical,92,9160101408.468254,16390.0,0.33738026654342346,16371.0,37067.655689627376,33.07431305204578,1.0
near_critical,near_critical,93,9167187685.58461,16395.0,0.3361793744665526,16374.0,37070.568264304406,33.65971089733889,1.0
near_critical,near_critical,94,9149954232.418036,16385.0,0.33880538784327413,16374.0,36963.03296854684,31.914946679210324,1.0
near_critical,near_critical,95,9183620256.28184,16389.0,0.33678785593010324,16371.0,37101.81160827005,33.77680488218586,1.0
near_critical,near_critical,96,9161233878.056465,16394.0,0.33762669969080433,16371.0,37032.04869147955,32.017931950604385,1.0
near_critical,near_critical,97,9156777485.461367,16390.0,0.33784782405904723,16372.0,37035.05707294189,32.275100510042826,1.0
near_critical,near_critical,98,9119727438.525446,16391.0,0.33978871886403955,16376.0,36924.08705136118,32.505812679365604,1.0
near_critical,near_critical,99,9181202147.192425,16393.0,0.33694009787664014,16376.0,37178.39037855346,33.254685356958475,1.0
near_critical,near_critical,100,9158696907.916147,16393.0,0.3368623795394945,16366.0,37069.86536401544,32.36107823444418,1.0
near_critical,near_critical,101,9153641921.296064,16393.0,0.3374148581907055,16367.0,37041.967831602225,32.95303018554703,1.0
near_critical,near_critical,102,9192901544.355736,16393.0,0.33665072681332425,16373.0,37161.41039395861,32.19607018704632,1.0
near_critical,near_critical,103,9168624286.155684,16392.0,0.33709550689313394,16370.0,37075.18042597107,32.41293833388621,1.0
near_critical,near_critical,104,9121824020.91347,16391.0,0.33818556494041857,16367.0,36922.05684542655,32.4684663183497,1.0
near_critical,near_critical,105,9182070877.229174,16386.0,0.3352343662381784,16373.0,37179.74140918456,32.124035934614625,1.0
near_critical,near_critical,106,9160500037.09109,16388.0,0.3369285615757788,16373.0,37070.64898254983,32.91176921830108,1.0
near_critical,near_critical,107,9168696627.355171,16387.0,0.3383703114276535,16372.0,37026.20795528808,32.294106927445974,1.0
near_critical,near_critical,108,9188058862.870052,16395.0,0.3367998958539748,16370.0,37141.78788829062,32.706870749171244,1.0
near_critical,near_critical,109,9137708748.13775,16388.0,0.3374911944366345,16372.0,36953.64652214753,32.49893609693891,1.0
near_critical,near_critical,110,9116916182.153172,16392.0,0.33737148946755846,16373.0,36922.391611720646,33.2855919051168,1.0
near_critical,near_critical,111,9187293181.15153,16392.0,0.335624392792316,16377.0,37163.358625327135,32.4884312579356,1.0
near_critical,near_critical,112,9158200509.495502,16389.0,0.33720814485094336,16374.0,37024.81836178621,31.16759715979322,1.0
near_critical,near_critical,113,9117988678.077291,16388.0,0.3387459264598192,16375.0,36934.33814620055,31.838437732130934,1.0
near_critical,near_critical,114,9147535267.740793,16394.0,0.3369504464726959,16373.0,37018.60486705356,32.32345050923521,1.0
near_critical,near_critical,115,9184118102.583992,16392.0,0.3356761317362194,16369.0,37130.678144886275,32.821946606813086,1.0
near_critical,near_critical,116,9198478660.860588,16392.0,0.334980942325004,16372.0,37153.69185088015,32.35096040146668,1.0
near_critical,near_critical,117,9144800818.996283,16390.0,0.33706707479456816,16370.0,37065.158138957006,32.51853375442342,1.0
near_critical,near_critical,118,9148084435.97178,16389.0,0.3375657643950574,16374.0,37054.03426886533,33.61375234339127,1.0
near_critical,near_critical,119,9183132712.489561,16388.0,0.3351619892766984,16374.0,37188.604314719116,33.65800051613915,1.0
near_critical,near_critical,120,9115538508.421965,16391.0,0.3386948600215975,16376.0,36887.732409083794,32.18724651501036,1.0
near_critical,near_critical,121,9133503540.128262,16387.0,0.3370938909669813,16373.0,37020.11738473634,32.90400439822142,1.0
near_critical,near_critical,122,9176926984.112883,16391.0,0.33741081398698497,16370.0,37052.6910740055,32.21686764896708,1.0
near_critical,near_critical,123,9139820167.282104,16389.0,0.3378617143039972,16371.0,36995.4460620325,32.61709420329296,1.0
near_critical,near_critical,124,9154600006.11959,16390.0,0.33779820633752605,16370.0,37061.88578465598,32.64654978092382,2.0
near_critical,near_critical,125,9172249632.297045,16388.0,0.3355693470461429,16371.0,37117.2435091574,32.4588535245891,1.0
near_critical,near_critical,126,9139400117.744226,16392.0,0.33672953663042904,16367.0,36984.65079361488,32.37469145137887,1.0
near_critical,near_critical,127,9152037756.700447,16391.0,0.3369246958808278,16374.0,37032.505187831004,33.20082483779283,1.0
near_critical,near_critical,128,9114583343.39385,16389.0,0.3394258557180954,16363.0,36871.32482693664,31.598201049437453,1.0
near_critical,near_critical,129,9103018421.11759,16391.0,0.3383459784810524,16370.0,36919.6886387538,32.47494833534508,1.0
near_critical,near_critical,130,9207340064.033478,16393.0,0.3339425294947082,16373.0,37301.55049067114,33.171959509262095,1.0
near_critical,near_critical,131,9147346554.734442,16392.0,0.3386322651874721,16375.0,37015.93293870118,32.76803932012042,1.0
near_critical,near_critical,132,9162823158.58725,16390.0,0.3378374967979866,16369.0,37071.60903484205,32.43938340258322,1.0
near_critical,near_critical,133,9142303682.997152,16391.0,0.3372468663001714,16375.0,36992.07457475078,31.87058493478847,1.0
near_critical,near_critical,134,9162133699.579361,16395.0,0.33792044875186816,16371.0,37097.05915219996,32.48690681551318,1.0
near_critical,near_critical,135,9167115806.312038,16386.0,0.33748621900056414,16369.0,37069.716651855386,31.215964551742392,1.0
near_critical,near_critical,136,9149263545.493357,16393.0,0.33793118530618954,16372.0,37001.53744437645,32.66085907635194,1.0
near_critical,near_critical,137,9136429638.506664,16394.0,0.3382549914716871,16371.0,37006.12085785587,32.326332666148964,1.0
near_critical,near_critical,138,9138629027.880775,16388.0,0.33858047137326375,16373.0,37021.5513797638,31.788697147490016,1.0
near_critical,near_critical,139,9188517906.370579,16391.0,0.33593900721861314,16374.0,37240.25199560684,33.39027856052465,1.0
near_critical,near_critical,140,9168340184.961506,16393.0,0.33652672631634867,16374.0,37105.00492093716,32.74935359175901,1.0
near_critical,near_critical,141,9146726765.296368,16394.0,0.33775247380676215,16376.0,37051.18300285087,33.04605085986315,1.0
near_critical,near_critical,142,9141891959.582098,16388.0,0.3379753872193173,16371.0,37010.78373685642,32.216011603255716,1.0
near_critical,near_critical,143,9099441902.54321,16387.0,0.3395817083834692,16366.0,36844.11930964496,31.431701233753817,1.0
near_critical,near_critical,144,9144942994.109118,16390.0,0.3366119965607461,16374.0,37041.22303883863,33.48597551851267,1.0
near_critical,near_critical,145,9130395093.224358,16387.0,0.33757600597629334,16370.0,36996.24215703305,32.8317516141735,1.0
near_critical,near_critical,146,9162512645.515911,16389.0,0.3373079060507565,16371.0,37095.49623474844,32.12566596935503,1.0
near_critical,near_critical,147,9156609493.388836,16390.0,0.33780748553119394,16373.0,37052.06810349292,32.36379115461375,1.0
near_critical,near_critical,148,9121777084.238686,16392.0,0.3391626786727009,16374.0,36892.35352327252,31.675633361729165,1.0
near_critical,near_critical,149,9168832702.847387,16390.0,0.33621110287080125,16367.0,37082.21749939668,32.30711864273403,1.0
near_critical,near_critical,150,9182656501.622126,16389.0,0.33516944893958944,16372.0,37189.99595230091,33.4571329552723,1.0
near_critical,near_critical,151,9150034199.869196,16390.0,0.33601584091825587,16373.0,37094.54235708495,32.441658681332164,1.0
near_critical,near_critical,152,9144362420.32538,16391.0,0.33780950488095407,16371.0,37000.77960743939,31.6316392114407,1.0
near_critical,near_critical,153,9171706408.137691,16388.0,0.33689444387939754,16374.0,37110.981153593704,32.97757885891309,1.0
near_critical,near_critical,154,9131564244.677877,16390.0,0.33919059175618443,16371.0,36963.52933880227,33.0625174107366,1.0
near_critical,near_critical,155,9135529365.139614,16392.0,0.33732388985003947,16371.0,37044.612963269916,32.71499436669219,1.0
near_critical,near_critical,156,9177731445.235003,16395.0,0.33654509395878984,16375.0,37154.34175402373,32.629512821327936,1.0
near_critical,near_critical,157,9187185678.780088,16394.0,0.33533746010467796,16374.0,37133.36200261922,32.994855614819784,1.0
near_critical,near_critical,158,9162962942.05695,16395.0,0.33658705663357075,16374.0,37077.58069389959,32.62093023485183,1.0
near_critical,near_critical,159,9146867037.665953,16393.0,0.33766763075464984,16374.0,37027.01023212944,32.464995752119506,1.0
near_critical,near_critical,160,9200113909.429214,16391.0,0.3348799855147925,16370.0,37183.519038406,31.635727080948513,1.0
near_critical,near_critical,161,9125888782.937717,16389.0,0.33711890282275186,16370.0,37011.4586742103,32.34240652550873,1.0
near_critical,near_critical,162,9162236924.058407,16391.0,0.33720290365050826,16370.0,37061.445132567984,32.655832664309635,1.0
near_critical,near_critical,163,9179813754.906717,16392.0,0.3368739126681806,16376.0,37139.51792895314,33.09954270830265,1.0
near_critical,near_critical,164,9168720436.469992,16389.0,0.3374537041374216,16374.0,37096.33423251999,32.470404215982555,1.0
near_critical,near_critical,165,9186911048.844254,16387.0,0.3358563397083476,16366.0,37157.48847807996,32.326074784476916,1.0
near_critical,near_critical,166,9164598677.710566,16391.0,0.3370402717689462,16374.0,37082.8888415871,32.492687502821155,1.0
near_critical,near_critical,167,9153970926.88563,16389.0,0.33726603973121416,16372.0,37071.23254561611,31.895965356114655,1.0
near_critical,near_critical,168,9150134496.652008,16389.0,0.33744717588059164,16374.0,36984.32033955358,32.16660445308607,1.0
near_critical,near_critical,169,9140740383.308855,16386.0,0.33662444842445,16370.0,37020.632665784324,33.09752501613723,1.0
near_critical,near_critical,170,9145522723.888695,16390.0,0.3372007844045352,16371.0,37073.34876486797,33.1070318219435,1.0
near_critical,near_critical,171,9167058789.965702,16390.0,0.3365223043124146,16373.0,37086.729103244026,31.89573249559997,1.0
near_critical,near_critical,172,9149047574.860558,16391.0,0.3371844126936432,16373.0,37005.11705377476,32.02476014806353,1.0
near_critical,near_critical,173,9147128296.10216,16392.0,0.3360098670244166,16371.0,37028.94214711239,32.0547423271545,1.0
near_critical,near_critical,174,9161538461.01216,16389.0,0.336942099586464,16372.0,37077.95745145521,31.968377642828703,1.0
near_critical,near_critical,175,9148900686.323349,16389.0,0.3377114075371476,16373.0,37021.17307707602,32.08248765685363,1.0
near_critical,near_critical,176,9143746805.900778,16392.0,0.3376482139503464,16367.0,36971.566928182205,32.25170460606646,1.0
near_critical,near_critical,177,9179896363.548828,16392.0,0.33614660181453726,16372.0,37190.09889993201,31.70519058449662,1.0
near_critical,near_critical,178,9154514288.79973,16389.0,0.33741310272970054,16373.0,37031.24713409748,32.62855920092519,1.0
near_critical,near_critical,179,9172038102.08021,16393.0,0.3368835677820761,16373.0,37110.069810039175,32.73650196200265,1.0
near_critical,near_critical,180,9187271965.622274,16388.0,0.3365763328631826,16374.0,37131.09551965921,32.71912389677235,1.0
near_critical,near_critical,181,9151815599.060532,16391.0,0.338360488587358,16372.0,36999.25922393685,32.57951863379242,1.0
near_critical,near_critical,182,9201072041.150557,16391.0,0.3346873237866435,16378.0,37252.97118256995,32.590742502052755,1.0
near_critical,near_critical,183,9114286337.538692,16390.0,0.3396856190217873,16375.0,36910.57622780412,32.11642350536421,1.0
near_critical,near_critical,184,9184976583.521719,16396.0,0.337030934247405,16374.0,37077.74330355619,32.94593176244835,1.0
near_critical,near_critical,185,9198077705.113617,16386.0,0.3345870126839344,16373.0,37213.418297039876,33.41687225242992,1.0
near_critical,near_critical,186,9115428083.517746,16391.0,0.3379309266528256,16369.0,36884.344610069,32.77709602808441,1.0
near_critical,near_critical,187,9156884725.147429,16392.0,0.33630789617033613,16373.0,37071.10039113796,31.71445599701949,1.0
near_critical,near_critical,188,9156686747.460035,16392.0,0.33760989071740827,16372.0,36959.25287636058,32.77028537428786,1.0
near_critical,near_critical,189,9179008606.650269,16391.0,0.33615322686467725,16373.0,37142.28660002056,32.76543959442598,1.0
near_critical,near_critical,190,9165123538.382875,16389.0,0.3364965307903668,16368.0,37055.64630120215,32.95316563042722,1.0
near_critical,near_critical,191,9107952963.647388,16386.0,0.3394992626361254,16375.0,36848.695145696256,32.22055006292609,1.0
near_critical,near_critical,192,9154672592.537563,16393.0,0.337276518636864,16371.0,37085.57080391374,31.78181984652571,1.0
near_critical,near_critical,193,9187445890.411343,16391.0,0.3342306809699681,16371.0,37205.763642705344,34.2385639634877,1.0
near_critical,near_critical,194,9164872394.666206,16394.0,0.337121183065859,16373.0,37086.804407566204,31.9973205660072,1.0
near_critical,near_critical,195,9163056097.702908,16389.0,0.3374331815528792,16372.0,37085.080165914886,32.04956806071473,1.0
near_critical,near_critical,196,9163874941.209848,16394.0,0.3362826824336466,16369.0,37133.26319080587,33.323260597114704,1.0
near_critical,near_critical,197,9145297387.790987,16391.0,0.3372972836171726,16370.0,37042.949104819425,32.37817205258004,1.0
near_critical,near_critical,198,9132806811.63126,16391.0,0.33732609419040904,16370.0,37028.95500396926,33.28214255789675,1.0
near_critical,near_critical,199,9182386637.145905,16391.0,0.33690840096337454,16374.0,37114.69467798104,32.20977750580047,1.0
near_critical,near_critical,200,9153021285.592617,16390.0,0.3365614128369487,16374.0,37067.94836753539,33.85742643058165,1.0
near_critical,near_critical,201,9175221745.109407,16394.0,0.33657763709960925,16374.0,37122.256080543244,32.40780533565166,1.0
near_critical,near_critical,202,9148191885.826685,16389.0,0.3366546995187603,16370.0,37066.03969708839,33.01592865900402,1.0
near_critical,near_critical,203,9144423928.039719,16391.0,0.33702192599737524,16370.0,37052.85669370824,33.46871554952695,1.0
near_critical,near_critical,204,9158244313.87798,16390.0,0.3367500973582475,16373.0,37085.95825911418,33.24240041775457,1.0
near_critical,near_critical,205,9198452211.192223,16390.0,0.3348065499782002,16375.0,37216.23941932878,32.948439493615204,1.0
near_critical,near_critical,206,9149367338.967312,16388.0,0.3373032338050633,16374.0,37009.31798091491,31.795755438613796,1.0
near_critical,near_critical,207,9162094286.27003,16393.0,0.33693830810828496,16376.0,37076.995676797684,33.10224721954585,1.0
near_critical,near_critical,208,9131797896.120068,16388.0,0.3380457996829609,16372.0,36981.283181623585,32.45145297760136,1.0
near_critical,near_critical,209,9143349481.38395,16387.0,0.336890902941642,16371.0,37003.413466109356,32.486996937094986,1.0
near_critical,near_critical,210,9173972938.629139,16392.0,0.33663161978759454,16371.0,37168.522518064645,32.538596147300794,1.0
near_critical,near_critical,211,9173818924.631235,16389.0,0.33717474490151766,16376.0,37042.547531837576,32.54029876694404,1.0
near_critical,near_critical,212,9152443645.154009,16389.0,0.338359572368791,16375.0,37042.827905003134,33.26436816679687,1.0
near_critical,near_critical,213,9183650745.280443,16392.0,0.33578326056265506,16370.0,37165.239282593255,32.50275337516003,1.0
near_critical,near_critical,214,9173758527.03487,16389.0,0.3368773764526821,16374.0,37089.03011766908,32.98815706156688,1.0
near_critical,near_critical,215,9126163591.461836,16390.0,0.3386106563855036,16365.0,36924.15643371947,32.28863112954013,1.0
near_critical,near_critical,216,9172796402.130205,16392.0,0.337341686858987,16376.0,37077.8469260855,32.268168517291116,1.0
near_critical,near_critical,217,9142097110.017548,16392.0,0.33891600440766356,16366.0,36989.795479620996,33.33153361860583,1.0
near_critical,near_critical,218,9167043864.557037,16391.0,0.33614999016658725,16372.0,37151.35502132709,33.29182355974953,1.0
near_critical,near_critical,219,9169611034.373175,16391.0,0.3368588033306295,16374.0,37038.14908194445,32.32109461133459,1.0
near_critical,near_critical,220,9153189518.392483,16392.0,0.3363911479308287,16370.0,37119.37590418274,33.03540670085021,1.0
near_critical,near_critical,221,9186997661.370169,16390.0,0.33591083525442816,16370.0,37140.06781335862,32.165080374226875,1.0
near_critical,near_critical,222,9167581384.468462,16393.0,0.3361942620057432,16373.0,37100.89643644758,32.810806592860004,1.0
near_critical,near_critical,223,9173595362.831066,16390.0,0.335048213703715,16373.0,37174.92497146989,33.97066424565305,1.0
near_critical,near_critical,224,9140165906.893354,16391.0,0.3376467355438352,16370.0,36969.344870125875,31.938687847305594,1.0
near_critical,near_critical,225,9184373029.008444,16390.0,0.3361024970478146,16372.0,37148.75018416478,32.48667187249523,1.0
near_critical,near_critical,226,9177068701.745275,16391.0,0.3354301996165666,16376.0,37216.60205207395,33.95388610891699,1.0
near_critical,near_critical,227,9141136889.62862,16386.0,0.33856756759340595,16371.0,36934.42180976576,33.06388514423315,2.0
near_critical,near_critical,228,9132370399.389584,16390.0,0.3388068021621276,16366.0,37011.72505559755,32.01364985234331,1.0
near_critical,near_critical,229,9140595195.773197,16395.0,0.3374081903189492,16376.0,36992.590709683216,32.52342970781696,1.0
near_critical,near_critical,230,9168687583.196121,16389.0,0.33537463479099006,16372.0,37141.55833377515,32.317308176294176,1.0
near_critical,near_critical,231,9184401618.66872,16394.0,0.3343611456765895,16372.0,37204.78682281728,34.00000838592971,1.0
near_critical,near_critical,232,9123646061.595825,16390.0,0.3380475064677212,16373.0,36950.962338272366,32.08973078711932,1.0
near_critical,near_critical,233,9161776212.705078,16391.0,0.3358158284107969,16376.0,37113.34281907775,33.68281893858523,1.0
near_critical,near_critical,234,9125845764.736502,16392.0,0.33777858433544605,16373.0,36954.6327884686,32.11522192329954,1.0
near_critical,near_critical,235,9162438258.150476,16389.0,0.33688642875290203,16374.0,37082.04625217867,32.42673257558655,1.0
near_critical,near_critical,236,9146142601.33937,16391.0,0.3369351624452816,16373.0,36999.359248134126,31.951578777209505,1.0
near_critical,near_critical,237,9133064836.312027,16392.0,0.3380342206086481,16375.0,36980.91873846177,32.937185106238985,1.0
near_critical,near_critical,238,9174088123.574694,16390.0,0.33509875694906033,16370.0,37136.001409575525,34.105141647841954,1.0
near_critical,near_critical,239,9177676408.695541,16390.0,0.337179991964391,16372.0,37114.20134438566,32.58643156985364,1.0
near_critical,near_critical,240,9186028128.561567,16389.0,0.33487285503258923,16373.0,37188.17046636462,32.54549743700084,1.0
near_critical,near_critical,241,9105430336.480293,16390.0,0.3396503954493726,16371.0,36901.71536046917,32.5852656573263,1.0
near_critical,near_critical,242,9152571274.993599,16391.0,0.3378247799840996,16374.0,37018.47287041958,32.14180448663403,1.0
near_critical,near_critical,243,9155199131.13628,16387.0,0.33600169863718365,16371.0,37073.90439973848,32.87278763325157,1.0
near_critical,near_critical,244,9165836861.574257,16389.0,0.336646529030687,16373.0,37115.247970542834,32.617697143718146,1.0
near_critical,near_critical,245,9114127049.744751,16391.0,0.33893422365670556,16370.0,36906.12770422684,31.756614332610916,1.0
near_critical,near_critical,246,9152908999.720516,16392.0,0.33594979286123366,16368.0,37090.066965474885,32.86283826925445,1.0
near_critical,near_critical,247,9167886801.73218,16396.0,0.3360598319598589,16376.0,37119.49343374026,32.04949062741534,1.0
near_critical,near_critical,248,9162205741.226027,16391.0,0.33747893092992404,16369.0,37049.70027868251,32.484896500946206,1.0
near_critical,near_critical,249,9141874385.536427,16389.0,0.33733185264739496,16372.0,37006.37913683629,32.394755579310505,1.0
